,,,Profil Wilayah,,,,,,,Topografi Mayoritas,Jumlah Desa,,,,Batas Wilayah,,,,,,Pemerintahan,,,,Pemilu 2024,DPRD,,,,,,,,,Pendapatan Daerah,,,,,,,,,,,,,,,,,,,,,Belanja Daerah,,,,,,,,,,,,Pendudukan / SDM,Penduduk per Jenis Kelamin,,Penduduk per Kelompok Umur,,,,,,,,,,,,,,,,,Profil Angkatan Kerja,,,,,,,Angka IPM,,,Ekonomi,,,,Jumlah Penduduk Miskin,,,,,,,PDRB per Industri,Harga Berlaku,,,,,,,,,,,,,,,,
No,Provinsi,Kabupaten / Kota,Nama Walikota/Bupati,Nama Wakil,Jumlah Penduduk,Jumlah Keluarga,Penduduk / Keluarga,Kepadatan Penduduk,Luas Wilayah (Km),Dataran,Lembah,Lereng,Puncak/Tebing,Total Desa,Utara,Selatan,Timur,Barat,Elevasi,Curah hujan,Kecamatan,Desa / Kelurahan,RW dan Setingkatnya,RT dan Setingkatnya,Partai Demokrat,Perjuangan (PDIP),Partai Golongan Karya (GOLKAR),Partai Keadilan Sejahtera (PKS),Partai Persatuan Pembangunan (PPP) dan Amanat Nasional (PAN),Partai Hati Nurani Rakyat (HANURA),Partai Kebangkitan Bangsa (PKB),Partai Nasional Demokrat,Partai Bulan Bintang (PBB),Partai Gerakan Indonesia Raya (Gerindra),Jumlah Pendapatan / Total of Revenues,1. Pendapatan Asli Daerah (PAD) / Regional Revenue,1.1 Pajak Daerah / Regional Tax,1.2 Retribusi Daerah / Regional Retribution,1.3 Hasil Perusahaan Milik Daerah dan Pengelolaan Kekayaan Daerah yang Dipisahkan / Regional-Owned Company Revenue and Separated Management of Regional Wealth,1.4 Lain-lain PAD yang Sah / Other Regional Revenue,2. Pendapatan Transfer / Transfer Revenue,2.1 Bagi Hasil Pajak / Tax Sharing Revenue,2.2 Bagi Hasil Bukan Pajak/Sumber Daya Alam / Non-Tax Sharing Revenue/Natural Resources,2.3 Dana Alokasi Umum / General Allocation Fund,2.4 Dana Alokasi Khusus / Special Allocation Fund,2.5 Dana Insentif Daerah,2.6 Dana Penyesuaian dan Otonomi Daerah / Regional Adjustment and Autonomy Fund,2.7 Insentif Fiskal,2.8 Dana Desa / Village Fund,2.9 Dana Bagi Hasil Pajak dari Provinsi dan Pemerintah Daerah Lainnya / Tax Sharing Revenue from Provincial and Other Regional Governments,2.10 Bantuan Keuangan dari Provinsi atau Pemerintah Daerah Lainnya / Financial Assistance from Provincial or Other Regional Governments,3. Lain-lain Pendapatan yang Sah / Other Revenue,3.1 Pendapatan Hibah / Grant,3.2 Dana Darurat / Emergency Fund,3.6 Lainnya / Others,1. Belanja Operasi / Operational Expenditures,1.1 Belanja Pegawai / Personnel Expenditures,1.2 Belanja Barang dan Jasa / Goods and Services Expenditures,1.3 Belanja Bunga / Interest Expenditures,1.4 Belanja Subsidi / Subsidies Expenditures,1.5 Belanja Hibah / Grant Expenditures,1.6 Belanja Bantuan Sosial / Social Aid Expenditures,2. Belanja Modal / Capital Expenditures,3. Belanja Tidak Terduga / Unpredicted Expenditures,"4. Belanja Transfer, Bantuan Keuangan, dan Bagi Hasil",4.1 Belanja Bagi Hasil / Sharing Fund Expenditures,4.2 Belanja Bantuan Keuangan / Financial Aids Expenditures,Total,Laki-Laki,Wanita,Total,0–4,5–9,10–14,15–19,20–24,25–29,30–34,35–39,40–44,45–49,50–54,55–59,60–64,65–69,70–74,75+,I. Angkatan Kerja / Labour Force,Bekerja / Working,Pengangguran Terbuka / Unemployment,II. Bukan Angkatan Kerja / Not in Labour Force,Sekolah / Attending School,Mengurus Rumah Tangga / Housekeeping,Lainnya / Others Activities,Total,Laki-Laki,Wanita,PDRB per Kapita,Pertumbuhan Ekonomi,Realisasi investasi (Jutaan Rp),UMK,Total,Desil 1,Desil 2,Nilai Gini Ratio,Garis Kemiskinan (rupiah/kapita/bulan),Jumlah Penduduk Miskin (ribu),Persentase Penduduk Miskin,Produk Domestik Regional Bruto (Jutaan),"A. Pertanian, Kehutanan, dan Perikanan",B. Pertambangan dan Penggalian,C. Industri Pengolahan,D. Pengadaan Listrik dan Gas,"E. Pengadaan Air, Pengelolaan Sampah, Limbah dan Daur Ulang",F. Konstruksi,G. Perdagangan Besar dan Eceran; Reparasi Mobil dan Sepeda Motor,H. Transportasi dan Pergudangan,I. Penyediaan Akomodasi dan Makan Minum,J. Informasi dan Komunikasi,K. Jasa Keuangan dan Asuransi,L. Real Estate,"M,N. Jasa Perusahaan","O. Administrasi Pemerintahan, Pertahanan dan Jaminan Sosial Wajib",P. Jasa Pendidikan,Q. Jasa Kesehatan dan Kegiatan Sosial,"R,S,T,U. Jasa lainnya"
,,,,,,,,,,,,,,,,,,,,,,,,,,,,,,,,,,,,,,,,,,,,,,,,,,,,,,,,,,,,,,,,,,,,,,,,,,,,,,,,,,,,,,,,,,,,,,,,,,,,,,,,,,,,,,,,,,,,,,,,,,,,,,
1,ACEH,BIREUEN,"H. Mukhlis, ST","Ir H Razuardi, MT","470,358","133,060",3.5,261.8,"1,796.97",510,0,99,0,609,Selat Malaka,Aceh Tengah,Aceh Utara,Piddie Jaya,,N/A,17,609,,,2,N/A,9,4,1,N/A,7,5,N/A,N/A,"2,028,947,607,938.58","192,053,853,900.58","30,118,357,259.80","14,848,183,820.00","4,229,298,716.00","142,858,014,104.78",N/A,"25,587,134,000.00",N/A,"890,725,305,874.00","310,738,452,485.00","18,388,780,000.00","45,984,720,290.00",N/A,"462,263,930,000.00","52,287,466,075.00","734,765,069.00","609,842,861,679.00",N/A,N/A,"30,183,200,245.00",N/A,"743,835,644,366.00","422,999,257,467.34",N/A,"911,250,000.00","145,493,679,813.00","12,941,194,220.00","206,259,071,445.00",N/A,N/A,"4,608,547,300.00","553,678,076,700.00",,"230,093","234,683","470,358","41,897","40,581","41,473","37,943","38,388","38,042","37,271","35,555","32,095","28,965","26,040","22,130","17,482","13,067","9,540","9,889","231,026","222,195.00","8,831.00","111,247.00","24,092.00","69,048.00","18,107.00",76.29,N/A,N/A,42.65,3.26,,,"172,865","54,387","118,478",N/A,"Rp503,866",51.6,10.3,"19,823,760.00","6,865,880.00","381,910.00","267,800.00","14,280.00","11,330.00","1,594,790.00","4,538,120.00","1,895,850.00","265,850.00","415,180.00","222,940.00","531,750.00","60,000.00","1,650,600.00","343,500.00","563,920.00","200,060.00"
2,ACEH,ACEH UTARA,"H. Ismail A. Jalil, SE, MM","Tarmizi, S.I.Kom","645,802","183,173",3.5,239.4,"2,705.26",718,4,130,0,852,Selat Malaka dan Lhokseumawe,Bener Meriah,Aceh Timur,Bireuen,,213.4,27,852,,,2,N/A,4,1,2,N/A,3,2,N/A,2,"2,421,545,964,260.00","245,117,417,380.00","76,435,021,940.00",N/A,N/A,N/A,N/A,N/A,N/A,N/A,N/A,N/A,N/A,N/A,"528,242,999,600.00",N/A,"67,569,051,000.00","56,028,248,340.00",N/A,"4,000,000,000.00","52,028,248,340.00",N/A,"1,003,155,592,010.00","515,967,533,490.00",N/A,"1,088,100,000.00","43,473,094,470.00","15,487,282,220.00","187,332,651,290.00","8,660,500,000.00",N/A,"4,926,228,740.00","633,710,590,960.00",,"322,625","324,994","645,802","56,644","57,234","55,550","54,486","56,394","55,129","51,669","49,832","43,220","38,697","34,198","28,536","22,717","16,903","11,796","12,797","280,475","261,175.00","19,300.00","190,255.00","34,383.00","108,583.00","47,289.00",74.29,N/A,N/A,48.218,0.94,,,"216,018","69,459","146,559",N/A,"Rp483,719",94.43,14.3,"30,787,030.00","11,401,680.00","5,705,710.00","2,252,480.00","22,680.00","8,700.00","1,286,250.00","3,720,650.00","1,694,740.00","183,930.00","413,460.00","430,850.00","803,050.00","74,100.00","1,060,330.00","590,240.00","795,230.00","342,930.00"
3,ACEH,BENER MERIAH,Ir. H. Tagore Abubakar,Ir. H. Armia,"177,600","48,965",3.6,93.0,"1,909.37",18,4,209,1,232,Aceh Utara dan Bireuen,Aceh Tengah,Aceh Timur,Aceh Tengah,,N/A,10,232,,,2,N/A,4,2,1,3,3,4,N/A,3,"957,933,924,654.00","76,756,470,591.00","14,412,496,317.00","3,418,641,316.00","3,080,202,555.00","49,154,771,863.00",N/A,"6,481,044,000.00","6,530,985,000.00","454,880,027,850.00","155,073,942,717.00",N/A,"210,550,696,960.00",N/A,N/A,"23,157,873,088.00","1,779,709,926.00","256,792,826,497.00","603,819,731.00","4,000,000,000.00","16,700,726,792.00",N/A,N/A,N/A,N/A,N/A,N/A,N/A,N/A,N/A,N/A,N/A,N/A,,"88,596","86,228","177,600","16,220","15,516","16,410.00","15,718","14,373","13,965","13,110","12,931","12,543","12,675","10,730","7,771","5,874","4,195","2,741","2,828","105,640","103,422.00","2,218.00","21,528.00","11,265.00","6,842.00","3,421.00",77.48,N/A,N/A,40.35,2.38,,,"43,905","14,145","29,760",N/A,"Rp602,421",25.59,16.2,"7,053,890.00","3,932,120.00","47,310.00","142,170.00","5,060.00","1,550.00","924,360.00","438,750.00","331,790.00","32,620.00","75,040.00","147,350.00","120,210.00","14,170.00","511,420.00","115,450.00","141,920.00","72,590.00"
4,ACEH,SIMEULUE,"Mohammad Nasrun Mikaris, S.H., M.H","Nusar Amin, S.Pd","101,604","25,937",3.9,55,"1,838.10",138,0,0,0,138,Selat Simeulue dan Aceh Barat,Samudra Hindia,Selat Simeulue dan Aceh Selatan,Samudra Hindia,,N/A,10,138,,,N/A,N/A,N/A,N/A,N/A,N/A,N/A,N/A,N/A,N/A,"828,613,591,392.00","71,692,529,123.00","6,278,177,236.00","1,065,927,099.00","5,161,472,121.00","59,186,952,667.00",N/A,"15,993,307,384.00",N/A,"434,857,160,255.00","123,634,254,121.00",N/A,"126,177,574,404.00",N/A,N/A,"28,118,224,322.00","15,174,000,000.00","182,436,340,509.00","41,826,512.00",N/A,"12,924,715,271.00",N/A,N/A,"244,098,264,245.00","210,000,000.00","7,464,000.00","9,098,376,156.00","10,314,802,258.00","75,869,452,231.00","1,588,417,500.00",N/A,N/A,"150,328,236,201.00",,"49,920","47,609","101,604","10,109","8,457","8,194","8,547","9,547","8,919","7,909","7,312","7,099","6,558","5,312","4,410","3,535","2,572","1,609","1,515","52,020","49,258","2,762","21,872.00","5,472.00","11,857.00","4,543.00",71.94,N/A,N/A,35.25,3.81,,,"27,334","8,472","18,862",N/A,"Rp586,505",22.5,N/A,"3,437,910.00","1,379,210.00","45,070.00","45,810.00","5,640.00",460.00,"267,130.00","447,990.00","83,540.00","58,170.00","126,650.00","55,670.00","110,980.00","4,590.00","486,900.00","118,210.00","168,670.00","33,230.00"
5,ACEH,ACEH SINGKIL,"H. Safriadi Oyon, S.H.","H. Hamzah Sulaiman, S.H.","140,432","32,898",4.3,76,"1,857.88",45,4,70,0,118,Subulussalam,Samudera Indonesia,Sumatera Utara,Aceh Selatan,,N/A,11,118,,,2,1,3,2,1,3,3,4,N/A,3,"547,990,143,168.00","47,044,058,036.00","16,628,983,456.00","3,490,099,972.00","2,543,224,877.00","36,732,897,633.77",N/A,"20,922,326,206.00",N/A,"462,426,610,823.00","13,597,148,103.00",N/A,N/A,N/A,N/A,N/A,N/A,"4,000,000,000.00",N/A,"4,000,000,000.00",N/A,N/A,"368,510,511,242.00","185,340,209,503.80",N/A,"1,500,000,000.00","25,817,729,103.00","5,173,529,383.00","68,041,762,569.00","4,229,576,583.00",N/A,"1,428,974,567.00","139,654,993,900.00",,"69,770","68,300","140,432","15,709","13,519","13,442","13,055","13,183","12,402","10,912","9,616","9,142","8,139","6,676","5,031","3,896","2,587","1,751","1,372","2,714,515","2,561,329","153,186","1,441,426","347,543.00","810,107.00","283,776.00",72.62,N/A,N/A,27.12,3.52,,,"35,933","11,053","24,880",N/A,"Rp619,322",22.51,17.1,"3,744,490.00","1,325,680.00","38,930.00","242,670.00","5,410.00","1,600.00","309,040.00","446,040.00","202,630.00","46,410.00","119,080.00","69,680.00","97,070.00","20,840.00","519,150.00","100,130.00","158,760.00","41,060.00"
6,ACEH,ACEH SELATAN,"H. Mirwan M.S., S.E., M.Sos.",Baital Mukadis,"246,901","67,851",3.6,59,"4,173.82",120,7,133,0,260,Aceh Barat Daya dan Gayo Lues,Subussalam dan Aceh Singkil,Aceh Tenggara,Samudra Hindia,,N/A,18,260,,,3,N/A,3,1,5,N/A,4,4,N/A,1,"965,466,528,685.34","205,134,970,297.34","25,804,804,764.96","29,057,351,874.00","4,192,945,886.00","146,079,867,772.38",N/A,"16,837,464,500.00","16,837,464,500.00","632,553,935,135.00","38,226,447,313.00",N/A,"44,557,549,000.00",N/A,N/A,"27,403,702,882.00","752,459,558.00","72,713,711,440.00",N/A,N/A,N/A,N/A,"435,059,168,224.00","353,029,026,177.00",N/A,"1,323,330,000.00","51,928,176,367.00","4,821,191,496.00","111,163,245,645.00","6,482,801,078.00",N/A,"3,949,673,800.00","230,570,665,140.00",,"120,527","120,086","246,901","21,785","18,850","18,429","17,782","19,934","22,249","20,392","18,074","16,699","16,045","15,237","13,034","10,432","7,668","5,003","5,288","110,622.00","105,761.00","4,861.00","75,848.00","11,327.00","50,962.00","13,559.00",72.79,N/A,N/A,29.08,3.21,,,"67,773","21,514","46,259",N/A,"Rp538,174",25.4,9.9,"8,035,000.00","2,635,000.00","205,000.00","247,000.00","5,000.00","2,000.00","1,159,000.00","1,228,000.00","380,000.00","43,000.00","319,000.00","170,000.00","275,000.00","37,000.00","842,000.00","234,000.00","147,000.00","107,000.00"
7,ACEH,ACEH TENGGARA,"H. M. Salim Fakhry, S.E., M.M.",dr. Heri Al Hilal,"241,328","67,358",3.6,58,"4,179.12",252,17,115,1,385,Gayo Lues dan Langkat,"Subussalam, Aceh Selatan dan Tanah Karo",Langkat dan Tanah Karo,Aceh Selatan dan Subussalam,,N/A,16,385,,,N/A,N/A,N/A,N/A,N/A,N/A,N/A,N/A,N/A,N/A,"1,200,726,300,736.42",N/A,"16,603,573,372.00","1,905,601,468.00","2,307,395,861.00","61,538,385,115.10",N/A,"6,200,185,000.00","6,949,736,000.00","576,427,196,314.00","173,147,286,138.00",N/A,N/A,N/A,"267,679,738,500.00","23,696,932,189.00","306,000,000.00",N/A,"4,404,239,044.00",N/A,"13,779,502,135.00",N/A,"465,386,034,755.00","322,968,875,271.87",N/A,N/A,"24,972,894,067.00","20,000,000.00","61,972,133,034.00","4,537,535,600.00",N/A,N/A,"317,542,799,456.00",,"119,721","118,189","241,328","24,382","19,848","21,400","21,645","21,750","21,214","19,629","17,323","15,583","14,662","12,342","10,256","7,857","6,090","3,986","3,361","122,626.00","116,840.00","5,786.00","50,505.00","13,291.00","15,184.00","22,030.00",74.36,N/A,N/A,27.10,3.59,,,"74,973","24,666","50,307",N/A,"Rp502,074",22.5,9.8,"7,230,210.00","3,186,110.00","58,630.00","133,100.00","6,720.00","1,100.00","371,480.00","1,024,400.00","304,700.00","49,250.00","107,200.00","179,120.00","248,350.00","24,780.00","923,720.00","187,100.00","288,090.00","136,360.00"
8,ACEH,ACEH TIMUR,"Iskandar Usman Al-Farlaky, S.Hi., M.Si.","T. Zainal Abidin, S.Pd.I., M.H.","454,431","121,794",3.7,75,"6,040.60",431,2,82,0,515,Aceh Utara dan Selat Malaka,Aceh Tamiang dan Gayo Lues,Aceh Tamiang dan Langsa,Bener Meriah dan Aceh Utara,,132.2,24,513,,,3,N/A,3,2,2,N/A,5,5,N/A,5,N/A,"24,855,378,664.01","18,927,996,000.00","356,705,320.00","2,830,249,722.00","27,429,656,010.00","1,715,510,194,490.00",N/A,N/A,N/A,N/A,N/A,N/A,N/A,N/A,N/A,N/A,"27,429,656,010",N/A,N/A,N/A,"17,448,088,080.00","13,629,401,746.00","3,818,686,334.00",N/A,N/A,N/A,N/A,"174,965,000,000.00","478,914,600,000.00",N/A,N/A,"471,451,906,000.00",,"237,710","234,392","454,431","40,260","43,275","42,751","42,296","41,603","37,469","34,802","34,056","30,728","26,712","23,195","18,430","14,819","10,611","7,123","6,301",N/A,N/A,N/A,N/A,N/A,N/A,N/A,72.20,N/A,N/A,31.51,N/A,,,"117,040","37,005","80,035",N/A,"Rp564,943",52.2,11.2,"15,720,960.00","7,377,090.00","688,150.00","714,620.00","14,550.00","5,940.00","993,310.00","1,439,500.00","799,400.00","202,490.00","334,020.00","260,900.00","596,870.00","37,550.00","1,298,380.00","293,300.00","459,020.00","206,870.00"
9,ACEH,ACEH TENGAH,"Drs. Haili Yoga, M.Si.","Muchsin Hasan, M.SP.","232,425","63,651",3.7,52,"4,454.04",20,6,269,0,295,Bener Meriah,Gayo Lues,Aceh Timur,Nagan Raya,,N/A,14,295,,,2,2,5,4,3,1,2,5,1,4,N/A,N/A,N/A,N/A,N/A,N/A,N/A,N/A,N/A,N/A,N/A,N/A,N/A,N/A,N/A,N/A,N/A,N/A,N/A,N/A,N/A,N/A,N/A,N/A,N/A,N/A,N/A,N/A,N/A,N/A,N/A,N/A,N/A,,"119,551","117,315","232,425","20,904","20,848","20,647","19,414","19,279","19,267","17,587","16,387","15,507","15,522","13,963","10,933","8,289","5,868","3,833","4,177","130,152.00","124,911.00","5,241.00","37,581.00",N/A,N/A,N/A,78.09,N/A,N/A,50.10,N/A,,,"54,575","17,903","36,672",N/A,"Rp636,315",27.8,14.3,"11,504,000.00","5,450,000.00","107,000.00","272,000.00","8,000.00","5,000.00","1,122,000.00","1,547,000.00","421,000.00","247,000.00","288,000.00","231,000.00","277,000.00","49,000.00","921,000.00","195,000.00","232,000.00","132,000.00"
10,ACEH,ACEH BARAT,"Tarmizi, S.P., M.M.","Said Fadheil, S.H.","210,738","61,688",3.4,72,"2,927.95",241,11,69,0,321,Piddie dan Aceh Jaya,Nagan Raya ,Aceh Tengah dan Nagan Raya,Samudera,,N/A,12,322,,,2,N/A,5,1,5,N/A,N/A,2,N/A,4,"1,379,924,952,000.0","197,825,755,000.00","57,447,020,000.00","9,978,525,000.00","3,783,984,000.00","126,616,226,000.00",N/A,"123,747,758,000.00",N/A,"593,657,113,000.00","168,004,703,000.00",N/A,"43,646,838,000.00",N/A,"206,061,903,000.00","28,587,045,000.00","6,191,599,000.00","12,202,238,000.00",N/A,N/A,N/A,"910,981,204,000.00","591,516,889,000.00","280,993,892,000.00",N/A,"2,468,775,000.00","27,616,948,000.00","8,384,700,000.00","228,608,124,000.00","6,790,261,000.00","296,794,409,000.00","6,382,182,000.00","290,412,227,000.00",,"106,286","104,693","210,738","17,438","16,824","16,576","17,444","15,865","15,927","16,414","16,061","15,520","14,710","13,389","11,383","8,851","6,229","4,029","4,078","96,060.00","90,813.00","5,247.00","62,176.00","14,332.00","33,688.00","14,156.00",76.30,N/A,N/A,71.02,4.4,,,"58,874","20,186","38,688",N/A,"Rp652,009",34.6,15.5,"14,828,760.00","4,630,700.00","3,492,130.00","274,760.00","12,650.00","3,050.00","1,144,590.00","1,918,630.00","607,810.00","159,640.00","291,360.00","223,300.00","315,430.00","43,340.00","1,045,030.00","250,330.00","348,880.00","67,140.00"
11,ACEH,ACEH BESAR,H. Muharram Idris,Drs. H. Syukri A. Jalil,"439,753","129,735",3.4,151,"2,903.49",572,3,28,0,603,Selat Malaka dan Banda Aceh,Aceh Jaya,Piddie,Samudera Indonesia,,208.8,23,603,,,3,N/A,2,5,1N/A,N/A,6,3,2,N/A,"2,153,833,659,207.70","186,826,672,035.97","139,342,791,662.80","31,476,729,055.00","5,916,175,578.00","10,090,975,740.17",N/A,"24,739,880,000.00",N/A,"806,782,895,649.00","235,415,492,938.00",N/A,N/A,N/A,"386,221,429,920.00","45,601,525,637.00","51,397,717,832.00","30,626,615,276.00",N/A,"4,000,000,000.00","26,626,615,276.00","1,008,828,850,434.24","547,225,341,552.00","390,093,254,520.24",N/A,N/A,"50,311,745,864.00","21,198,508,498.00","123,320,625,170.00","1,233,283,000.00","514,655,440,830.00",N/A,N/A,,"227,130","255,940","439,753","35,619","38,646","38,184","40,081","34,691","31,525","33,801","34,300","32,918","29,160","25,643","20,690","16,494","11,376","7,912","8,713","215,579.00","198,632.00","16,947.00","106,331.00","32,701.00","55,803.00","17,827.00",77.46,N/A,N/A,42.99,3.0,,,"106,216","32,061","74,155",N/A,"Rp598,160",49.9,11.1,"19,555,160.00","4,415,390.00","1,046,760.00","457,390.00","11,810.00","10,390.00","3,449,010.00","3,249,850.00","2,122,120.00","415,570.00","732,910.00","237,720.00","1,121,560.00","55,310.00","1,213,540.00","324,280.00","448,150.00","243,400.00"
12,ACEH,PIDIE,"H. Sarjani Abdullah, S.H.",Alzaizi,"461,254","131,279",3.5,145,"3,184.46",680,2,49,0,731,Selat Malaka,Kabupaten Aceh Barat dan Aceh Jaya,Kabupaten Piddie Jaya,Kabupaten Aceh Besar,,187.5,23,731,,,4,N/A,4,1,3,N/A,4,4,N/A,5,"1,866,199,269,410.00","247,576,877,070.00","50,885,597,690.00","4,337,167,770.00","3,034,694,290.00","189,319,417,320.00",N/A,"9,142,527,000.00","13,743,386,000.00","901,565,473,300.00","198,256,102,960.00",N/A,N/A,"50,486,227,000.00","399,620,803,160.00",N/A,N/A,"4,000,000,000.00",N/A,"4,000,000,000.00",N/A,"1,207,625,638,030.00","817,158,592,190.00","316,287,362,030.00",N/A,"555,500,000.00","62,400,933,670.00","11,223,250,150.00","122,940,821,590.00","5,463,820,470.00","495,097,137,020.00","2,883,973,860.00","492,213,163,160.00",,"227,933","229,009","461,254","39,681","37,141","35,457","37,671","38,317","37,451","37,396","36,285","32,892","29,910","26,020","21,159","16,933","13,153","10,013","11,775","217,863.00","205,414.00","12,449.00","127,954.00","29,025.00","67,410.00","31,519.00",74.46,N/A,N/A,34.06,3.0,,,"243,475","74,982","168,493",N/A,"Rp618,445",77.7,16.5,"15,561,750.00","6,601,400.00","429,250.00","426,430.00","13,670.00","2,190.00","868,920.00","2,356,150.00","994,830.00","251,900.00","291,240.00","178,790.00","473,230.00","77,880.00","1,529,880.00","325,660.00","478,420.00","261,910.00"
13,ACEH,ACEH BARAT DAYA,"Dr. Safaruddin, S.Sos., M.S.P.","Zaman Akli, S.Sos., M.M.","163,464","44,584",3.7,87,"1,882.99",135,4,13,0,152,Kabupaten Gayo Lues,Samudera Hindia,Kabupaten Aceh Selatan,Kabupaten Nagan Raya,,248.9,9,152,,,2,N/A,3,2,4,3,3,2,N/A,4,N/A,"119,095,400,000.00","19,017,840,000.00","84,400,390,000.00","2,580,270,000.00","7,016,020,000.00",N/A,"4,047,710,000.00","13,138,710,000.00","2,008,170,000.00","443,724,110,000.00","118,448,800,000.00",N/A,"89,348,730,000.00","40,244,690,000.00","6,911,270,000.00",N/A,"22,938,780,000.00","337,370,000.00",N/A,"15,650,570,000.00",N/A,"354,755,020,000.00","206,315,880,000.00",N/A,N/A,"27,801,830,000.00","6,205,170,000.00","90,920,850,000.00","974,420,000.00",,"3,096,330,000.00","144,852,460,000.00",,"81,579","79,762","163,464","14,498","13,226","12,541","12,289","12,582","13,944","13,794","12,627","12,218","11,339","9,573","8,087","6,515","4,640","2,862","2,729","74,164.00","71,452.00","2,712.00","47,672.00","7,213.00","30,576.00","9,883.00",72.10,N/A,N/A,33.72,4.1,,,"42,508","13,560","28,948",N/A,"Rp525,947",21.5,13.3,"5,788,240.00","1,889,050.00","65,460.00","189,300.00","5,070.00",470.00,"726,120.00","1,050,700.00","366,450.00","54,860.00","113,760.00","115,480.00","147,540.00","16,160.00","508,560.00","157,230.00","202,470.00","179,570.00"
14,ACEH,GAYO LUES,"Suhaidi, S.Pd., M.Si.","H. Maliki, SE, M.AP","110,542","30,208",3.7,20,"5,549.91",19,9,120,0,148,"Kabupaten Aceh Tengah, Aceh Timur dan Kabupaten Nagan Raya","Kabupaten Aceh Selatan, Aceh Tenggara dan Aceh Barat Daya",Kabupaten Aceh Tamiang dan Kabupaten Langkat,"Kabupaten Aceh Barat Daya, Kabupaten Nagan Raya dan Kabupaten Aceh Selatan",,N/A,11,148,,,4,1,6,1,1,N/A,4,3,1,2,"569,148,138,467.08","63,191,518,804.08","9,380,071,209.09","43,337,124,924.35","3,598,356,115.00","6,875,966,555.64","491,629,432,132.00","20,371,593,988.00",N/A,"397,325,532,692.00","73,932,305,452.00",N/A,N/A,N/A,N/A,"7,640,677,000.00","2,686,510,531.00","14,327,187,531.00",N/A,"4,000,000,000.00",N/A,N/A,"312,331,518,603.00","173,322,007,540.25",N/A,"657,330,000.00","21,088,668,997.00","3,086,904,950.00","46,364,369,728.00","12,045,299,300.00",,N/A,"145,852,735,880.00",,"54,595","53,834","110,542","11,536","9,978","9,537","9,921","8,919","9,637","9,377","8,732","7,903","6,841","5,539","4,424","3,166","2,313","1,313","1,406","61,157.00","59,789.00","1,368.00","16,850.00","7,914.00","5,584.00","3,352.00",72.61,N/A,N/A,20.74,2.1,,,"43,713","14,433","29,280",N/A,"Rp567,201",16.6,16.8,"3,800,000.00","1,603,000.00","42,000.00","399,000.00","3,000.00","1,000.00","309,000.00","412,000.00","84,000.00","45,000.00","47,000.00","39,000.00","109,000.00","5,000.00","429,000.00","103,000.00","154,000.00","15,000.00"
15,ACEH,ACEH TAMIANG,"Irjen. Pol. (Purn.) Drs. Armia Pahmi, M.H.","Ismail, S.E.I.","316,534","85,363",3.7,162,"1,957.02",207,0,9,0,216,"Kabupaten Aceh Timur, Kota Langsa dan Selat Malaka",Kabupaten Langkat dan Kabupaten Gayo Lues,Kabupaten Langkat dan Selat Malaka,Kabupaten Aceh Timur dan Gayo Lues,,113.1,12,216,,,5,N/A,4,3,6,N/A,N/A,5,N/A,5,"1,189,971,224,985.00","128,079,311,717.00","22,791,236,309.00","83,036,421,831.00","4,078,935,542.00","18,172,718,035.00","921,762,243,310.00","82,143,798,000.00","19,986,038,000.00","560,981,977,108.00","258,650,430,202.00",N/A,"41,640,691,174.00",N/A,N/A,"45,182,134,657.00","538,841,718.00","140,129,669,958.47","26,921,886,225.00",N/A,"25,846,116,184.00","921,308,391,853.47","531,183,221,970.00","295,023,014,903.47",N/A,"1,000,000,000.00","80,971,663,728.00","13,130,491,252.00","208,552,080,456.00","3,696,000,000.00","243,457,318,384.00","2,952,039,352","243,457,318,384.00",,"160,389","156,145","316,534","27,263","27,011","26,547","27,196","27,419","26,772","24,267","22,254","21,955","20,490","18,084","15,152","12,405","9,406","5,919","4,394","159,589.00","148,501.00","11,088.00","69,185.00","19,459.00","44,592.00","5,134.00",74.00,N/A,N/A,38.38,4.3,,,"84,427","27,221","57,206",N/A,"Rp583,294",37.8,12.2,"12,005,780.00","5,321,890.00","1,590,260.00","1,087,360.00","8,010.00","5,610.00","504,100.00","1,014,180.00","435,410.00","167,240.00","277,030.00","117,210.00","401,580.00","32,440.00","400,730.00","222,640.00","236,240.00","183,850.00"
16,ACEH,NAGAN RAYA,"Dr. Teuku Raja Keumangan, S.H., M.H.",Raja Sayang,"180,440","51,797",3.5,51,"3,523.00",181,6,35,0,222,Kabupaten Aceh Barat dan Aceh Tengah,Samudera Indonesia,Kabupaten Gayo Lues dan Aceh Barat Daya,Kabupaten Aceh Barat,,300.8,10,222,,,3,1,4,1,4,N/A,1,3,N/A,1,N/A,"128,282,194,920.51","45,607,568,399.00","1,015,971,653.00","2,056,156,156.00","79,602,498,712.51",N/A,N/A,N/A,N/A,N/A,N/A,N/A,N/A,N/A,N/A,N/A,"4,000,000,000.00",N/A,"4,000,000,000.00",N/A,N/A,"432,818,430,809.00","317,079,768,507.00",N/A,N/A,"5,581,627,255.00","11,469,150,000.00","89,176,454,270.00","7,152,800,000.00",N/A,"1,683,060,051.00","201,842,066,394.00",,"91,679","90,274","180,440","15,498","14,467","14,181","14,278","13,800","14,508","14,216","13,578","13,228","12,972","11,240","8,900","6,915","5,531","3,489","3,639","86,644.00","82,262.00","4,382.00","48,173.00","10,236.00","32,749.00","5,188.00",73.10,N/A,N/A,74.57,4.4,,,"61,328","18,352","42,976",N/A,"Rp642,820",27.2,15.4,"13,307,880.00","6,917,810.00","1,496,230.00","606,890.00","8,060.00","1,060.00","1,024,370.00","1,130,160.00","403,520.00","47,360.00","202,670.00","136,590.00","265,570.00","27,760.00","520,530.00","232,990.00","229,310.00","57,030.00"
17,ACEH,ACEH JAYA,"Safwandi, S.Sos., M.AP.","Muslem D, SE.","102,242","30,939",3.3,26,"3,872.32",142,0,30,0,172,Kabupaten Aceh Besar dan Pidie,Samudera Indonesia dan Kabupaten Aceh Barat,Kabupaten Pidie dan Aceh Barat,Samudera Indonesia,,N/A,9,172,,,2,N/A,2,N/A,4,N/A,N/A,2,N/A,2,"843,484,483,900.00","78,353,926,100.00","13,886,717,500.00","6,247,943,700.00","6,899,613,400.00","51,319,651,500.00",N/A,"21,226,287,700.00",N/A,"420,267,279,300.00","97,527,573,900.00",N/A,N/A,N/A,N/A,"17,072,971,000.00","83,557,045,800.00","226,109,416,900.00","5,861,400.00",N/A,"125,473,538,700.00","542,952,678,300.00","351,382,035,700.00","159,092,006,000.00",N/A,"503,164,000.00","19,609,257,500.00","12,366,215,100.00","171,734,614,600.00","1,105,957,000.00","164,880,376,100.00","642,883,600.00","164,237,492,500.00",,"51,834","50,641","102,242","9,875","9,389","8,595","9,478","7,330","7,293","7,839","7,899","7,791","6,882","5,732","4,678","3,499","2,548","1,478","1,936","51,858.00","50,527.00","1,331.00","21,378.00",N/A,N/A,N/A,73.40,N/A,N/A,38.50,3.8,,,"38,367","12,816","25,551",N/A,"Rp542,092",10.5,10.4,"3,879,000.00","1,313,000.00","97,000.00","199,000.00","4,000.00","1,000.00","580,000.00","402,000.00","293,000.00","36,000.00","89,000.00","20,000.00","124,000.00","3,000.00","498,000.00","116,000.00","84,000.00","20,000.00"
18,ACEH,PIDIE JAYA,"H. Sibral Malasyi, M.A., S.Sos., M.E.","Hasan Basri, S.T., M.M.","170,580","48,317",3.5,179,952.12,161,4,57,0,222,Selat Malaka,"Kecamatan Tangse, Mane, dan Gerumpang Kabupaten Pidie",Kabupaten Bireuen,Kabupaten Pidie,,N/A,8,222,,,2,N/A,1,N/A,5,N/A,2,2,N/A,2,N/A,"117,640,769,000.00","17,433,061,000.00","2,752,007,000.00","2,580,274,000.00","94,875,426,000.00",N/A,N/A,N/A,N/A,N/A,N/A,N/A,N/A,N/A,N/A,N/A,"255,174,000.00","255,174,000.00","4,000,000,000.00",N/A,N/A,"339,292,357,000.00","273,493,073,000.00",N/A,N/A,"9,544,914,000.00","5,455,861,000.00","89,684,508,000.00","5,234,140,000.00",N/A,N/A,"203,337,285,000.00",,"84,135","87,971","170,580","15,631","14,311","13,498","13,473","14,176","14,072","13,272","13,355","12,201","11,010","9,341","7,596","6,049","4,658","3,601","4,336","733,783.00","731,000.00","2,783.00","49,943.00","11,974.00","27,178.00","10,791.00",77.04,N/A,N/A,29.75,2.6,,,"93,253","29,749","63,504",N/A,"Rp610,755",27.6,16.1,"5,014,530.00","2,391,810.00","66,930.00","172,340.00","4,860.00","1,130.00","281,010.00","570,550.00","234,820.00","61,800.00","127,040.00","35,700.00","180,200.00","13,500.00","555,280.00","167,350.00","117,410.00","32,770.00"
19,ACEH,KOTA BANDA ACEH,Illiza Sa'aduddin Djamal,Afdhal Khalilullah,"270,795","74,483",3.6,"4,413",61.36,90,0,0,0,90,Selat Malaka,Kabupaten Aceh Besar,Kabupaten Aceh Besar,Samudera Hindia,,N/A,9,90,,,5,N/A,3,5,7,N/A,1,5,N/A,4,"1,421,703,181,691.27","404,694,636,913.27","183,121,081,294.50","24,696,722,177.00","11,836,101,681.11","185,040,731,760.66","1,001,631,105,578.00",N/A,N/A,N/A,N/A,N/A,N/A,N/A,N/A,N/A,N/A,"15,377,439,200.00",N/A,N/A,"15,377,439,200.00","1,131,039,689,606.96","581,725,879,154.00","506,173,815,616.84","1,175,813,437.31","1,580,000,000.00","37,198,217,508.81","3,185,963,890.00","155,431,041,220.18",N/A,"138,055,492,124.00","1,901,427,305.00","136,154,064,819.00",,"134,451","133,511","270,795","21,248","24,948","23,900","23,986","19,007","18,982","21,517","23,656","22,094","18,258","15,322","12,630","10,149","6,840","4,490","3,768","128,485.00","119,102.00","9,383.00","69,138.00","23,313.00","39,657.00","6,168.00",89.55,N/A,N/A,104.36,4.7,,,"45,346","15,455","29,891",N/A,"Rp872,944",15.9,5.5,"27,963,460.00","513,850.00",N/A,"600,100.00","81,860.00","47,530.00","1,525,420.00","5,906,060.00","3,195,440.00","1,402,800.00","1,233,510.00","748,700.00","2,012,400.00","598,430.00","6,227,620.00","1,991,100.00","1,192,960.00","685,670.00"
20,ACEH,KOTA SABANG,H. Zulkifli H. Adam,Drs. H. Suradji Junus,"44,610","12,380",3.6,365,122.14,0,0,18,0,18,Selat Malaka,Selat Benggala,Selat Malaka,Samudera Indonesia,,134.4,3,18,,,3,N/A,1,4,2,N/A,N/A,N/A,3,N/A,"544,578,864,864.00","41,845,670,249.00","9,975,370,193.00","19,066,437,744.00","1,745,540,925.00","11,058,321,387.00","500,565,610,991.00",N/A,N/A,N/A,N/A,N/A,N/A,N/A,N/A,N/A,N/A,"2,167,583,624.00",N/A,N/A,"2,167,583,624.00","479,938,443,221.00","257,019,224,683.00","188,675,201,238.00",N/A,"1,536,001,250.00","11,528,921,893.00","21,179,094,157.00","61,244,736,565.00","200,000,000.00","55,729,845,324.00","1,759,732,360.00","53,970,112,964.00",,"21,577","21,412","44,610","3,760","4,004","3,877","3,857","3,677","3,083","3,070","3,317","3,540","3,295","2,700","1,980","1,507","1,144",890,909,"22,053.00","21,464.00",589.00,"10,409.00","2,546.00","5,880.00","1,983.00",80.04,N/A,N/A,44.82,3.7,,,"11,838","3,772","8,066",N/A,"Rp736,956",4.6,12.8,"1,973,970.00","147,870.00","13,560.00","48,940.00","3,000.00","4,090.00","549,280.00","349,430.00","69,890.00","79,860.00","36,500.00","47,640.00","67,610.00","4,020.00","286,700.00","86,560.00","139,380.00","39,650.00"
21,ACEH,KOTA LANGSA,"Jeffry Sentana S. Putra, S.E.","Muhammad Haikal Alfisyahrin, S.T.","204,203","48,465",4.2,940,217.17,59,0,7,0,66,Kabupaten Aceh Timur,Kabupaten Aceh Tamiang,Kabupaten Aceh Tamiang dan Selat Malaka,Kabupaten Aceh Timur,,N/A,5,66,,,2,N/A,3,4,4,2,N/A,1,N/A,3,"136,191,703,122.40","8,984,268,404.40","7,141,160,184.00","509,380,322.00","956,997,704.00","376,730,194.40","127,207,434,718.00",N/A,N/A,N/A,N/A,N/A,N/A,N/A,N/A,N/A,N/A,N/A,N/A,N/A,N/A,"106,312,922,998.00","88,842,218,593.00","17,740,704,405.00",N/A,N/A,N/A,N/A,"700,000,000.00",N/A,N/A,N/A,N/A,,"92,153","91,863","204,203","17,682","16,271","15,372","15,825","17,167","17,219","16,459","16,075","15,477","13,448","11,775","10,099","8,207","6,063","3,967","3,097","83,694.00","77,575.00","6,119.00","55,056.00","12,682.00","31,274.00","11,100.00",81.77,N/A,N/A,38.41,2.8,,,"39,061","12,288","26,773",N/A,"Rp554,363",16.3,8.6,"7,723,000.00","715,960.00","21,010.00","720,380.00","6,950.00","4,230.00","637,800.00","2,364,880.00","614,930.00","319,440.00","376,580.00","200,440.00","295,060.00","74,610.00","595,080.00","165,100.00","395,480.00","215,140.00"
22,ACEH,KOTA LHOKSEUMAWE,"Dr. Sayuti Abubakar, S.H., M.H.","Husaini, S.E.","206,394","55,277",3.7,"1,134",182.06,68,0,0,0,68,Selat Malaka,Kabupaten Aceh Utara,Kabupaten Aceh Utara,Kabupaten Aceh Utara,,200.8,4,68,,,6,N/A,N/A,N/A,N/A,N/A,N/A,N/A,N/A,5,"739,185,108,146.00","79,268,325,903.00","62,151,273,938.00","2,795,841,402.00","4,928,391,225.00","9,392,819,338.00",N/A,"14,685,393,000.00",N/A,"59,949,641,631.00","124,258,184,478.00","7,491,348,000.00",N/A,N/A,"453,532,215,134.00","10,315,772,100.00","45,055,965,494.00","10,771,838,844.00","5,800,000,000.00","52,314,608,040.00","9,758,650,618.00",N/A,"330,003,683,551.00","163,929,650,996.00",N/A,"1,021,000,000.00","4,792,405,331.00","13,695,666,453.00","71,246,223,092.00","396,180,251.00",N/A,"4,629,066,309.00","101,381,713,518.00",,"99,106","100,465","206,394","18,554","17,597","16,982","17,426","17,748","17,061","16,163","15,462","14,361","13,596","11,750","9,818","7,976","5,777","3,589","2,534","97,472.00","89,436.00","8,036.00","53,496.00","16,408.00","32,833.00","4,255.00",81.75,N/A,N/A,62.54,N/A,,,"55,975","18,791","37,184",N/A,"Rp529,671",24.0,9.0,"12,720,900.00","1,191,700.00","44,500.00","2,000,400.00","19,600.00","2,100.00","1,697,700.00","3,017,400.00","1,618,900.00","305,000.00","424,600.00","335,500.00","551,300.00","125,100.00","570,100.00","195,500.00","446,400.00","174,300.00"
23,ACEH,KOTA SUBULUSSALAM,H.M. Rasyid Bancin,"Nasir Kombih, S.E.","103,499","25,463",4.1,87,"1,183.60",32,2,48,0,82,Kabupaten Aceh Tenggara,Kabupaten Aceh Singkil,Kabupaten Aceh Selatan,Provinsi Sumatra Utara,,N/A,5,82,,,N/A,N/A,4,1,1,6,1,2,N/A,3,"674,186,668,080.00","64,293,231,940.00","7,018,739,480.00","869,745,920.00","1,278,272,480.00","55,126,474,060.00",N/A,"6,071,967,000.00","15,046,702,900.00","348,449,716,280.00","108,022,685,000.00",N/A,"29,317,980,970.00",N/A,"69,058,548,000.00","27,330,516,240.00","375,628,140.00","63,243,816,960.00",N/A,N/A,"6,219,691,610.00",N/A,N/A,"211,423,625,700.00","2,103,279,750.00",N/A,"38,339,405,040.00","5,194,562,980.00","74,968,046,020.00","851,092,330.00",N/A,N/A,"102,760,650,600.00",,"51,396","49,886","103,499","12,103","10,425","10,178","9,324","9,347","9,895","8,620","7,181","6,690","5,635","4,461","3,513","2,577","1,677","1,039",834,"47,191.00","44,893.00","2,298.00","22,168.00","5,320.00","13,777.00","3,071.00",71.63,N/A,N/A,29.50,3.9,,,"29,548","7,984","21,564",N/A,"Rp514,372",12.0,13.9,"2,988,080.00","772,090.00","31,100.00","580,850.00","2,000.00",410.00,"396,130.00","484,680.00","156,020.00","27,070.00","101,290.00","47,740.00","81,310.00","7,410.00","172,840.00","61,230.00","50,330.00","15,570.00"
24,SUMATERA UTARA,DAIRI,"Ir. Vickner Sinaga, M.M.",Wahyu Daniel Sagala,"342,229","86,954",3.9,178,"1,927.80",75,0,94,0,169,Provinsi Aceh dan Kabupaten Karo,Kabupaten Pakpak Bharat,Kabupaten Samosir,Kabupaten Aceh Selatan,,N/A,15,169,,,6,7,9,1,N/A,2,N/A,3,N/A,4,"1,133,210,254,085.22","111,446,383,682.22","29,222,693,230.80","58,815,503,229.00","12,539,755,000.00","10,868,430,528.42","1,007,913,212,733.00",N/A,N/A,N/A,N/A,N/A,N/A,N/A,N/A,N/A,N/A,"13,850,657,670.00",N/A,N/A,"13,850,657,670.00","847,276,653,677.05","571,190,650,093.00","265,355,005,034.05",N/A,N/A,"10,730,998,550.00",N/A,"70,911,580,445.00","695,309,766.00","165,808,669,004.00","2,381,148,000.00","163,427,521,004.00",,"168,924","167,479","342,229","36,283","29,634","30,208","31,499","31,201","30,143","25,423","21,567","19,301","18,675","16,497","14,738","12,447","10,444","7,538","6,631","201,703.00","199,257.00","2,446.00","40,618.00","17,543.00","14,523.00","8,552.00",76.68,N/A,N/A,40.48,4.5,,,"106,589","40,501","66,088",0.293,"Rp521,738",20.1,7.0,"13,617,000.00","6,013,000.00","8,000.00","53,000.00","10,000.00","9,000.00","1,661,000.00","2,533,000.00","614,000.00","357,000.00","130,000.00","279,000.00","388,000.00","8,000.00","1,191,000.00","268,000.00","94,000.00","3,000.00"
25,SUMATERA UTARA,KARO,"Brigjen Pol (Purn) Dr. dr. Antonius Ginting, Sp.OG., M.Kes.","Komando Tarigan, S.P","437,547","122,378",3.6,198,"2,206.88",12,3,253,1,269,Kabupaten Langkat dan Kabupaten Deli Serdang,Kabupaten Dairi dan Kabupaten Samosir,Kabupaten Deli Serdang dan Kabupaten Simalungun,Provinsi Nangroe Aceh Darusalam,,N/A,17,269,,,4,N/A,4,1,3,2,2,5,N/A,5,"1,440,524,037,989.00","156,345,552,932.00","101,353,011,918.00","42,142,900,000.00","3,446,458,482.00","9,403,182,532.00","1,265,621,122,964.00",N/A,N/A,"742,474,824,000.00","199,241,568,978.00","6,668,790,000.00",N/A,N/A,"197,663,406,000.00",N/A,"4,360,563,821.00","18,557,362,093.00",N/A,N/A,"18,557,362,093.00","959,405,111,504.00","610,273,211,053.00","329,009,983,817.00",N/A,N/A,"20,121,916,634.00",N/A,"145,788,723,598.00",N/A,"275,809,076,755.00","11,790,329,192.00","264,018,747,563.00",,"211,712","218,242","437,547","37,399","34,265","35,758","36,429","35,861","35,966","33,960","30,675","28,882","28,484","26,792","22,614","17,608","12,908","9,680","10,266","280,279.00","274,870.00","5,409.00","45,483.00",N/A,N/A,N/A,77.49,N/A,N/A,70.51,4.2,,,"121,151","43,171","77,980",0.238,"Rp678,885",30.7,6.7,"30,462,810.00","15,909,280.00","58,570.00","1,158,750.00","17,640.00","22,400.00","2,054,030.00","3,594,400.00","1,950,330.00","806,030.00","251,500.00","421,820.00","951,490.00","64,500.00","1,636,300.00","735,260.00","399,710.00","430,770.00"
26,SUMATERA UTARA,SAMOSIR,Vandiko Timotius Gultom,Ariston Tua Sidauruk,"146,539","38,777",3.8,101,"1,445.25",10,0,122,2,134,Kabupaten Karo dan Kabupaten Simalungun,Kabupaten Tapanuli Utara dan Kabupaten Humbang Hasundutab,Kabupaten Toba,Kabupaten Dairi dan Kabupaten Pakpak Bharat,,N/A,9,134,,,2,5,4,N/A,N/A,N/A,6,5,N/A,2,"911,638,000,000.00","108,967,000,000.00","37,171,000,000.00","18,334,000,000.00","8,760,000,000.00","44,702,000,000.00",N/A,"18,341,000,000.00",N/A,"433,617,000,000.00","105,027,000,000.00",N/A,N/A,N/A,N/A,N/A,N/A,"7,870,000,000.00",N/A,N/A,"7,870,000,000.00",N/A,"344,661,000,000.00","224,537,000,000.00",N/A,"2,000,000.00","9,529,000,000.00","1,274,000,000.00","64,885,000,000.00",N/A,N/A,N/A,"115,725,000,000.00",,"72,510","72,303","146,539","13,770","13,508","13,783","13,759","13,901","12,022","10,111","8,863","8,338","7,830","6,715","6,105","5,360","4,700","3,751","4,023","88,183.00","87,413.00",770.00,"15,810.00","7,516.00","5,407.00","2,887.00",74.63,N/A,N/A,44.95,4.1,,,"49,868","16,189","33,679",0.267,"Rp473,942",13.8,10.8,"6,509,000.00","3,224,000.00","39,000.00","32,000.00","3,000.00","3,000.00","750,000.00","900,000.00","249,000.00","361,000.00","55,000.00","47,000.00","128,000.00","7,000.00","616,000.00","52,000.00","37,000.00","6,000.00"
27,SUMATERA UTARA,PADANG LAWAS UTARA,"H. Reski Basyah Harahap, S.STP., M.Si.",H. Basri Harahap,"290,671","70,066",4.1,74,"3,945.56",174,5,208,1,388,Kabupaten Labuhan Batu,Kabupaten Padang Lawas,Provinsi Riau,Kabupaten Tapanuli Selatan,,160.6,12,388,,,2,4,9,N/A,3,N/A,1,1,N/A,2,N/A,"62,285,393,785.56","25,025,573,119.00","29,263,417,740.00","1,867,317,818.00","6,129,085,108.56","1,032,259,239,542.00",N/A,N/A,"526,315,914,197.00","158,051,522,010.00","7,623,448,000.00",N/A,N/A,"224,808,485,390.00",N/A,"3,962,000,000.00","16,971,504,993.00",N/A,N/A,"16,971,504,993.00","707,876,235,162.54","415,249,388,984.00","268,978,096,895.54","7,543,829,441.00",N/A,"14,378,890,842.00","1,726,029,000.00","70,111,098,270.00","2,910,540,000.00","287,029,842,758.00",N/A,N/A,,"148,050","142,620","290,671","31,120","26,586","29,291","29,484","26,303","23,550","21,911","21,350","18,805","16,778","13,525","10,878","8,151","5,882","3,748","3,309","152,030.00","146,358.00","5,672.00","47,509.00","16,466.00","26,178.00","4,865.00",75.12,N/A,N/A,68.39,4.3,,,"73,682","24,871","48,811",0.205,"Rp519,411",24.8,8.0,"19,536,990.00","8,736,160.00","50,080.00","3,668,810.00","28,070.00","7,410.00","2,257,580.00","2,263,430.00","417,550.00","187,120.00","90,260.00","124,210.00","812,310.00","11,160.00","663,380.00","118,850.00","94,280.00","6,360.00"
28,SUMATERA UTARA,PADANG LAWAS,"Putra Mahkota Alam Hasibuan, S.E.","H. Achmad Fauzan Nasution, S.H.I., M.Pd.I.","290,481","73,838",3.9,75,"3,892.74",101,4,199,0,304,Kabupaten Padang Lawas Utara,Kabupaten Pasaman dan Kecamatan Siabu,Kabupaten Rokan Hulu,Kabupaten Mandailing Natal dan Kabupaten Tapanuli Selatan,,208.9,17,,,,2,1,5,3,8,3,N/A,3,N/A,2,"1,089,254,720,659.29","44,255,105,351.84","20,204,939,362.00","16,058,495,238.00","3,562,723,845.00","3,562,723,845.00",N/A,"45,279,381,672.00",N/A,"512,414,223,000.00","168,602,651,360.00",N/A,N/A,N/A,N/A,N/A,"298,182,115,768.00","311,731,383,678.45","4,657,669,915.00",N/A,"8,891,597,995.45",N/A,"363,509,902,804.00","197,695,943,911.00",N/A,N/A,"4,657,669,915.00","1,183,495,000.00","132,753,631,924.00","2,844,504,241.00",N/A,N/A,"298,182,115,768.00",,"143,305","142,399","290,481","33,382","27,754","28,193","25,740","23,317","25,264","24,030","22,150","18,538","16,014","13,472","11,026","8,912","6,216","3,751","2,722","155,956.00","148,117.00","7,839.00","41,723.00","15,846.00","21,825.00","4,052.00",72.16,N/A,N/A,71.95,5.1,,,"118,993","46,780","72,213",0.192,"Rp499,761",24.5,7.9,"20,555,910.00","11,230,660.00","86,790.00","3,295,160.00","31,860.00",160.00,"2,723,570.00","1,257,530.00","260,130.00","181,240.00","105,420.00","137,810.00","649,290.00","9,480.00","425,930.00","64,410.00","89,870.00","6,600.00"
29,SUMATERA UTARA,LABUHANBATU SELATAN,"Fery Sahputra Simatupang, S.H.","Syahdian Purba Siboro, S.H.","347,767","79,716",4.4,114,"3,051.82",49,0,5,0,54,Kabupaten Labuhanbatu ,Kabupaten Padang Lawas Utara,Provinsi Riau,Kabupaten Padang Lawas Utara,,160.1,5,54,,,3,3,5,N/A,6,4,2,3,N/A,4,"947,989,115,000.00","94,311,241,000.00","57,378,248,000.00","2,076,254,000.00","3,725,208,000.00","31,131,536,000.00",N/A,"54,318,762,000.00","28,559,574,000.00","521,319,604,000.00","124,578,705,000.00",N/A,"67,946,482,000.00",N/A,N/A,"50,338,772,000.00",N/A,"124,901,224,000.00",N/A,N/A,"6,615,971,000.00",N/A,N/A,"248,365,599,000.00",N/A,N/A,"20,367,169,000.00","400,000,000.00","130,324,877,000.00","5,535,000.00",N/A,"107,499,500,000.00",N/A,,"171,513","165,064","347,767","34,765","33,030","32,751","32,088","29,585","27,836","27,713","26,374","23,939","21,511","18,068","14,796","11,209","7,459","4,147","2,496",N/A,N/A,N/A,N/A,N/A,N/A,N/A,75.11,N/A,N/A,124.52,4.9,,,"103,035","37,703","65,332",0.204,"Rp550,141",20.2,7.7,"41,909,640.00","13,583,700.00","111,280.00","17,137,510.00","16,850.00","6,950.00","2,648,250.00","5,340,050.00","444,010.00","315,130.00","167,570.00","332,670.00","912,650.00","52,020.00","513,000.00","173,890.00","119,490.00","34,630.00"
30,SUMATERA UTARA,KOTA PADANGSIDIMPUAN,"Dr. H. Letnan Dalimunthe, S.K.M., M.Kes.",H. Harry Pahlevi Harahap,"247,535","55,346",4.5,"1,554",159.30,12,1,64,2,79,Kabupaten Tapanuli Selatan,Kabupaten Tapanuli Selatan,Kabupaten Tapanuli Selatan,Kabupaten Tapanuli Selatan,,N/A,6,79,,,2,3,10,2,2,2,2,2,1,2,"853,867,502,944.00","101,530,121,350.00","38,033,719,002.00","3,569,121,004.00","14,932,100,575.00","44,995,180,769.00",N/A,"35,514,093,000.00","15,846,338,000.00","511,838,686,262.00","100,847,861,997.00",N/A,N/A,N/A,N/A,"2,730,324,000.00","81,555,651,617.00","88,290,402,335.00","4,426,718.00","4,000,000,000.00",N/A,"647,652,766,724.20","376,327,602,527.00","259,143,691,716.20",N/A,N/A,"11,185,972,481.00","995,500,000.00","32,219,144,166.00","1,297,559,000.00","81,555,651,617.00",N/A,"81,555,651,617.00",,"124,150","119,690","247,535","22,727","22,041","19,731","19,500","20,749","21,683","22,141","19,787","16,243","14,400","12,387","11,350","9,594","6,881","4,338","3,983","125,824.00","117,022.00","8,802.00","54,501.00","16,214.00","30,838.00","7,449.00",79.19,N/A,N/A,37.45,4.8,,,"66,884","25,764","41,120",0.297,"Rp578,095",13.6,5.6,"9,132,340.00","982,720.00","40,390.00","383,800.00","12,930.00","14,340.00","927,040.00","2,246,040.00","705,150.00","588,980.00","244,710.00","540,210.00","404,110.00","48,810.00","824,640.00","994,820.00","123,850.00","49,810.00"
31,SUMATERA UTARA,NIAS,"Ya'atulö Gulö, S.E., S.H., M.Si","Arota Lase, A.Md","159,325","35,643",4.5,187,853.42,55,1,112,2,170,Kabupaten Nias Utara,Kabupaten Nias Selatan,Kota Gunungsitoli dan Samudera Hindia,Kabupaten Nias Barat,,271.2,10,170,,,2,9,5,N/A,1,2,N/A,2,N/A,2,"855,535,230,383.00","114,763,114,441.00","8,794,379,430.00","750,184,518.00","10,251,132,710.00","94,967,417,783.00",N/A,N/A,N/A,N/A,N/A,N/A,N/A,N/A,N/A,N/A,N/A,"11,485,776,410.00",N/A,"4,000,000,000.00","729,286,339,532.00","566,836,604,752.00","347,187,132,738.00","216,780,404,501.00",N/A,N/A,"2,869,067,513.00",N/A,"97,927,167,253.00","1,500,000,000.00","156,010,743,498.00","966,648,224.00","155,014,095,274.00",,"72,703","75,991","159,325","18,972","12,545","15,295","16,883","15,767","14,386","11,715","11,555","9,742","8,648","6,677","4,786","3,898","3,293","2,421","2,742","85,996.00","84,206","1,790","25,151.00","7,951","8,481","8,719",66.79,N/A,N/A,35.99,3.6,,,"67,307","22,715","44,592",0.199,"Rp541,016",21.2,14.5,"5,668,820.00","2,814,590.00","502,330.00","11,060.00","4,900.00",520.00,"554,030.00","550,540.00","94,300.00","101,930.00","13,310.00","83,270.00","109,000.00","4,350.00","699,310.00","73,520.00","41,250.00","10,310.00"
32,SUMATERA UTARA,MANDAILING NATAL,"H. Saipullah Nasution, S.H., M.M.","Atika Azmi Utammi Nasution, B.App.Fin., M.Fin","521,528","128,674",4.1,79,"6,620.70",119,10,278,0,407,Kabupaten Tapanuli Selatan dan Padang Lawas,Provinsi Sumatera Barat,Provinsi Sumatera Barat,Samudera Hindia,0-1325,376.6,23,407,,,5,1,6,4,4,2,5,5,N/A,7,N/A,"161,317,940,413.80","46,474,527,636.00","4,031,094,790.00","15,593,024,399.00","95,219,293,588.80","1,638,044,810,206.00","91,039,879,000.00",N/A,"862,475,381,579.00","352,647,339,159.00",N/A,N/A,"7,116,040,000.00","220,655,954,166.00","103,010,216,302.00","1,100,000,000.00","12,531,365,063.00",N/A,"4,500,000,000.00","8,031,365,063.00","1,350,716,933,420.00","916,509,882,050.00","424,982,305,360.00",N/A,N/A,"4,359,700,000.00","4,865,046,000.00","117,442,249,910.00","1,749,051,000.00","323,322,194,850.00","6,932,090,050.00","316,390,104,800.00",,"256,220","257,320","521,528","54,959","50,655","48,912","47,814","44,187","41,701","40,189","38,539","32,006","28,211","24,639","21,197","18,011","13,826","9,299","7,383","258,270.00","239,738.00","18,532.00","102,975.00","31,758.00","52,424.00","18,793.00",74.26,N/A,N/A,42.93,4.4,,,"126,009","41,370","84,639",0.242,"Rp537,240",37.2,7.9,"22,043,920.00","11,191,000.00","121,990.00","2,406,650.00","29,670.00","3,630.00","2,291,740.00","2,947,170.00","432,970.00","142,480.00","135,070.00","203,270.00","468,340.00","18,930.00","1,271,480.00","227,770.00","144,750.00","6,990.00"
33,SUMATERA UTARA,TAPANULI SELATAN,"H. Gus Irawan Pasaribu, S.E., Ak., M.M., CA","H. Jafar Syahbuddin Ritonga, M.B.A., D.B.A","324,079","82,789",3.9,74,"4,355.35",70,2,176,0,248,Kabupaten Tapanuli Utara dan Tapanuli Tengah,Kabupaten Mandailing Natal,"Kabupaten Padang Lawas, Padang Lawas Utara dan Labuhan Batu UtARA",Kabupaten Mandailing Natal dan Samudera Hindia,,204.4,15,248,,,1,2,8,1,7,3,1,4,N/A,5,N/A,"178,956,174,215.00",N/A,N/A,N/A,N/A,"1,331,227,650,225.00",N/A,N/A,N/A,N/A,N/A,N/A,N/A,N/A,N/A,N/A,"95,258,873,231.00",N/A,N/A,N/A,N/A,N/A,N/A,N/A,N/A,N/A,N/A,"201,065,797,429.00","7,612,898,011.00",N/A,N/A,N/A,,"165,512","163,452","324,079","30,854","29,755","30,532","30,708","28,196","27,283","25,255","23,028","19,618","17,408","15,540","13,633","11,979","9,327","6,128","4,835","173,025.00","167,236.00","5,789.00","56,603.00","24,308.00","23,653.00","8,642.00",75.78,N/A,N/A,73.79,4.4,,,"65,250","21,825","43,425",0.179,"Rp527,232",17.8,6.2,"23,638,000.00","10,292,600.00","3,847,100.00","1,442,370.00","9,810.00","19,070.00","2,331,050.00","2,553,730.00","416,060.00","325,760.00","120,820.00","178,740.00","412,410.00","12,060.00","1,347,840.00","143,890.00","176,720.00","7,980.00"
34,SUMATERA UTARA,TAPANULI TENGAH,"Masinton Pasaribu, S.H., M.H.",Mahmud Efendi,"410,849","93,846",4.4,187,"2,194.98",79,2,128,6,215,Provinsi Aceh,Kabupaten Tapanuli Selatan,"Kabupaten Tapanuli Utara, Humbang Hasundutan dan Pakpak Bharat",Kota Sibolga dan Samudra Hindia,,397.6,20,215,,,2,4,5,N/A,N/A,,1,17,N/A,4,N/A,"94,124,689,775.32","33,587,144,626.00","1,815,081,726.00","10,994,120,554.00","47,728,342,869.32","1,073,818,758,220.00","19,219,391,000.00","20,713,318,000.00","656,469,903,419.00","182,248,708,759.00",N/A,N/A,N/A,"123,230,738,640.00","63,224,553,049.00","8,712,145,353.00","21,743,974,684.00","5,362,345,000.00",N/A,N/A,"809,814,193,398.43","500,823,424,175.00","292,829,282,379.43","2,980,325,770.00",N/A,"13,181,161,074.00",N/A,"90,513,947,287.20","4,235,643,988.00","178,241,062,728.00",N/A,"178,241,062,728.00",,"203,302","199,602","410,849","44,545","32,418","33,561","36,351","38,032","37,040","34,146","32,220","26,938","22,872","19,625","16,233","13,175","10,108","6,987","6,598","228,994.00","212,493.00","16,501.00","66,459.00","19,151.00","36,341.00","10,967.00",73.97,N/A,N/A,36.14,3.3,,,"143,706","47,606","96,100",0.251,"Rp546,223",46.8,11.0,"14,559,650.00","7,090,750.00","34,900.00","1,601,070.00","73,360.00","16,620.00","1,674,270.00","1,793,640.00","365,830.00","194,050.00","88,160.00","127,720.00","269,140.00","49,180.00","988,160.00","130,330.00","49,310.00","13,170.00"
35,SUMATERA UTARA,TAPANULI UTARA,"Dr. Jonius Taripar Parsaoran Hutabarat, S.Si., M.Si.","ni Parlindungan Lumbantoruan, M.Eng.","334,715","85,487",3.9,88,"3,793.71",25,2,225,0,252,Kabupaten Toba Samosir,Kabupaten Tapanuli Selatan,Kabupaten Labuhan Batu Utara,Kabupaten Humbang Hasundutan dan Tapanuli Tengah,,129.1,15,252,,,3,9,5,N/A,N/A,2,3,5,N/A,2,N/A,"156,540,675,918.60","37,626,009,629.67","96,559,544,688.00","9,057,524,807.00","13,297,596,793.93","995,460,589,375.00","75,444,726,000.00",N/A,"696,974,246,628.00","223,041,616,747.00",N/A,N/A,N/A,N/A,"68,532,996,682.00","6,496,141,000.00","5,000,000,000.00","1,000,000,000.00","4,000,000,000.00","207,324,509,160.00",N/A,N/A,"309,921,140,528.83","1,305,525,006.00",N/A,"15,127,032,130.00","1,346,012,700.00","60,433,526,917.08","15,383,387,034.00",,N/A,"252,208,325,918.00",,"165,309","168,381","334,715","31,505","29,731","31,312","32,109","31,627","27,020","22,507","20,431","19,105","18,133","16,343","14,293","12,791","10,813","8,360","8,635","198,001.00","195,827.00","2,174.00","40,803.00","21,447.00","13,541.00","5,815.00",78.09,N/A,N/A,36.43,4.6,,,"106,497","38,098","68,399",0.249,"Rp549,677",23.3,7.5,"12,051,740.00","5,436,410.00","8,350.00","269,290.00","10,660.00","10,660.00","1,577,910.00","2,002,810.00","678,070.00","306,110.00","89,950.00","175,730.00","251,500.00","36,350.00","920,300.00","179,620.00","82,500.00","15,520.00"
36,SUMATERA UTARA,TOBA,Effendi Sintong Panangian Napitupulu,Audi Murphy Sitorus,"222,422","58,929",3.8,97,"2,291.62",130,2,112,0,244,Kabupaten Simalungun,Kabupaten Tapanuli Utara dan Kabupaten Humbang Hasundutab,Kabupaten Labuhan Batu dan Asahan,Danau Toba,900-2200,N/A,16,244,,,2,8,6,N/A,N/A,N/A,3,4,N/A,4,N/A,"126,588,191,248.13","70,132,129,458.98","31,053,289,805.00","11,562,177,579.00","13,840,594,405.15","1,083,520,095,928.00",N/A,N/A,N/A,N/A,N/A,N/A,N/A,N/A,N/A,N/A,"10,205,065,856.00",N/A,N/A,"10,205,065,856.00","826,737,528,636.00","516,146,705,200.00","296,841,557,922.00",N/A,N/A,"13,377,065,514.00","372,200,000.00","176,307,352,085.00","20,000,000.00","240,935,821,544.00","6,986,843,867.00","233,948,977,677.00",,"109,884","109,696","222,422","20,754","20,808","20,243","20,365","20,549","16,896","14,365","13,403","13,614","13,056","11,689","10,278","8,333","6,686","5,419","5,964","123,990.00","122,746.00","1,244.00","34,333.00","15,318.00","15,839.00","3,176.00",79.17,N/A,N/A,49.33,4.1,,,"70,768","26,706","44,062",0.289,"Rp549,563",13.5,7.2,"10,831,860.00","3,390,200.00","28,560.00","1,163,270.00","6,890.00","4,620.00","1,460,120.00","2,229,690.00","362,510.00","289,040.00","136,180.00","164,990.00","298,350.00","96,710.00","842,700.00","252,430.00","90,320.00","15,300.00"
37,SUMATERA UTARA,LABUHANBATU,"dr. Hj. Maya Hasmita, Sp.OG., MKM.","H. Jamri, ST","533,334","122,535",4.4,192,"2,772.57",93,0,5,0,98,Selat Malaka dan Kabupaten Labuhanbatu Utara,Kabupaten Labuhanbatu Selatan dan Padang Lawas Utara,Provinsi Riau,Kabupaten Labuhanbatu Utara,,332.6,9,98,,,4,4,6,1,4,3,3,9,2,5,N/A,"140,243,000,000.00","101,956,000,000.00","5,723,000,000.00","13,023,000,000.00","19,541,000,000.00","791,086,000,000.00","61,827,000,000.00",N/A,"708,539,000,000.00","20,720,000,000.00",N/A,N/A,N/A,N/A,"109,170,000,000.00",N/A,"109,170,000,000.00",N/A,N/A,N/A,"813,447,000,000.00","545,070,000,000.00","257,839,000,000.00",N/A,N/A,"10,538,000,000.00",N/A,"90,182,000,000.00","425,000,000.00","89,757,000,000.00",N/A,N/A,,"267,450","259,590","533,334","48,595","47,359","47,500","46,161","45,880","44,239","44,027","40,664","37,170","33,494","28,624","22,848","18,129","13,377","8,577","6,690","254,568.00","240,480.00","14,088.00","129,939.00","28,441.00","84,005.00","17,493.00",75.79,N/A,N/A,104.03,4.2,,,"197,990","78,675","119,315",0.247,"Rp575,408",40.5,7.4,"54,832,770.00","16,315,420.00","342,370.00","17,917,480.00","24,770.00","15,800.00","4,024,610.00","9,974,720.00","944,320.00","694,840.00","331,680.00","560,480.00","1,317,770.00","85,580.00","1,194,550.00","819,430.00","215,610.00","53,330.00"
38,SUMATERA UTARA,ASAHAN,Taufik Zainal Abidin Siregar,Rianto,"835,180","207,363",4.0,224,"3,732.97",177,1,26,0,204,Kabupaten Batu Bara,Kabupaten Labuhan Batu Utara dan Toba Samosir,Selat Malaka,Kabupaten Simalungun,0-1000,167.0,25,204,,,5,8,10,2,7,2,N/A,3,N/A,8,"1,909,555,319,686.43","232,085,052,893.43","145,228,478,089.00","7,111,785,913.00","8,895,884,519.00","70,848,904,372.43","1,643,928,890,047.00","178,166,749,514.00",N/A,"965,495,695,905.00","7,234,700,529.00",N/A,N/A,"14,519,419,000.00","163,800,142,894.00","178,166,749,514.00",N/A,"33,541,376,746.00","4,000,000,000.00",N/A,"29,541,376,746.00","1,385,755,765,352.71","696,254,874,610.00","628,024,150,426.71",N/A,N/A,"60,003,940,316.00","1,472,800,000.00","243,349,284,026.00","222,682,800.00","296,211,143,134.00","19,358,465,735.00","276,852,677,399.00",,"416,498","408,099","835,180","74,327","77,052","71,463","68,976","67,885","68,715","66,629","60,235","56,619","51,829","45,806","39,382","32,499","24,843","16,424","12,496","417,529.00","394,725.00","22,804.00","186,559.00","53,146.00","110,403.00","23,010.00",75.13,N/A,N/A,76.58,4.6,,,"291,083","115,009","176,074",0.237,"Rp469,559",54.6,7.2,"63,144,240.00","28,248,140.00","100,620.00","12,911,390.00","32,890.00","27,790.00","3,345,190.00","11,336,570.00","2,286,020.00","438,630.00","225,510.00","694,980.00","830,610.00","25,140.00","1,559,420.00","406,560.00","346,300.00","328,480.00"
39,SUMATERA UTARA,SIMALUNGUN,"Dr. H. Anton Achmad Saragih, S.E., M.M.",Benny Gusman Sinaga,"1,082,872","252,284",4.3,248,"4,372.50",231,0,182,0,413,Kabupaten Serdang Bedagai,Kabupaten Toba Samosir,Kabupaten Karo,Kabupaten Batubara dan Kabupaten Asahan,0-1400,N/A,32,413,,,5,8,15,N/A,N/A,N/A,N/A,6,N/A,7,N/A,"288,645,644,238.51","205,937,743,789.00","3,554,583,868.00","22,984,918,125.00","56,168,398,456.51","1,977,860,242,992.00","74,753,539,800.00",N/A,"1,505,898,079,984.00","397,208,623,208.00",N/A,N/A,N/A,N/A,N/A,N/A,"34,022,163,876.00",N/A,N/A,"34,022,163,876.00",N/A,N/A,N/A,N/A,N/A,N/A,N/A,N/A,N/A,N/A,N/A,N/A,,"476,355","479,265","1,082,872","94,885","82,459","83,976","86,025","86,938","86,958","87,201","81,668","76,119","68,390","60,631","53,131","45,315","37,466","27,209","24,501","604,582.00","577,502.00","27,080.00","206,709.00","54,601.00","136,457.00","15,651.00",76.48,N/A,N/A,60.71,4.7,,,"254,952","84,268","170,684",0.230,"Rp513,793",61.1,6.9,"64,810,000.00","37,298,000.00","118,000.00","6,514,000.00","31,000.00","43,000.00","5,114,000.00","9,679,000.00","1,134,000.00","494,000.00","318,000.00","583,000.00","460,000.00","53,000.00","2,099,000.00","570,000.00","237,000.00","63,000.00"
40,SUMATERA UTARA,DELI SERDANG,"dr. H. Asri Ludin Tambunan, M.Ked(PD), Sp.PD","Lom Lom Suwondo, S.S","2,106,860","561,269",3.8,844,"2,497.72",225,5,164,0,394,Selat Malaka dan Kabupaten Langkat,Kabupaten Karo dan Simalungun,Kabupaten Serdang Bedagai,"Kabupaten Karo, Langkat dan Kota Binjai",0-900,253.1,22,394,,,4,7,7,5,6,2,3,7,1,7,N/A,"1,380,568,407,830.00","1,078,184,091,958.00","47,103,983,338.00","21,417,196,466.00","233,863,136,068.00","3,402,782,860,599.00","83,556,004,000.00","5,382,171,000.00","1,873,250,164,032.00","615,737,740,656.00",N/A,N/A,"19,684,209,000.00","296,326,072,154.00","497,557,504,757.00","7,901,950,000.00","4,000,000,000.00",N/A,N/A,N/A,"2,753,345,324,059.74","1,401,860,713,439.00","1,157,111,919,017.74",N/A,N/A,"194,267,226,603.00","105,465,000.00","745,149,868,032.35","2,762,843,202.00","588,127,437,635.00","92,965,747,781.00","495,161,689,854.00",,"1,034,044","2,078,046","2,106,860","174,608","182,479","182,796","173,412","160,187","168,936","168,682","156,941","148,440","138,689","126,376","108,862","85,411","61,913","40,498","28,630","1,081,761.00","998,546.00","83,215.00","460,648.00","121,947.00","287,866.00","50,835.00",78.29,N/A,N/A,78.08,N/A,,,"239,920","83,336","156,584",0.271,"Rp525,433",77.7,3.1,"162,247,880.00","18,276,190.00","1,045,110.00","47,797,990.00","164,110.00","61,810.00","24,580,200.00","29,836,560.00","16,413,490.00","4,474,740.00","2,103,040.00","4,048,380.00","5,654,340.00","817,980.00","2,753,930.00","2,261,230.00","1,505,080.00","453,710.00"
41,SUMATERA UTARA,LANGKAT,"H. Syah Afandin, S.H.","Tiorita Br Surbakti, S.H.","1,100,570","321,701",3.4,176,"6,263.29",216,0,61,0,277,Provinsi Aceh dan Selat Malaka,Kabupaten Karo ,Kabupaten Deli Serdang dan Kota Binjai,Provinsi Aceh,,251.0,23,277,,,2,7,10,4,9,N/A,1,8,3,6,"2,676,041,279,157.04","242,624,269,070.04","184,145,289,730.00","7,210,082,285.00","10,442,422,162.00","40,826,474,893.04","2,378,425,366,230.00","136,440,974,000.00","13,013,626,000.00","1,388,210,693,548.00","395,159,320,556.00",N/A,N/A,N/A,"218,146,295,324.00","225,724,997,202.00",N/A,"54,991,643,857.00",N/A,"4,000,000,000.00",N/A,"1,760,631,226,296.07","1,141,144,634,097.00","553,749,948,299.07",N/A,N/A,"54,454,193,900.00","11,282,450,000.00","264,502,042,035.00","3,430,858,751.00","386,232,696,224.00","17,441,260,000.00","368,791,436,224.00",,"550,151","539,818","1,100,570","95,667","94,707","92,956","76,094","76,605","86,486","88,289","84,392","80,008","74,683","67,402","58,041","47,753","35,929","23,716","17,842","573,901.00","540,310.00","33,591.00","236,570.00","41,095.00","161,918.00","33,557.00",75.58,N/A,N/A,62.53,N/A,,,"333,662","113,370","220,292",0.232,"Rp528,073",90.3,8.4,"68,152,020.00","31,289,680.00","5,611,570.00","9,670,330.00","109,560.00","19,210.00","4,542,840.00","7,062,060.00","1,683,320.00","1,313,080.00","655,580.00","1,146,000.00","1,797,080.00","341,240.00","1,807,630.00","665,130.00","309,400.00","128,300.00"
42,SUMATERA UTARA,NIAS SELATAN,Sokhiatulo Laia,"Ir. Yusuf Nache, S.T., M.M.","404,325","101,975",4.0,163,"2,487.99",119,5,324,13,461,Kabupaten Nias dan Nias Barat,Samudra Hindia dan Kepulauan Mentawai,"Samudera Hindia, pulau Mursala dan Kabupaten Mandailing Natal",Samudera Hindia,,254.62,35,461,,,4,10,5,N/A,5,1,2,5,N/A,3,"1,334,143,551,720.00","43,572,604,870.00","14,679,422,590.00","319,284,780.00","7,599,606,380.00","20,974,291,130.00",N/A,N/A,N/A,"689,354,702,540.00","246,732,592,570.00","250,787,815,120.00",N/A,N/A,N/A,"40,485,317,950.00","2,995,726,270.00","65,326,452,610.00",N/A,N/A,"17,845,408,390.00","761,126,157,930.00","479,523,086,830.00","207,493,183,280.00",N/A,"2,949,400,000.00","69,948,512,820.00","1,211,975,000.00","175,303,941,900.00","828,284,940.00","320,591,137,370.00",N/A,N/A,,"200,070","197,160","404,325","50,663","32,483","29,976","37,763","41,076","41,500","35,573","29,281","22,941","21,350","17,931","15,116","11,219","8,031","4,888","4,534","226,714.00","219,950.00","6,764.00","61,075.00","18,768.00","27,142.00","15,165.00",66.74,N/A,N/A,24.24,3.8,,,"128,236","39,226","89,010",0.258,"Rp428,859",54.3,16.2,"9,629,630.00","4,361,840.00","555,470.00","16,160.00","5,050.00","2,660.00","1,346,700.00","905,210.00","417,360.00","233,510.00","74,160.00","123,920.00","481,530.00","2,930.00","784,510.00","221,420.00","85,510.00","11,700.00"
43,SUMATERA UTARA,HUMBANG HASUNDUTAN,"Dr. Oloan Paniaran Nababan, S.H., M.H.","Junita Rebeka Marbun, S.H., M.A.P.","211,870","52,036",4.1,90,"2,351.51",13,1,140,0,154,Kabupaten Samosir,Kabupaten Tapanuli Tengah,"Kabupaten Tapanuli Utara, Humbang Hasundutan dan Pakpak Bharat",Kabupaten Pakpak Bharat,330-2075,183.7,10,154,,,1,2,9,N/A,1,5,1,4,N/A,3,"972,314,440,000.00","90,290,200,000.00","19,988,980,000.00","5,203,400,000.00","5,147,410,000.00","59,950,420,000.00","867,392,160,000.00","707,502,620,000.00","21,374,640,000.00","4,974,360,000.00","141,477,550,000.00",N/A,N/A,N/A,N/A,N/A,N/A,"14,632,080,000.00",N/A,N/A,"14,632,080,000.00","711,251,560,000.00","412,902,660,000.00","255,680,270,000.00",N/A,N/A,"42,231,630,000.00","437,000,000.00","124,526,560,000.00","258,380,000.00",N/A,N/A,N/A,,"105,101","104,359","211,870","20,356","19,655","20,707","21,445","21,208","17,177","13,223","11,862","11,655","11,477","10,193","8,819","7,513","5,912","4,641","6,027","129,560.00","128,624.00",936.00,"19,366.00","10,927.00","6,342.00","2,097.00",73.93,N/A,N/A,42.16,N/A,,,"67,034","24,315","42,719",0.257,"Rp503,769",15.6,7.8,"8,831,080.00","3,928,030.00","54,980.00","131,160.00","5,430.00","4,630.00","1,244,940.00","1,529,120.00","229,570.00","283,920.00","74,330.00","88,830.00","258,940.00","11,450.00","832,620.00","82,030.00","55,220.00","15,880.00"
44,SUMATERA UTARA,PAKPAK BHARAT,Franc Bernhard Tumanggor,"Dr. H. Mutsyuhito Solin, M.Pd.","58,261","14,410",4.0,43,"1,365.61",1,0,51,0,52,Kabupaten Dairi,Kabupaten Tapanuli Tengah dan Haumbang Hasundutan,Kabupaten Samosir,Kabupaten Aceh Singkil dan Kota Subussalam,25-1500,N/A,8,52,,,2,3,6,1,3,,2,1,N/A,2,"472,512,318,070.93","30,324,891,534.93","4,896,863,832.20","2,546,646,101.00","2,496,887,967.00","20,294,493,634.73",,"17,518,819,000.00","313,464,278,518.00","48,169,906,346.00",N/A,N/A,"36,067,265,508.00",N/A,N/A,"19,249,174,287.00",N/A,"63,124,422,672.00","20,907,304.00","4,000,000,000.00","3,787,075,573.00",N/A,"234,668,366,271.99","122,873,445,628.56",N/A,N/A,"2,717,754,609.00","85,000,000.00","32,164,909,076.00","84,144,725.00",N/A,"834,883,772.00","69,052,506,108.00",,"28,949","28,297","58,261","6,525","6,971","5,494","5,172","5,106","5,011","4,353","3,776","3,493","3,275","2,642","2,076","1,545","1,131",816,875,"22,646.00","22,440.00",206.00,"4,918.00","2,484.00","1,673.00",761.00,73.89,N/A,N/A,32.70,5.5,,,"24,067","9,815","14,252",0.261,"Rp426,571",3.5,6.4,"1,871,670.00","1,071,010.00",750.00,"3,270.00","3,330.00","1,140.00","187,380.00","250,130.00","41,540.00","41,830.00","11,960.00","14,740.00","24,980.00",340.00,"189,960.00","21,650.00","7,280.00",380.00
45,SUMATERA UTARA,SERDANG BEDAGAI,H. Darma Wijaya,"H. Adlin Umar Yusri Tambunan, S.T., M.S.P.","708,267","187,035",3.8,373,"1,900.22",185,0,58,0,243,Selat Malaka,Kabupaten Simalungun,Kabupaten Batu Bara dan Simalungun,Kabupaten Deli Serdang,0-500,136.9,17,243,,,3,15,5,2,6,2,5,2,N/A,5,"1,877,981,721,148.00","214,060,020,531.00","153,702,696,225.00","7,551,508,959.00","7,214,161,550.00","45,591,653,797.00","1,632,464,280,513.00",N/A,N/A,N/A,N/A,"15,086,442,000.00",N/A,N/A,"196,023,734,576.00","147,747,301,023.00",N/A,"31,457,420,104.00",N/A,N/A,"27,457,420,104.00","1,332,793,020,443.01","778,908,462,331.01","521,875,511,258.00","3,084,011,302.00",N/A,"28,741,325,474.00","183,710,078.00","172,016,337,507.00","3,448,867,500.00","301,130,907,126.00","11,021,084,371.00","290,109,822,755.00",,"352,386","347,691","708,267","59,610","62,930","61,803","60,557","54,833","54,183","53,555","51,300","49,721","45,321","40,179","35,241","29,662","22,748","15,098","11,526","344,094.00","327,292.00","16,802.00","163,805.00","29,243.00","108,002.00","26,560.00",74.69,N/A,N/A,66.02,N/A,,,"197,915","75,053","122,862",0.216,"Rp535,422",38.1,6.2,"46,220,200.00","21,336,790.00","405,110.00","7,764,620.00","34,240.00","5,070.00","3,959,560.00","7,050,570.00","394,190.00","1,026,570.00","313,650.00","257,560.00","1,284,690.00","247,290.00","1,045,860.00","528,080.00","366,340.00","199,970.00"
46,SUMATERA UTARA,KOTA SIBOLGA,"Akhmad Syukri Nazry Penarik, S.Pd., M.H.",Pantas Maruba Lumbantobing,"92,774","28,008",3.3,"8,088",11.47,5,0,12,0,17,Kabupaten Tapanuli Tengah,Kabupaten Tapanuli Tengah,Kabupaten Tapanuli Tengah,Samudera Hindia,,397.6,4,17,,,1,2,4,1,N/A,N/A,N/A,8,1,3,"637,832,580,000.00","103,693,910,000.00","17,414,190,000.00","70,197,860,000.00","10,257,260,000.00","5,824,580,000.00","521,119,600,000.00","20,492,900,000.00",N/A,"417,473,320,000.00","47,090,290,000.00",N/A,N/A,N/A,N/A,"33,438,090,000.00","2,625,000,000.00","6,718,560,000.00","2,707,830,000.00",N/A,N/A,"557,823,660,000.00","274,631,310,000.00","272,013,980,000.00","3,972,440,000.00","135,000,000.00","5,500,690,000.00","1,570,250,000.00","39,328,740,000.00","2,522,670,000.00",N/A,N/A,N/A,,"46,370","45,880","92,774","7,772","8,834","7,622","7,907","7,813","7,679","7,269","6,776","6,499","6,122","5,208","4,217","3,348","2,610","1,744","1,354","46,955.00","43,930.00","3,025.00","21,000.00",N/A,N/A,N/A,78.11,N/A,N/A,82.12,3.3,,,"28,759","8,918","19,841",0.314,"Rp637,141",9.0,10.3,"7,575,000.00","1,338,880.00",160.00,"385,530.00","6,420.00","19,590.00","870,430.00","2,142,890.00","768,060.00","385,370.00","88,070.00","196,920.00","330,670.00","44,820.00","542,980.00","317,670.00","108,910.00","27,620.00"
47,SUMATERA UTARA,KOTA TANJUNGBALAI,Mahyaruddin Salim,Muhammad Fadly Abdina,"190,449","52,455",3.6,"3,170",60.07,31,0,0,0,31,Kabupaten Asahan,Kabupaten Asahan,Kabupaten Asahan,Kabupaten Asahan,0-3,N/A,6,31,,,2,3,8,2,2,1,3,1,N/A,2,"615,335,159,379.57","101,859,277,181.57","34,904,232,743.60","3,778,910,999.00","7,775,808,733.00","55,400,324,705.97",,"18,245,283,384.00",N/A,"420,280,906,403.00","66,469,258,335.00",N/A,N/A,N/A,N/A,N/A,N/A,"8,480,434,076.00",N/A,N/A,"8,480,434,076.00",N/A,"308,707,933,130.00","248,938,925,780.00",N/A,N/A,"11,519,789,520.00","3,631,400,000.00","61,886,590,720.00",N/A,N/A,N/A,N/A,,"96,903","94,032","190,449","16,745","18,898","16,512","16,024","16,067","16,590","15,830","13,983","12,387","11,307","10,164","8,389","6,785","4,783","3,244","2,741","99,593.00","95,796.00","3,797.00","36,795.00","7,903.00","25,016.00","3,876.00",76.70,N/A,N/A,69.88,4.8,,,"47,872","15,568","32,304",0.267,"Rp619,558",20.0,10.7,"13,141,280.00","1,759,750.00","209,070.00","2,834,360.00","80,670.00","18,310.00","1,919,800.00","3,329,210.00","819,530.00","277,070.00","114,660.00","214,540.00","379,630.00","39,570.00","705,710.00","174,720.00","111,520.00","153,160.00"
48,SUMATERA UTARA,KOTA PEMATANGSIANTAR,"Wesly Silalahi, S.H., M.Kn.",Herlina,"281,250","77,704",3.6,"3,517",79.97,53,0,0,0,53,Kabupaten Simalungun,Kabupaten Simalungun,Kabupaten Simalungun,Kabupaten Simalungun,400-500,N/A,8,53,,,3,7,5,2,3,2,N/A,4,N/A,3,"1,078,067,552,870.00","215,350,658,730.00","135,363,027,720.00","12,321,434,830.00","13,825,713,620.00","53,840,482,550.00","849,140,614,560.00",N/A,N/A,N/A,N/A,N/A,N/A,N/A,N/A,N/A,N/A,"13,576,279,580.00",N/A,N/A,"13,576,279,580.00","887,663,941,160.00","494,260,845,140.00","352,751,020,020.00",N/A,N/A,"34,213,175,450.00","6,438,900,550.00","217,293,262,730.00","12,643,325,390.00",N/A,N/A,N/A,,"138,049","141,149","281,250","21,700","22,359","21,746","21,760","23,305","22,642","21,862","19,755","18,755","17,447","16,386","15,192","13,067","10,234","7,294","7,746","157,528.00","145,343.00","12,185.00","56,116.00","14,000.00","34,288.00","7,828.00",81.71,N/A,N/A,66.09,4.1,,,"71,697","25,536","46,161",0.332,"Rp722,851",16.5,6.2,"18,451,100.00","274,210.00","1,480.00","3,318,060.00","52,640.00","52,160.00","1,911,590.00","5,283,660.00","1,446,780.00","1,099,560.00","297,640.00","748,280.00","1,276,950.00","174,850.00","990,600.00","1,203,930.00","214,240.00","104,470.00"
49,SUMATERA UTARA,KOTA TEBING TINGGI,"Iman Irdian Saragih, S.E.","Chairil Mukmin Tambunan, S.E., M.Si.","184,883","56,671",3.3,"4,810",38.44,35,0,0,0,35,Kabupaten Serdang Bedagai,Kabupaten Serdang Bedagai,Kabupaten Serdang Bedagai,Kabupaten Serdang Bedagai,18-34,156.0,5,35,,,8,12,20,8,12,8,N/A,8,N/A,12,"717,456,289,377.00","133,363,728,249.00","58,614,934,212.00","50,556,695,844.00","13,353,327,302.00","10,838,770,891.00","580,092,561,128.00","20,594,682,000.00",N/A,"439,564,641,580.00","77,790,974,280.00",N/A,N/A,N/A,N/A,N/A,N/A,"4,000,000,000.00",N/A,"4,000,000,000.00",N/A,"572,414,915,817.31","343,372,820,866.00","212,514,200,915.31",N/A,N/A,"15,927,894,036.00","600,000,000.00","99,469,153,168.91","909,522,085.00",N/A,N/A,N/A,,"92,873","93,561","184,883","14,655","16,239","15,635","14,796","13,433","14,092","14,770","13,897","13,111","11,836","10,591","9,382","8,285","6,447","4,255","3,459","98,022.00","92,146.00","5,876.00","36,015.00","7,340.00","23,447.00","5,228.00",79.26,N/A,N/A,45.17,3.1,,,"40,428","12,650","27,778",0.275,"Rp691,270",15.4,8.7,"8,265,040.00","102,510.00","11,020.00","894,310.00","10,200.00","15,670.00","1,158,160.00","2,189,000.00","692,600.00","332,700.00","177,440.00","435,190.00","632,440.00","39,020.00","892,730.00","502,410.00","98,580.00","81,070.00"
50,SUMATERA UTARA,KOTA MEDAN,Rico Tri Putra Bayu Waas,Zakiyuddin Harahap,"2,510,147","722,724",3.5,"8,988",279.29,151,0,0,0,151,Selat Malaka,Kabupaten Deli Serdang,Kabupaten Deli Serdang,Kabupaten Deli Serdang,2.50-37.50,295.6,21,151,,,4,9,6,8,3,2,2,5,,6,"6,324,595,860,000.00","3,093,704,510,000.00","2,783,013,340,000.00","107,053,890,000.00","16,898,690,000.00","186,738,590,000.00","3,130,559,790,000.00","207,445,460,000.00",N/A,"2,093,646,990,000.00","549,863,080,000.00",N/A,N/A,N/A,N/A,N/A,N/A,"100,331,560,000.00","4,000,000,000.00",N/A,"96,331,560,000.00","4,795,623,140,000.00","1,990,951,630,000.00","2,499,056,500,000.00",N/A,N/A,"213,413,480,000.00","92,201,520,000.00","1,039,226,110,000.00","2,610,080,000.00",N/A,N/A,N/A,,"1,243,422","1,254,871","2,510,147","176,603","196,175","191,028","185,345","186,138","192,120","195,788","196,179","192,239","180,344","164,812","141,380","112,906","84,859","58,887","55,344","1,268,592.00","1,167,203.00","101,389.00","663,373.00","160,676.00","376,846.00","125,851.00",83.74,N/A,N/A,141.41,5.1,,,"527,866","177,797","350,069",0.362,"Rp721,547",171.6,7.3,"353,289,260.00","3,222,420.00","3,120.00","49,904,900.00","303,180.00","660,170.00","61,153,480.00","97,072,220.00","24,388,040.00","10,733,230.00","20,255,090.00","19,411,710.00","30,455,890.00","11,449,260.00","5,261,710.00","8,259,140.00","6,221,710.00","4,533,990.00"
51,SUMATERA UTARA,BATU BARA,"Drs. H. Baharuddin Siagian, S.H., M.Si.","Syafrizal, S.E., M.A.P.","450,421","119,666",3.8,498,904.96,151,0,0,0,151,Kabupaten Serdang Bedagai,Kabupaten Asahan,Selat Malaka,Kabupaten Simalungun,,132.2,12,151,,,3,10,3,4,7,1,3,2,N/A,6,"1,208,062,979,000.00","227,015,616,000.00","185,649,027,000.00","24,448,269,000.00","5,298,987,000.00","11,619,332,000.00","954,747,479,000.00","44,125,862,000.00",N/A,"634,428,561,000.00","100,749,857,000.00","5,836,438,000.00",N/A,N/A,"108,304,028,000.00","60,909,339,000.00","393,392,000.00","26,299,883,000.00",N/A,"4,000,000,000.00","22,299,883,000.00","842,936,728,000.00","431,886,156,000.00","384,100,981,000.00",N/A,N/A,"25,616,090,000.00","1,333,500,000.00","116,827,150,000.00","710,164,000.00","189,481,677,000.00","13,891,800,000.00","175,589,876,000.00",,"242,302","237,365","450,421","41,051","49,067","37,796","33,497","32,058","35,282","37,542","33,719","30,846","27,879","24,324","21,000","17,483","13,185","8,979","6,713","223,831.00","211,652.00","12,179.00","94,521.00","17,617.00","63,254.00","13,650.00",73.92,N/A,N/A,115.74,3.4,,,"132,494","41,102","91,392",0.302,"Rp613,493",44.3,10.1,"51,388,290.00","11,784,810.00","59,560.00","23,017,160.00","22,040.00","13,120.00","2,864,340.00","9,333,420.00","1,600,730.00","530,090.00","236,500.00","131,900.00","543,940.00","51,810.00","797,800.00","189,000.00","159,500.00","52,570.00"
52,SUMATERA UTARA,LABUHANBATU UTARA,"Dr. Hendri Yanto Sitorus, S.E., M.M.","H. Samsul Tanjung, S.T., M.H.","422,072","96,606",4.4,115,"3,686.01",69,1,20,0,90,Kabupaten Asahan dan Selat Malaka,Kabupaten Labuhanbatu dan Padang Lawas Utara,Kabupaten Labuhanbatu ,Kabupaten Tapanuli Utara dan Tobasa,,205.3,12,90,,,2,4,9,2,4,6,4,2,1,1,"1,110,348,597,196.99","97,642,124,878.99","60,679,569,300.00","2,506,931,842.00","4,718,597,274.00","29,737,026,462.99",N/A,"26,996,630,600.00","22,222,258,000.00","602,910,311,854.00","168,063,653,405.00",N/A,N/A,N/A,N/A,"74,638,992,295.00","16,850,357,816.00",N/A,N/A,N/A,"101,024,268,348.00",N/A,"474,821,390,777.00","312,098,418,696.00",N/A,N/A,"19,118,185,254.00","12,527,050,710.00","102,717,816,917.00","233,734,000.00",N/A,"3,566,205,272.00","136,481,946,740.00",,"203,578","199,282","422,072","42,008","38,923","38,143","36,969","36,205","35,276","34,508","32,353","28,262","25,116","21,054","17,179","13,973","10,362","6,797","4,944","218,851.00","209,646.00","9,205.00","79,317.00","21,225.00","50,368.00","7,724.00",76.71,N/A,N/A,95.50,N/A,,,"142,253","52,344","89,909",0.232,"Rp629,870",32.1,8.4,"39,677,850.00","16,489,530.00","218,470.00","10,537,610.00","21,860.00","5,700.00","2,292,280.00","6,501,500.00","519,470.00","367,730.00","148,130.00","263,260.00","1,141,250.00","59,870.00","706,080.00","211,570.00","148,260.00","45,260.00"
53,SUMATERA UTARA,NIAS UTARA,"Amizaro Waruwu, S.Pd.","Yusman Zega, A.Md., S.Pi., M.Si.","164,166","33,499",4.9,132,"1,239.53",27,1,85,0,113,Samudera Hindia,Kabupaten Nias dan Kabupaten Nias Barat,Kota Gunungsitoli,Samudera Hindia,10-120,287.9,11,113,,,N/A,2,3,N/A,13,3,N/A,3,N/A,1,"744,065,314,136.00","21,891,033,597.00","6,579,771,595.00","1,409,808,141.00","2,939,343,383.00","10,962,110,478.00",N/A,"16,534,677,300.00",N/A,"387,545,798,636.00","167,971,354,136.00",N/A,"14,906,329,000.00",N/A,N/A,"42,003,935,362.00","82,303,374,466.00","150,122,450,468.00",N/A,N/A,"10,908,811,640.00",N/A,"389,802,390,294.00","139,502,918,940.00",N/A,N/A,"5,522,206,107.00",N/A,"85,362,500,648.00",N/A,N/A,"667,359,660.00","123,301,006,830.00",,"80,244","81,198","164,166","20,143","13,504","14,024","16,133","17,615","15,473","12,315","11,462","9,643","8,750","7,127","5,392","4,208","3,389","2,404","2,584","90,718.00","88,541.00","2,177.00","24,249.00","9,077.00","10,386.00","4,786.00",67.38,N/A,N/A,31.77,3.4,,,"82,308","22,876","59,432",0.230,"Rp551,434",29.7,20.8,"5,128,290.00","2,735,800.00","298,190.00","10,840.00","6,020.00","2,080.00","434,360.00","634,710.00","94,230.00","135,310.00","21,090.00","85,240.00","141,230.00","2,470.00","372,880.00","96,670.00","43,020.00","14,130.00"
54,SUMATERA UTARA,NIAS BARAT,"Eliyunus Waruwu, S.Pt., M.Si.","Sozisokhi Hia, S.H., M.M.","100,960","21,803",4.6,194,520.34,31,1,73,0,105,Kabupaten Nias Utara,Kabupaten Nias Barat Selatan,Kabupaten Nias Barat,Samudera Hindia,,287.9,8,105,,,2,2,2,N/A,N/A,5,N/A,1,N/A,6,"851,669,871,572.20","21,592,949,226.20","6,116,346,223.00","255,794,800.00","2,145,263,065.00","13,075,545,138.20","824,691,490,416.00","17,734,131,700.00",N/A,"332,858,378,033.00","347,004,032,258.00","14,522,717,000.00",N/A,N/A,"80,941,028,056.00","26,632,713,369.00","4,998,490,000.00","5,385,431,930.00",N/A,N/A,"5,385,431,930.00","450,331,649,020.65","323,695,388,462.00","125,474,523,124.65",N/A,N/A,"658,737,434.00","503,000,000.00","217,050,362,095.02",N/A,"115,762,386,380.00","539,436,000.00","115,222,950,380.00",,"47,691","50,049","100,960","13,139","9,287","9,426","10,223","10,225","9,320","6,993","6,869","5,718","5,092","3,924","3,094","2,608","2,158","1,604","1,280","56,266.00","55,718.00",548.00,"11,854.00","4,119.00","5,057.00","2,678.00",66.65,N/A,N/A,26.95,2.2,,,"52,404","14,806","37,598",0.211,"Rp564,416",18.6,22.5,"2,672,000.00","1,430,000.00","91,000.00","6,000.00","3,000.00","1,000.00","256,000.00","358,000.00","48,000.00","44,000.00","13,000.00","47,000.00","72,000.00","3,000.00","224,000.00","47,000.00","20,000.00","8,000.00"
55,SUMATERA UTARA,KOTA BINJAI,"Drs. H. Amir Hamzah, M.A.P.","Hasanul Jihadi, S.H., S.Sos., M.Si.","314,552","81,105",3.9,"3,478",90.45,37,0,0,0,37,Kabupaten Langkat dan Kabupaten Deli Serdang,Kabupaten Langkat dan Kabupaten Deli Serdang,Kabupaten Deli Serdang,Kabupaten Langkat,28-30,N/A,5,37,,,6,5,6,6,4,N/A,N/A,4,N/A,4,"1,051,821,473,520.22","166,623,524,332.22","110,229,699,671.00","41,607,429,885.00","4,514,613,121.00","10,271,781,655.22","865,704,369,215.00","27,597,617,000.00","523,731,183,470.00",N/A,"161,436,331,318.00",N/A,N/A,N/A,"78,791,423,427.00",N/A,N/A,"19,493,579,973.00",N/A,N/A,"19,493,579,973.00","899,857,470,776.29","528,266,480,913.29","346,115,149,189.00",N/A,N/A,"25,475,840,674.00",N/A,"100,357,475,771.55","200,000,000.00",N/A,N/A,N/A,,"155,462","155,470","314,552","24,552","28,617","25,932","24,234","22,475","23,992","24,992","23,918","23,179","21,222","19,344","16,492","13,384","10,041","6,760","5,418","150,756.00","142,663.00","8,093.00","81,688.00",N/A,,,79.20,N/A,N/A,53.53,2.2,,,"65,611","25,851","39,760",0.320,"Rp600,451",13.9,4.7,"16,644,360.00","524,620.00","378,970.00","1,905,440.00","18,930.00","18,170.00","1,860,830.00","5,113,430.00","1,415,030.00","962,910.00","451,470.00","532,570.00","1,251,060.00","152,800.00","1,063,860.00","719,640.00","185,550.00","89,080.00"
56,SUMATERA UTARA,KOTA GUNUNGSITOLI,"Sowa'a Laoli, S.E., M.Si.","Martinus Lase, S.S.P.","149,739","35,237",4.2,718,208.68,32,1,63,5,101,Kabupaten Nias Utara,Kabupaten Nias,Samudera Hindia,Kabupaten Nias Utara dan Kabupaten Nias,,271.2,6,101,,,2,5,3,N/A,1,3,N/A,4,N/A,3,"739,617,824,000.00","24,089,452,000.00","17,430,695,000.00","3,204,383,000.00",N/A,"3,454,374,000.00","703,500,437,000.00",N/A,N/A,"577,314,022,000.00",N/A,"18,183,837,000.00",N/A,N/A,"85,506,324,000.00","22,496,253,000.00",N/A,"12,027,935,000.00",N/A,N/A,"12,027,935,000.00","481,847,665,000.00","303,395,744,000.00","140,738,506,000.00",N/A,N/A,"37,713,415,000.00",N/A,"122,285,102,000.00",N/A,"132,307,480,000.00","1,870,399,000.00","130,437,082,000.00",,"67,383","71,401","149,739","15,005","15,275","14,607","13,768","13,369","12,438","10,826","11,117","9,892","8,735","6,938","5,435","4,488","3,418","2,446","1,982","73,301.00","70,890.00","2,411.00","29,742.00","10,133.00","13,312.00","6,297.00",73.29,N/A,N/A,51.84,3.4,,,"46,772","12,743","34,029",0.340,"Rp521,961",21.1,13.9,"7,647,110.00","1,104,540.00","202,290.00","14,880.00","6,690.00","7,210.00","1,444,630.00","2,192,910.00","719,550.00","329,120.00","124,020.00","259,600.00","400,090.00","25,700.00","359,320.00","364,430.00","63,720.00","28,420.00"
57,SUMATERA BARAT,SOLOK SELATAN,"H. Khairunas, S.I.P., M.Si.","H. Yulian Efi, S.T., M.Eng.","201,979","49,360",4.1,62,"3,282.14",20,0,27,0,47,Kabupaten Solok dan Kabupaten Sawahlunto,Provinsi Jambi,Provinsi Jambi dan Kabupaten Dharmasraya,Kabupaten Pesisir Selatan,350-430,N/A,7,47,,,3,1,8,2,2,N/A,2,4,N/A,3,N/A,"119,676,605,682.78","31,154,295,665.28","67,211,893,533.00","3,275,945,081.00","18,033,856,403.50","716,510,909,545.00",N/A,N/A,,N/A,N/A,N/A,N/A,N/A,N/A,N/A,"970,168,450.00",N/A,N/A,"970,168,450.00","630,415,390,951.61","387,727,266,779.00","224,636,254,620.61",N/A,N/A,"9,946,585,686.00","201,191,680.00","96,460,323,750.60",N/A,N/A,N/A,N/A,,"100,750","97,760","201,979","19,370","16,807","15,376","16,018","17,190","17,651","15,766","15,399","14,403","13,334","11,400","9,361","7,209","5,385","3,719","3,591","115,626.00","113,166.00","2,460.00","31,316.00","9,920.00","17,190.00","4,206.00",74.01,N/A,N/A,41.09,3.9,,,"51,264","18,436","32,828",0.256,"Rp558,817",11.4,6.0,"8,157,200.00","2,426,580.00","699,370.00","341,690.00","3,700.00","3,740.00","970,740.00","1,717,260.00","503,800.00","70,870.00","435,960.00","63,200.00","70,790.00","1,160.00","394,000.00","216,210.00","119,040.00","119,360.00"
58,SUMATERA BARAT,DHARMASRAYA,"Annisa Suci Ramadhani, S.H., LL.M.","Leliarni, S.Pd., M.Si.","252,149","66,511",3.8,85,"2,961.13",52,0,0,0,52,Provinsi Riau dan Kabupaten Sijunjung,Provinsi Jambi,Provinsi Jambi,Kabupaten Solok dan Solok Selatan,,N/A,11,52,,,1,6,5,5,31,2,4,1,N/A,4,"952,036,775,854.25","137,446,952,704.65","54,319,122,273.00","73,178,734,847.00","5,529,319,459.00","4,419,776,125.65",N/A,"43,055,244,792.00",N/A,"496,572,481,339.00","147,718,602,081.00",N/A,"63,387,406,000.00",N/A,N/A,"45,215,997,502.00",N/A,"127,243,494,937.60","82,698,940.00",N/A,"18,557,392,495.60",N/A,"373,990,257,240.00","278,072,209,970.00",N/A,N/A,"28,767,442,550.00",N/A,"137,045,542,050.00","3,924,380,710.00",N/A,N/A,N/A,,"127,480","124,670","252,149","22,561","21,165","19,992","20,870","20,162","19,816","19,967","20,064","19,051","17,434","14,821","11,962","9,180","6,576","4,361","4,167","138,321.00","130,704.00","7,617.00","47,202.00","12,999.00","30,056.00","4,147.00",75.70,N/A,N/A,62.07,3.9,,,"68,036","25,702","42,334",0.234,"Rp633,451",13.5,4.6,"15,394,400.00","4,512,510.00","768,510.00","800,990.00","2,760.00","1,450.00","2,143,670.00","2,330,020.00","895,640.00","155,740.00","1,063,620.00","345,260.00","339,800.00","2,810.00","1,137,800.00","446,890.00","305,630.00","141,290.00"
59,SUMATERA BARAT,KOTA PARIAMAN,"Yota Balad, S.S.T.P., M.Si.",Mulyadi,"100,516","28,650",3.5,"1,547",64.97,71,0,0,0,71,Kabupaten Padang Pariaman,Kabupaten Padang Pariaman,Kabupaten Padang Pariaman,Samudera Hindia,,392.7,4,71,,,3,N/A,3,3,6,N/A,N/A,2,1,2,"616,431,490,000.00","57,450,550,000.00","22,296,270,000.00","11,729,160,000.00","11,365,010,000.00","12,060,110,000.00","558,980,940,000.00",N/A,N/A,N/A,N/A,N/A,N/A,N/A,N/A,N/A,N/A,"4,000,000,000.00",N/A,N/A,N/A,"485,892,420,000.00","317,424,790,000.00","160,911,510,000.00",N/A,N/A,"7,556,120,000.00",N/A,"24,540,290,000.00","561,150,000.00","87,462,670,000.00","1,396,740,000.00","86,065,930,000.00",,"50,820","49,690","100,516","8,765","8,654","7,663","7,719","8,017","8,346","8,203","7,486","6,836","6,051","5,441","5,077","4,315","3,238","2,271","2,434","54,551.00","51,735.00","2,816.00","20,215.00","6,199.00","10,904.00","3,112.00",81.27,N/A,N/A,73.26,3.5,,,"22,943","9,280","13,663",0.302,"Rp634,304",3.6,3.8,"7,284,820.00","1,264,810.00","118,770.00","519,140.00","4,670.00","2,310.00","1,056,960.00","1,172,190.00","723,950.00","197,220.00","634,800.00","206,580.00","216,890.00","9,850.00","439,590.00","330,020.00","104,740.00","282,330.00"
60,SUMATERA BARAT,KEPULAUAN MENTAWAI,"Rinto Wardana, S.H., M.H.",Jakop Saguruk,"95,323","25,752",3.7,16,"6,049.33",16,0,27,0,43,Selat Siberut,Samudera Hindia,Selat Mentawai ,Samudera Hindia,,N/A,10,43,,,4,4,1,N/A,N/A,1,N/A,4,N/A,3,"760,351,361,139.34","58,636,166,875.34","12,576,793,344.00","19,810,043,027.00","16,530,807,515.00","9,718,522,989.34","657,415,642,859.00",N/A,N/A,N/A,N/A,N/A,N/A,"21,715,422,000.00","37,470,503,404.00","31,788,703,629.00","395,000,000.00","12,115,847,776.00",N/A,N/A,"8,115,847,776.00","583,835,475,834.92","364,667,553,785.04","200,224,546,439.88",N/A,"7,430,462,000.00","11,013,413,610.00","499,500,000.00","142,697,574,476.00","1,595,671,852.00","92,363,773,096.00","3,257,906,575.00","89,515,946,439.00",,"51,861","47,949","95,323","9,842","7,335","7,716","9,488","8,676","7,665","7,328","7,589","6,608","5,889","4,967","4,282","3,124","2,316","1,311","1,187","57,220.00","56,343.00",877.00,"12,277.00","5,852.00","4,822.00","1,603.00",67.62,N/A,N/A,70.78,2.9,,,"15,579","5,234","10,345",0.291,"Rp474,879",13.7,13.2,"6,591,150.00","3,171,500.00","101,300.00","169,460.00","1,800.00",240.00,"892,390.00","924,130.00","465,210.00","58,770.00","70,310.00","7,920.00","61,860.00","2,800.00","470,330.00","76,310.00","48,620.00","68,160.00"
61,SUMATERA BARAT,PESISIR SELATAN,"Drs. H. Hendrajoni, S.H., M.H.","Risnaldi Ibrahim, S.Ag., M.M.","547,763","152,145",3.6,91,"6,045.68",157,0,25,0,182,Kota Padang,Provinsi Bengkulu,"Kabupaten Solok, Solok Selatan, & Kerinci",Samudera Hindia,,451.2,15,182,,,5,3,5,5,9,N/A,6,5,1,5,"1,682,475,335,790.00","192,066,233,830.00","61,205,528,730.00","109,708,258,150.00","11,922,828,200.00","9,229,618,740.00",N/A,"19,087,142,000.00","8,329,091,000.00","926,302,599,160.00","305,158,039,330.00",N/A,N/A,N/A,"156,035,442,050.00","67,473,092,740.00","1,780,000,000.00","75,496,788,420.00",N/A,"4,000,000,000.00","2,243,695,680.00","1,242,583,356,770.00","873,320,926,180.00","349,961,912,330.00",N/A,N/A,"19,296,518,260.00","4,000,000.00","96,959,802,090.00","6,104,686,940.00","249,777,387,850.00","1,839,072,900.00","247,938,314,950.00",,"272,639","270,701","547,763","48,542","44,298","42,322","45,130","45,588","43,844","40,133","38,629","36,877","35,654","31,058","27,875","22,459","19,166","13,679","12,509","286,912.00","272,268.00","14,644.00","120,655.00","27,476.00","83,020.00","10,159.00",73.72,N/A,N/A,37.67,3.6,,,"126,820","44,155","82,665",0.238,"Rp600,161",31.5,6.5,"20,357,360.00","7,623,510.00","667,800.00","1,412,730.00","8,740.00","11,240.00","2,240,030.00","2,632,520.00","755,380.00","265,430.00","1,448,880.00","445,270.00","284,240.00","9,690.00","1,306,410.00","662,570.00","313,910.00","269,000.00"
62,SUMATERA BARAT,SOLOK,"Jon Firman Pandu, S.H.","Candra, S.E.","420,412","117,600",3.6,112,"3,738.00",3,0,71,0,74,Kabupaten Tanah Datar,Kabupaten Solok Selatan,Kota Sawahlunto,Kota Padang dan Kabupaten Pesisir Selatan,,N/A,14,74,,,4,1,5,5,9,2,N/A,5,N/A,4,N/A,"94,338,000,000.00","23,214,000,000.00","47,482,000,000.00","9,049,000,000.00","14,592,000,000.00","1,027,354,000,000.00","5,979,000,000.00","11,117,000,000.00","573,526,000,000.00","306,734,000,000.00","7,217,000,000.00",N/A,N/A,"81,253,000,000.00","64,771,000,000.00","1,274,933,000,000.00","64,771,000,000.00",N/A,N/A,N/A,N/A,"614,922,000,000.00","316,383,000,000.00",N/A,N/A,"47,316,000,000.00",N/A,"1,949,000,000.00","2,255,000,000.00",N/A,"1,949,000,000.00","159,737,000,000.00",,"210,160.00","208,871.00","420,412","36,213","31,637","33,449","35,034","35,734","35,045","32,647","31,062","28,889","26,295","23,042","19,730","17,577","14,574","10,515","8,969","243,322.00","231,896.00","11,426.00","72,087.00",N/A,N/A,N/A,73.26,N/A,N/A,46.73,3.0,,,"89,625","31,825","57,800",0.219,"Rp579,500",25.2,6.5,"19,412,790.00","6,577,430.00","1,049,490.00","997,930.00","4,880.00","9,090.00","1,817,450.00","2,319,250.00","1,964,310.00","201,200.00","1,359,650.00","350,540.00","177,480.00","13,240.00","1,244,020.00","758,300.00","337,220.00","231,410.00"
63,SUMATERA BARAT,SIJUNJUNG,"Benny Dwifa Yuswir, S.S.T.P., M.Si.","H. Iraddatillah, S.Pt.","252,768","77,946",3.2,80,"3,150.58",7,0,55,0,62,"Kabupaten Tanah Datar, Lima Puluh Kota, Kampar",Kabupaten Dharmasraya,Kabupaten Singingi,Kota Sawahlunto dan Kabupaten Solok,,392.7,8,62,,,2,1,6,4,6,1,3,2,1,3,"1,065,431,003,467.00","141,931,725,496.00","40,111,092,715.00","7,463,867,089.00","21,099,693,133.00","73,257,072,559.00",N/A,"29,317,199,000.00",N/A,"539,769,162,358.00","184,175,763,686.00","6,986,983,000.00",N/A,N/A,"50,152,691,400.00","40,713,105,317.00",N/A,N/A,"12,988,113,720.00","8,050,911,404.00",N/A,N/A,"538,450,225,210.00","203,494,423,913.00",N/A,N/A,"8,081,548,891.00","517,800,000.00","83,830,932,580.00","1,850,229,875.00",N/A,N/A,"108,586,366,300.00",,"126,310","123,480","252,768","22,482","21,048","19,729","21,290","21,442","20,053","18,400","18,391","17,732","16,691","15,120","12,390","9,884","7,987","5,500","4,629","141,128.00","134,647.00","6,481.00","46,218.00","14,311.00","26,469.00","5,438.00",73.73,N/A,N/A,54.19,3.3,,,"61,322","22,605","38,717",0.246,"Rp574,991",13.6,5.2,"13,536,750.00","3,891,980.00","1,626,880.00","398,550.00","4,940.00","5,260.00","1,845,930.00","1,730,040.00","936,280.00","113,610.00","474,160.00","327,170.00","169,850.00","2,570.00","721,020.00","685,550.00","312,230.00","290,730.00"
64,SUMATERA BARAT,TANAH DATAR,"Eka Putra, S.E., M.M.","Ahmad Fadly, S.S.T.P.","397,235","121,749",3.3,288,"1,377.10",13,0,62,0,75,Kabupaten Agam dan Lima Puluh Kota,Kabupaten Solok dan Kota Padang Panjang,Kabupaten Lima Puluh Kota dan Kabupaten Sijunjung,Kabupaten Padang Pariaman,200-1000,392.7,14,75,,,4,1,5,4,7,1,3,4,N/A,4,N/A,"182,103,141,740.00","48,527,769,060.00","101,219,791,750.00","26,876,336,070.00","5,425,342,140.00","1,118,906,245,310.00",N/A,N/A,N/A,N/A,N/A,N/A,N/A,N/A,N/A,N/A,"11,612,338,460.00","5,189,387,910.00",N/A,"6,422,950,550.00","1,001,178,851,220.00","688,756,962,640.00","289,146,849,700.00",N/A,"52,906,670.00","20,805,893,120.00","2,416,239,100.00","99,532,759,290.00","3,098,468,000.00","146,131,582,320.00",N/A,N/A,,"198,360","194,380","397,235","32,557","26,509","26,957","30,437","32,371","32,689","30,795","26,524","24,908","24,167","23,088","21,977","20,489","17,334","13,336","13,097","224,680.00","212,862.00","11,818.00","83,758.00","20,797.00","49,504.00","13,457.00",77.04,N/A,N/A,47.03,2.7,,,"101,696","39,609","62,087",0.218,"Rp564,372",12.6,3.6,"18,472,040.00","5,069,250.00","577,380.00","1,978,250.00","4,120.00","20,290.00","1,862,550.00","2,609,250.00","1,609,590.00","150,240.00","1,030,740.00","495,720.00","324,340.00","6,940.00","1,320,010.00","679,100.00","323,600.00","410,650.00"
65,SUMATERA BARAT,PADANG PARIAMAN,"H. John Kenedy Azis, S.H., M.H.",Rahmat Hidayat,"474,990","132,256",3.6,354,"1,343.56",59,0,44,0,103,Kabupaten Agam,Kota Padang,Kabupaten Lima Puluh Kota dan Kabupaten Tanah Datar,Samudera Indonesia dan Kota Pariaman,0-1925,392.7,17,103,,,5,1,4,4,11,N/A,5,5,N/A,5,N/A,"176,741,930,578.00","85,859,270,526.00","74,094,672,200.00","8,728,317,039.00","8,059,670,813.00","1,201,646,557,131.06","12,533,080,000.00",N/A,N/A,N/A,"7,113,627,000.00",N/A,N/A,"102,989,508,000.00","62,011,663,131.06","600,000,000.00","4,000,000,000.00",N/A,N/A,"4,000,000,000.00","1,155,898,931,943.30","825,676,004,549.41","316,747,067,393.89",N/A,N/A,N/A,N/A,"62,558,156,321.30","14,000,000,000.00","187,930,942,149.00","10,009,191,049.00","177,921,751,100.00",,"234,860","232,180","474,990","41,561","36,582","37,245","40,237","41,249","41,681","39,206","32,159","27,478","26,733","25,748","23,222","19,518","16,472","12,236","13,663","248,586.00","233,124.00","15,462.00","115,611.00","32,788.00","61,737.00","21,086.00",75.71,N/A,N/A,59.51,1.8,,,"83,617","23,994","59,623",0.258,"Rp590,495",25.1,5.9,"27,793,210.00","5,751,050.00","1,652,940.00","2,974,930.00","8,350.00","12,690.00","2,614,460.00","2,883,050.00","6,006,200.00","349,250.00","1,020,410.00","462,200.00","301,390.00","21,450.00","1,487,050.00","1,570,750.00","214,450.00","462,590.00"
66,SUMATERA BARAT,AGAM,"Dr. H. Beni Warlis, M.M., Dt. Tan Batuah","Muhammad Iqbal, S.E., M.Com.","574,226","153,906",3.7,258,"2,225.34",39,0,64,2,105,Kabupaten Pasaman dan Pasaman Barat,Kabupaten Padang Pariaman dan Kabupaten Tanah Datar,Kabupaten Lima Puluh Kota,Samudera Indonesia,,N/A,16,105,,,6,N/A,4,9,12,1,1,5,1,6,"1,572,035,369,949.78","202,739,875,120.78","82,630,688,214.00","99,084,402,933.00","13,807,124,697.00","7,217,659,276.78",N/A,"14,683,527,000.00","5,270,358,000.00","893,639,603,961.00","282,891,195,096.00",N/A,N/A,N/A,"98,028,894,550.00","64,881,946,222.00","5,899,970,000.00","74,781,916,222.00","4,000,000,000.00",N/A,N/A,"1,237,459,119,264.12","866,021,568,444.12","350,418,763,362.00",N/A,N/A,"17,597,037,458.00","3,421,750,000.00","56,310,843,328.00","6,548,478,232.56","194,893,642,017.00","9,647,487,656.00","185,246,154,361.00",,"267,337","266,836","574,226","51,249","39,144","40,742","44,583","47,753","47,869","45,830","40,511","37,697","34,331","31,235","28,826","25,603","21,138","16,486","21,229","305,287.00","290,903.00","14,384.00","133,566.00","37,913.00","70,116.00","25,537.00",76.04,N/A,N/A,52.23,3.0,,,"95,833","32,443","63,390",0.232,"Rp570,317",30.6,6.0,"29,591,000.00","8,571,000.00","1,024,000.00","3,127,000.00","6,000.00","13,000.00","2,515,000.00","5,857,000.00","1,921,000.00","267,000.00","1,797,000.00","373,000.00","594,000.00","11,000.00","1,271,000.00","1,555,000.00","404,000.00","285,000.00"
67,SUMATERA BARAT,LIMA PULUH KOTA,"Safni, S.E.","Ahlul Badrito Resha, S.H.","410,327","129,368",3.2,125,"3,273.41",22,0,57,0,79,Kabupaten Rokan Hulu dan Provinsi Riau,Kabupaten Tanah Datar dan Kabupaten Sijunjung,Provinsi Riau,Kabupaten Agam dan Pasaman,,N/A,13,79,,,5,1,5,5,6,1,3,5,N/A,4,"1,320,593,986,932.00","140,241,668,028.00","61,669,681,814.00","42,919,451,289.00","4,794,398,220.00","30,858,136,705.00","1,174,495,981,630.00","28,819,074,000.00",N/A,"766,170,346,037.00","244,972,355,468.00",N/A,N/A,N/A,"82,493,704,528.00",N/A,N/A,"5,856,337,274.00","4,000,000,000.00",N/A,"1,856,337,274.00","1,050,036,722,633.00","795,877,699,541.00","224,373,551,504.00",N/A,N/A,"27,520,146,567.00","2,265,325,020.00","75,350,919,827.00","64,380,000.00","8,538,902,838.00","2,040,328,994.00","6,498,573,844.00",,"203,600","202,200","410,327","33,883","29,901","29,410","33,459","34,445","33,539","30,069","26,213","26,172","27,572","26,438","22,206","17,731","15,000","11,872","12,417","232,886.00","224,091.00","8,795.00","81,065.00","23,772.00","48,371.00","8,922.00",73.43,N/A,N/A,55.42,3.4,,,"103,422","37,409","66,013",0.218,"Rp593,402",24.6,6.1,"22,472,270.00","7,208,380.00","1,731,060.00","1,540,390.00","3,220.00","6,560.00","1,130,010.00","3,541,110.00","2,198,500.00","184,480.00","1,354,370.00","387,850.00","280,980.00","6,230.00","1,371,660.00","749,910.00","415,780.00","361,460.00"
68,SUMATERA BARAT,PASAMAN,Welly Suheri,Anggit Kurniawan Nasution,"327,768","92,303",3.6,83,"3,947.63",22,0,39,1,62,Provinsi Sumatera Utara dan Kabupaten Mandailing Natal,Kabupaten Agam,Kabupaten Lima Puluh Kota,Kabupaten Pasaman Barat,,9.5,12,62,,,6,N/A,5,6,5,N/A,5,5,N/A,3,"959,268,627,516.57","125,159,286,201.00","26,135,557,260.00","80,461,903,945.88","14,667,895,911.00","3,893,929,083.69",N/A,N/A,N/A,"593,877,170,866.00","183,932,772,908.00",N/A,N/A,N/A,N/A,"40,683,865,842.00","8,254,498,700.00","52,938,364,542.00",N/A,"4,000,000,000.00",N/A,N/A,N/A,N/A,N/A,N/A,N/A,N/A,N/A,N/A,N/A,N/A,N/A,,"163,130","159,810","327,768","30,363","26,433","26,257","28,592","28,274","27,538","26,046","24,173","22,646","19,998","16,853","14,838","12,999","9,997","6,687","6,074","175,349.00","166,073.00","9,276.00","65,886.00","20,674.00","37,716.00","7,496.00",71.60,N/A,N/A,39.98,3.6,,,"69,784","23,999","45,785",0.207,"Rp524,533",18.0,6.0,"12,909,780.00","6,062,580.00","239,260.00","495,150.00","2,440.00","11,320.00","697,080.00","1,903,510.00","593,150.00","119,600.00","695,650.00","294,110.00","177,970.00","6,300.00","960,060.00","345,080.00","155,750.00","150,780.00"
69,SUMATERA BARAT,PASAMAN BARAT,"Yulianto, S.H., M.M.",M. Ihpan,"468,987","126,577",3.7,121,"3,887.77",79,3,7,1,90,Kabupaten Mandailing Natal (Sumut),Kabupaten Agam,Kabupaten Pasaman dan Kabupaten Agam,Samudera Hindia,,N/A,11,90,,,4,4,5,5,8,1,4,4,N/A,4,"1,262,197,659,861.89","151,181,439,359.89","64,078,591,163.00","69,105,192,441.00","10,307,142,856.00","7,690,512,899.89",N/A,"23,145,495,000.00","9,829,686,000.00","699,484,321,908.00","233,081,849,954.00",N/A,N/A,N/A,N/A,"51,486,479,500.00","2,620,000,000.00","145,474,867,640.00",N/A,"4,050,000,000.00","87,318,388,140.00",N/A,"672,947,068,058.00","268,130,247,886.31",N/A,N/A,"25,514,330,354.00",N/A,"80,640,047,587.00","1,018,164,541.00",N/A,"3,030,956,515.00","157,477,070,540.00",,"232,497","29,370","468,987","43,363","40,896","39,663","41,875","41,490","38,675","37,513","36,190","32,679","29,062","24,640","20,584","16,572","12,016","7,555","6,214","231,520.00","217,749.00","13,771.00","108,661.00","30,864.00","55,049.00","22,748.00",73.69,N/A,N/A,49.73,4.1,,,"79,235","26,324","52,911",0.257,"Rp669,360",31.7,6.3,"23,014,440.00","9,831,340.00","352,380.00","2,969,130.00","4,610.00","2,280.00","1,612,620.00","2,873,810.00","1,134,870.00","156,810.00","1,284,630.00","442,820.00","346,470.00","12,500.00","898,860.00","597,230.00","320,850.00","173,250.00"
70,SUMATERA BARAT,KOTA PADANG,"Muhammad Fadly Amran, B.B.A.","H. Maigus Nasir, S.Pd.","975,548","254,954",3.8,"1,405",694.32,86,0,18,0,104,Kabupaten Padang Pariaman,Kabupaten Pesisir Selatan,Kabupaten Solok,Samudera Hindia,,N/A,11,104,,,4,3,5,7,7,N/A,4,7,N/A,7,"2,850,542,198,443.07","924,526,701,752.07","729,421,159,856.50","96,185,424,976.06","23,640,612,561.26","75,279,504,358.25","1,920,800,496,691.00",N/A,N/A,"104,466,045,501.00",N/A,N/A,N/A,N/A,N/A,"4,000,000,000.00",N/A,"5,215,000,000.00","1,215,000,000.00",N/A,N/A,"2,372,205,977,851.54","1,379,474,802,972.00","858,367,321,284.54","1,185,217,028.00","45,510,141,938.00","69,022,217,029.00","18,646,277,600.00","434,109,475,577.25","11,975,496,098.00",N/A,N/A,N/A,,"488,900","486,650","975,548","82,331","78,844","73,134","74,336","71,758","74,920","79,860","77,690","70,210","62,464","57,211","52,515","43,598","33,695","23,138","19,844","493,647.00","445,778.00","47,869.00","240,180.00","69,372.00","145,008.00","25,800.00",84.93,N/A,N/A,92.21,N/A,,,"188,560","75,444",######,0.348,"Rp767,616",37.4,3.6,"88,987,410.00","4,569,060.00","2,760,170.00","9,781,700.00","75,860.00","129,050.00","8,777,010.00","15,836,910.00","13,582,880.00","1,193,430.00","7,654,300.00","4,826,440.00","2,954,980.00","1,277,850.00","5,891,960.00","4,871,630.00","1,830,980.00","2,973,210.00"
71,SUMATERA BARAT,KOTA SOLOK,"Dr. H. Ramadhani Kirana Putra, S.E., M.M.","Suryadi Nurdal, S.H.","82,654","23,532",3.5,"1,408",58.72,12,0,1,0,13,Kabupaten Solok ,Kabupaten Solok ,Kabupaten Solok ,Kota Padang,,N/A,2,13,,,2,N/A,3,2,4,2,N/A,3,2,2,"560,929,027,474.00","61,982,719,637.00","24,244,364,141.00","12,268,466,334.00","21,027,614,641.00","4,442,274,521.00",N/A,"10,008,322,500.00",N/A,"405,679,089,824.00","38,221,506,150.00",N/A,"20,917,821,000.00",N/A,N/A,"24,110,568,363.00",N/A,"45,028,389,363.00",N/A,N/A,N/A,N/A,"285,213,467,926.00","166,258,256,559.74","3,547,071,911.00",N/A,"5,567,396,891.00",N/A,"46,723,680,587.00","1,597,223,221.00",N/A,N/A,N/A,,"41,674","40,980","82,654","7,439","7,474","6,859","6,626","6,418","6,491","6,667","6,522","5,919","5,410","4,648","3,778","3,279","2,365","1,522","1,237","42,046.00","40,420.00","1,626.00","17,743.00","4,677.00","9,816.00","3,250.00",80.90,N/A,N/A,72.53,N/A,,,"9,709","3,950","5,759",0.302,"Rp593,520",2.3,2.9,"5,879,310.00","292,730.00","32,270.00","257,380.00","3,070.00","9,550.00","761,350.00","1,514,850.00","848,720.00","152,010.00","423,020.00","266,390.00","157,700.00",940.00,"505,030.00","344,320.00","104,930.00","205,060.00"
72,SUMATERA BARAT,KOTA SAWAHLUNTO,"Riyanda Putra, S.I.P.",Jeffry Hibatullah,"70,664","20,333",3.5,258,273.45,0,2,35,0,37,Kabupaten Tanah Datar,Kabupaten Solok,Kabupaten Sijunjung,Kabupaten Solok,,145.4,4,38,,,2,N/A,3,2,8,N/A,2,2,N/A,1,"586,870,107,856.71","72,442,968,267.71","18,237,142,840.00","32,279,168,796.00","17,289,759,395.00","4,636,897,236.71",N/A,"27,720,770,000.00","380,638,530,103.00","51,563,771,749.00","8,752,114,000.00",N/A,N/A,N/A,"19,355,965,928.00","26,246,137,809.00",N/A,"26,395,987,809.00","149,850,000.00",N/A,N/A,N/A,"294,279,112,776.00","167,862,285,578.88","821,173,862.00",N/A,"6,681,608,726.00","2,682,600,000.00","21,124,602,703.40",N/A,N/A,"1,118,407,131.00","57,552,016,692.00",,"35,050","34,640","70,664","5,890","6,032","5,272","5,358","5,457","5,429","5,485","4,986","4,727","4,487","4,222","3,813","3,478","2,572","1,808","1,648","39,100.00","37,286.00","1,814.00","13,725.00","4,156.00","7,512.00","2,057.00",77.05,N/A,N/A,78.07,3.4,,,"9,017","3,738","5,279",0.249,"Rp545,725",1.8,2.7,"5,441,230.00","470,570.00","195,480.00","610,920.00","83,820.00","18,120.00","551,340.00","867,990.00","423,220.00","123,850.00","480,530.00","189,940.00","103,680.00","7,130.00","704,730.00","186,150.00","70,870.00","352,880.00"
73,SUMATERA BARAT,KOTA PADANG PANJANG,"H. Hendri Arnis, B.S.B.A.",Allex Saputra,"61,072","16,960",3.6,"2,592",23.56,9,0,7,0,16,Kabupaten Tanah Datar,Kabupaten Tanah Datar,Kabupaten Tanah Datar,Kabupaten Padang Pariaman,,355.4,2,16,,,2,N/A,2,2,4,N/A,1,4,2,3,"564,960,652,000.00","100,386,737,000.00","17,328,597,000.00","63,853,203,000.00","7,991,779,000.00","11,213,158,000.00","460,518,396,000.00",N/A,N/A,N/A,"40,615,172,000.00",N/A,N/A,N/A,N/A,N/A,N/A,"4,055,518,000.00",N/A,N/A,"4,055,518,000.00","476,072,860,000.00","278,088,172,000.00","183,727,161,000.00",N/A,"60,700,000.00","7,151,863,000.00","7,044,965,000.00","55,109,708,000.00","631,264,000.00",N/A,N/A,N/A,,"30,280","29,990","61,072","5,704","5,560","4,654","4,914","4,886","4,995","4,897","4,550","4,093","3,779","3,356","2,967","2,458","1,801","1,275","1,183","30,900.00","29,334.00","1,566.00","13,753.00","4,873.00","6,786.00","2,094.00",81.32,N/A,N/A,84.09,3.6,,,"14,117","5,672","8,445",0.275,"Rp660,705",2.9,5.0,"5,067,660.00","257,570.00","12,090.00","433,850.00","2,660.00","11,680.00","455,220.00","924,590.00","578,410.00","148,400.00","494,750.00","220,100.00","192,440.00","3,930.00","482,090.00","493,300.00","83,240.00","273,340.00"
74,SUMATERA BARAT,KOTA BUKITTINGGI,"H. M. Ramlan Nurmatias, S.H.","Ibnu Asis, S.T.P.","126,764","40,395",3.1,"5,245",24.17,24,0,0,0,24,Kabupaten Agam,Kabupaten Agam,Kabupaten Agam,Kabupaten Agam,,355.4,3,24,,,3,N/A,3,5,2,N/A,2,4,N/A,4,"755,881,000,000.00","161,337,000,000.00","78,431,000,000.00","65,035,000,000.00","10,017,000,000.00","7,854,000,000.00",N/A,N/A,N/A,"13,754,000,000.00","461,028,000,000.00",N/A,N/A,N/A,N/A,"7,000,000,000.00","4,000,000,000.00",N/A,"36,809,000,000.00","29,809,000,000.00",N/A,"650,136,000,000.00","357,222,000,000.00","266,892,000,000.00",N/A,"2,155,000,000.00","22,057,000,000.00","1,810,000,000.00","41,913,000,000.00","8,000,000.00","2,769,000,000.00",N/A,"2,769,000,000.00",,"62,810","63,110","126,764","10,998","10,699","9,807","10,205","9,920","9,744","9,965","9,539","8,718","7,949","7,496","6,540","5,527","4,090","2,746","2,821","66,535.00","63,602.00","2,933.00","28,087.00","9,364.00","16,018.00","2,705.00",83.05,N/A,N/A,98.63,3.6,,,"24,096","8,963","15,133",0.267,"Rp685,824",5.5,3.8,"12,420,040.00","128,390.00",210.00,"648,520.00","72,690.00","14,850.00","753,050.00","4,264,280.00","1,240,810.00","612,960.00","901,280.00","721,530.00","423,400.00","77,770.00","740,880.00","741,320.00","522,710.00","555,400.00"
75,SUMATERA BARAT,KOTA PAYAKUMBUH,"Dr. dr. H. Zulmaeta, Sp.OG., KFM.","Elzadaswarman, S.K.M., M.P.H.","150,446","43,340",3.5,"1,871",80.43,45,0,2,0,47,Kabupaten Limapuluh Kota,Kabupaten Limapuluh Kota,Kabupaten Limapuluh Kota,Kabupaten Limapuluh Kota,450-750,N/A,5,47,,,3,N/A,4,3,6,N/A,3,4,1,1,"758,539,906,845.45","159,560,940,673.85","44,110,892,110.00","90,400,137,502.00","13,275,525,706.00","11,774,385,355.85","594,978,966,172.00",N/A,N/A,N/A,N/A,N/A,N/A,N/A,N/A,N/A,N/A,"4,000,000,000.00","4,000,000,000.00",N/A,N/A,"738,081,315,556.00","427,783,039,819.00","287,002,812,574.00",N/A,N/A,"22,270,963,163.00","1,024,500,000.00","106,201,784,050.00","6,726,011,484.00",N/A,N/A,N/A,,"75,550","74,900","150,446","12,701","12,854","11,453","12,332","11,741","11,257","11,596","10,714","10,442","9,882","9,051","7,823","6,579","5,170","3,484","3,367","80,600.00","76,601.00","3,999.00","31,454.00","9,912.00","16,826.00","4,716.00",81.62,N/A,N/A,66.04,3.6,,,"32,946","12,297","20,649",0.271,"Rp674,813",7.4,5.0,"9,812,970.00","544,460.00","45,840.00","494,260.00","4,930.00","24,980.00","1,306,000.00","2,466,340.00","1,128,530.00","350,160.00","853,770.00","603,220.00","282,540.00","22,720.00","676,700.00","458,500.00","174,900.00","375,100.00"
76,RIAU,KEPULAUAN MERANTI,AKBP (Purn.) H. Asmar,"Muzamil Baharudin, S.M., M.M.","217,407","57,050",3.8,59,"3,707.84",101,0,0,0,101,Selat Malaka,Kabupaten Siak dan Kabupaten Pelalawan,Kabupaten Bengkalis,Kabupaten Siak,,N/A,9,101,,,2,5,3,3,7,N/A,3,3,N/A,3,"991,588,865,030.80","111,586,867,914.80","23,351,876,866.95","66,838,735,343.18","11,377,682,707.00","10,018,572,997.67",N/A,"103,948,654,300.00","93,292,031,000.00","406,433,681,707.00","146,394,044,481.00",N/A,N/A,N/A,N/A,N/A,N/A,"30,445,000.00","30,445,000.00",N/A,N/A,"604,258,733,496.17","433,942,145,676.53","294,287,069,657.44",N/A,N/A,"28,466,963,698.28","5,903,561,516.36","92,944,623,757.25","8,942,594,688.00",N/A,N/A,"127,003,467,917.00",,"109,307","102,916","217,407","17,410","18,787","16,859","15,691","18,338","18,423","17,535","16,727","15,664","14,588","12,423","9,993","8,923","6,895","4,765","4,386","113,352.00","107,202.00","6,150.00","49,652.00",N/A,N/A,N/A,70.20,74.84,65.61,66.03,3.6,,,"113,695","32,137","81,558",N/A,"Rp673,296",39.4,20.5,"29,591,800.00","12,210,000.00","3,888,900.00","7,552,200.00","13,200.00","1,000.00","1,808,200.00","2,626,000.00","466,700.00","89,400.00","165,000.00","80,700.00","115,900.00",900.00,"408,700.00","59,900.00","20,200.00","84,800.00"
77,RIAU,KUANTAN SINGINGI,"Dr. H. Suhardiman Amby, A.Ak., M.M.",Muklisin,"356,220","103,240",3.5,65,"5,457.86",190,0,39,0,229,Kabupaten Kampar dan Kabupaten Pelalawan,Provinsi Sumatra Barat,Kabupaten Indragiri Hulu,Provinsi Sumatra Barat,,N/A,15,229,,,5,5,5,5,3,N/A,3,5,N/A,9,"1,415,375,240,170.00","194,806,794,080.43","86,553,996,147.40","4,427,942,692.33","2,883,977,087.00","100,940,878,153.70",N/A,"68,276,074,200.00","104,985,353,000.00","603,741,735,500.00","194,877,137,567.00",N/A,N/A,N/A,"162,257,201,524.00","82,863,613,298.00","3,558,800,000.00","248,688,145,822.00","8,531,000.00",N/A,N/A,N/A,"613,088,464,510.00","379,563,596,120.00","2,142,935,130.00",N/A,"14,913,217,370.00",N/A,"155,944,829,520.00",N/A,N/A,"10,611,992,690.00","254,826,522,340.00",,"187,878","181,840","356,220","29,713","29,514","29,334","28,684","29,217","28,791","28,127","27,410","25,687","23,710","20,843","17,244","13,759","11,074","7,507","5,606","175,364.00","170,381.00","4,983.00","89,281.00","22,804.00","56,656.00","9,821.00",74.62,78.70,71.68,137.26,5.3,,,"104,684","39,045","65,639",N/A,"Rp751,174",22.7,7.0,"58,465,420.00","30,797,180.00","2,193,780.00","15,958,290.00","30,280.00","7,650.00","4,572,880.00","2,123,940.00","322,570.00","136,630.00","191,390.00","274,560.00","340,400.00",440.00,"872,260.00","283,390.00","134,520.00","225,260.00"
78,RIAU,INDRAGIRI HULU,"Ade Agus Hartanto, S.Sos.","H. Hendrizal, S.E., M.Si.","480,336","129,911",3.7,59,"8,198.26",115,0,79,0,194,Kabupaten Pelalawan,Provinsi Jambi,Kabupaten Indragiri Hilir,Kabupaten Kuantan Singingi,,240.9,14,194,,,5,4,4,3,6,N/A,5,7,N/A,3,"1,642,905,285,879.54","172,362,879,715.54","105,369,341,594.56","3,875,414,750.00","1,363,752,228.00","61,754,371,142.98",N/A,"123,241,730,200.00","106,446,921,000.00","722,385,748,665.00","249,917,466,669.00",N/A,"151,994,079,240.00",N/A,N/A,"93,268,846,674.00","1,613,633,600.00","268,550,539,630.00",N/A,N/A,"21,673,980,116.00",N/A,"838,702,617,590.00","425,475,550,590.00",N/A,N/A,"18,829,498,761.00","168,000,000.00","149,376,210,128.00","514,962,086.00",N/A,"6,372,666,429,000.00","222,808,504,122,000.00",,"241,498","241,147","480,336","39,746","40,702","43,422","41,758","40,877","37,665","37,489","38,352","35,766","32,162","27,701","22,425","17,651","12,000","7,626","4,994","235,557.00","229,467.00","6,090.00",N/A,N/A,N/A,N/A,73.48,77.81,68.56,N/A,3.7,,,"72,748","25,794","46,954",N/A,"Rp673,975",26.9,5.8,"65,628,370.00","20,787,150.00","5,686,100.00","18,619,310.00","39,330.00","21,770.00","8,706,950.00","7,002,980.00","672,470.00","471,670.00","477,170.00","576,820.00","719,460.00","1,730.00","812,680.00","462,420.00","151,380.00","418,990.00"
79,RIAU,INDRAGIRI HILIR,"H. Herman, S.E., M.T.","Yuliantini, S.Sos., M.Si.","699,324","195,349",3.6,53,"13,136.14",231,0,5,0,236,Kabupaten Pelalawan,Provinsi Jambi,Laut China Selatan / Laut Natuna,Kabupaten Indragiri Hulu,,N/A,20,236,,,6,5,6,2,7,N/A,7,5,N/A,6,"2,085,259,572,246.31","272,745,085,908.31","75,919,695,174.00","155,359,093,096.00","12,871,420,743.00","28,594,876,895.31",N/A,"92,660,622,100.00","180,627,960,000.00","1,009,001,831,564.00","291,718,347,916.00",N/A,"158,959,459,184.00",N/A,N/A,"75,979,121,574.00","6,506,703,000.00",N/A,N/A,N/A,N/A,N/A,"911,705,023,853.00","604,975,491,515.65",N/A,"22,650,000.00","48,433,527,140.79","9,000,000.00","184,848,995,357.80","561,378,000.00",N/A,"5,239,094,000.00","280,085,252,184.00",,"376,749","354,625","699,324","57,804","55,944","56,860","58,185","56,244","57,877","54,695","53,399","50,819","49,196","43,630","35,351","26,679","19,404","13,438","9,799","338,518.00","328,351.00","10,167.00","522,386.00",N/A,N/A,N/A,70.74,75.33,63.80,N/A,4.2,,,"126,546","45,670","80,876",N/A,"Rp642,777",36.0,5.0,"104,690,770.00","48,783,220.00","1,009,990.00","26,884,720.00","56,230.00","10,230.00","6,687,000.00","15,415,440.00","1,069,720.00","444,180.00","560,440.00","506,270.00","739,390.00","2,410.00","1,318,660.00","538,050.00","211,350.00","453,470.00"
80,RIAU,PELALAWAN,"H. Zukri Misran, S.E.","H. Husni Tamrin, S.H.","427,434","104,040",4.1,32,"13,408.72",106,0,12,0,118,Kabupaten Siak dan Kabupaten Kepulauan Meranti,"Kabupaten Indragiri Hilir, Kabupaten Indragiri Hulu dan Kabupaten Kuantan Singingi",Provinsi Kepulauan Riau,Kabupaten Kampar dan Kota Pekanbaru,,173.8,12,118,,,3,12,6,4,4,2,5,1,N/A,3,"1,592,341,400,000.00","269,848,530,000.00","182,145,790,000.00","7,103,000,000.00","7,082,880,000.00","73,516,860,000.00",N/A,"191,928,170,000.00","166,491,080,000.00","641,025,580,000.00","220,783,490,000.00",N/A,N/A,N/A,N/A,"90,186,460,000.00","1,454,100,000.00","102,263,570,000.00",N/A,N/A,"10,623,010,000.00","1,296,383,230,000.00","691,305,450,000.00","561,977,880,000.00",N/A,"323,820,000.00","37,551,580,000.00","5,224,500,000.00","137,377,380,000.00","1,215,560,000.00","218,006,360,000.00","8,455,310,000.00","209,551,040,000.00",,"233,025","219,642","427,434","35,844","40,385","41,954","38,888","34,758","32,383","33,813","35,278","33,054","29,829","24,177","18,429","12,822","8,311","4,693","2,816","213,023.00","207,875.00","5,148.00","89,949.00","25,240.00","59,391.00","5,318.00",75.80,79.93,72.34,201.83,5.0,,,"76,924","25,115","51,809",N/A,"Rp741,594",43.5,7.2,"85,023,150.00","25,230,500.00","1,361,820.00","42,127,110.00","30,080.00","4,320.00","1,946,550.00","2,309,120.00","186,260.00","134,150.00","360,550.00","392,800.00","426,030.00",750.00,"617,830.00","225,140.00","124,990.00","217,920.00"
81,RIAU,SIAK,"Dr. H. Affedri, M.Si.","Husni Merza, B.B.A., M.M.","496,891","129,569",3.8,64,"7,803.57",130,0,6,0,136,Kabupaten Bengkalis,Kabupaten Pelalawan dan Kota Pekanbaru,Kabupaten Bengkalis dan Kabupaten Pelalawan,"Kabupaten Kampar dan Kabupaten Rokan Hulu, Kabupaten Bengkalis dan Kota Pekanbaru",,,14,136,,,4,4,8,4,7,2,5,2,N/A,4,"2,074,587,385,804.59","376,696,457,043.59","212,764,134,361.59","124,014,226,618.00","30,183,121,222.00","9,734,974,842.00",N/A,"569,716,362,900.00","291,662,713,000.00","481,791,581,385.00","259,331,835,215.00",N/A,N/A,N/A,N/A,"94,728,436,261.00","660,000,000.00","95,388,436,261.00",N/A,N/A,N/A,N/A,"831,306,269,868.00","914,007,831,702.94",N/A,N/A,"87,448,358,731.00","3,028,991,000.00","556,913,578,951.72","1,184,837,450.00",N/A,"15,662,465,290.00","249,919,172,300.00",,"260,571","247,158","496,891","42,136","43,288","44,829","43,424","44,196","42,136","38,943","37,079","34,627","33,622","30,721","24,907","16,861","9,927","6,090","4,105","235,452.00","222,978.00","12,474.00","119,723.00","32,995.00","43,403.00","43,325.00",77.19,81.69,73.53,168.74,5.9,,,"121,097","48,701","72,396",N/A,"Rp607,601",23.5,4.4,"131,784,010.00","33,070,560.00","27,869,830.00","56,792,330.00","13,200.00","4,260.00","6,966,150.00","2,945,720.00","187,730.00","66,370.00","309,170.00","454,290.00","515,780.00","6,840.00","905,400.00","667,450.00","325,070.00","683,850.00"
82,RIAU,KAMPAR,"Ahmad Yuzar, S.Sos., M.T.","Misharti, S.Ag., M.Si.","921,673","247,842",3.7,82,"11,289.28",206,0,44,0,250,Kota Pekanbaru dan Kabupaten Siak,Kabupaten Kuantan Sangingi,Kabupaten Pelalawan dan Kabupaten Siak,Kabupaten Rokan Hulu dan Provinsi Sumatera Barat,,183.3,21,250,,,5,4,7,3,9,N/A,4,5,N/A,8,"2,939,246,256,000.00","469,369,913,000.00","306,177,709,000.00","109,817,912,000.00","36,158,848,000.00","17,215,443,000.00","2,469,774,542,000.00",N/A,N/A,"823,324,076,000.00","448,805,525,000.00",N/A,N/A,"15,095,240,000.00","221,528,058,000.00",N/A,N/A,"1,800,000.00",N/A,N/A,"1,800,000.00",N/A,"1,384,745,379,000.00","731,833,370,000.00",N/A,N/A,"81,734,872,000.00","6,062,250,000.00","301,187,370,000.00","336,278,000.00",N/A,"19,027,822,000.00","390,485,832,000.00",,"470,879","451,967","921,673","79,884","86,475","78,753","73,184","71,068","76,157","76,972","73,581","67,063","61,527","54,091","44,194","33,743","22,569","13,427","8,985","428,440.00","408,847.00","19,593.00","237,624.00","53,539.00","145,677.00","38,408.00",76.97,80.79,74.05,139.24,5.0,,,"184,672","63,593",######,N/A,"Rp600,385",58.7,6.3,"126,481,810.00","46,566,490.00","27,417,060.00","33,351,130.00","76,940.00","5,910.00","9,516,840.00","4,381,980.00","480,610.00","105,000.00","485,770.00","487,110.00","1,045,800.00","3,850.00","1,333,640.00","612,670.00","280,040.00","330,990.00"
83,RIAU,ROKAN HULU,"Anton, S.T., M.M.","Syafaruddin Poti, S.H., M.M.","609,692","147,973",4.1,80,"7,588.13",131,0,14,0,145,Kabupaten Rokan Hilir dan Provinsi Sumatra Utara,Kabupaten Kampar dan Provinsi Sumatera Barat,"Kabupaten Bengkalis, Kabupaten Siak dan Kabupaten Kampar",Provinsi Sumatra Barat dan Provinsi Sumatera Utara,,196.6,16,145,,,7,8,6,3,5,1,3,4,N/A,6,"1,899,467,498,200.00","256,471,927,260.00","154,055,149,920.00","6,433,717,160.00","5,059,869,380.00","90,923,190,800.00",N/A,"1,541,743,942,600.00","139,416,211,960.00",N/A,N/A,N/A,N/A,N/A,N/A,N/A,N/A,"7,822,151,300.00","7,822,151,300.00",N/A,N/A,"1,364,008,161,060.00","845,783,428,430.00","483,543,902,090.00",N/A,"48,500,000.00","34,572,330,550.00","60,000,000.00","275,828,965,040.00","3,518,691,990.00","257,686,052,340.00","7,969,130,860.00","249,716,921,480.00",,"304,943","295,253","609,692","53,877","44,901","54,961","56,553","56,702","52,440","47,544","47,612","45,046","40,741","33,528","25,852","20,301","14,027","8,836","6,771","295,130.00","285,775.00","9,355.00","153,114.00","46,430.00","88,625.00","18,059.00",73.61,79.58,66.80,108.51,6.8,,,"120,329","38,729","81,600",N/A,"Rp712,867",70.7,8.7,"65,285,040.00","36,372,530.00","2,452,220.00","17,143,650.00","51,270.00","2,820.00","2,079,630.00","3,493,680.00","347,910.00","163,930.00","493,450.00","480,120.00","312,560.00","2,350.00","1,305,680.00","215,770.00","128,700.00","238,780.00"
84,RIAU,BENGKALIS,"Kasmarni, S.Sos., M.M.","Dr. H. Bagus Santoso, M.P.","604,531","204,806",3.0,70,"8,612.56",155,0,0,0,155,Selat Malaka,Kabupaten Siak dan Kabupaten Kepulauan Meranti,Kabupaten Kepulauan Meranti dan Selat Malaka,"Kota Dumai, Kabupaten Rokan Hulu dan Kabupaten Rokan Hilir",,,11,155,,,N/A,10,N/A,5,N/A,N/A,5,5,N/A,5,"3,750,448,996,450.00","444,174,096,230.00","219,981,764,010.00","169,100,979,010.00","27,456,226,430.00","27,635,126,770.00",N/A,"1,586,437,216,600.00","780,079,657,000.00","445,188,195,180.00","269,919,434,840.00",N/A,"139,434,612,200.00",N/A,N/A,"75,283,784,400.00","9,932,000,000.00","224,650,396,600.00",N/A,N/A,N/A,N/A,"1,241,648,835,660.00","1,248,095,973,850.00",N/A,N/A,"80,392,407,410.00","24,769,093,200.00","614,987,914,930.00",N/A,N/A,"41,489,070,340.00","468,367,949,130.00",,"308,983","295,548","604,531","53,999","57,084","51,794","46,713","40,943","46,268","46,932","44,300","42,578","41,708","37,428","31,998","25,448","18,105","11,290","7,943","296,107.00","280,345.00","15,762.00","140,798.00","32,449.00","91,997.00","16,352.00",77.02,81.16,73.83,292.06,N/A,,,"123,920","45,977","77,943",N/A,"Rp764,542",35.1,6.1,"174,750,000.00","22,545,000.00","95,235,000.00","30,587,000.00","57,000.00","24,000.00","7,121,000.00","13,148,000.00","493,000.00","574,000.00","806,000.00","536,000.00","577,000.00","7,000.00","1,755,000.00","609,000.00","191,000.00","485,000.00"
85,RIAU,ROKAN HILIR,H. Bistamam,"Jhony Charles, B.B.A., M.B.A.","691,826","167,194",4.1,76,"9,068.63",187,0,0,0,187,Provinsi Sumatra Utara dan Selat Malaka,Kabupaten Rokan Hulu dan Bengkalis,Kota Dumai,Provinsi Sumatra Utara,,N/A,18,187,,,6,6,10,5,3,2,4,5,N/A,3,N/A,N/A,N/A,N/A,N/A,N/A,N/A,N/A,N/A,N/A,N/A,N/A,N/A,N/A,N/A,N/A,N/A,N/A,N/A,N/A,N/A,N/A,N/A,N/A,N/A,N/A,N/A,N/A,N/A,N/A,N/A,N/A,N/A,,"352,235","335,838","691,826","60,087","56,550","63,742","63,725","62,961","59,182","54,705","50,480","47,915","43,978","37,876","30,692","24,411","17,285","10,896","7,341","322,257.00","308,056.00","14,201.00","180,421.00",N/A,N/A,N/A,73.07,77.73,67.56,158.40,3.7,,,"160,323","58,334",######,N/A,"Rp559,703",55.5,7.2,"108,128,340.00","42,860,970.00","33,150,110.00","23,694,400.00","31,450.00","4,180.00","1,205,830.00","4,602,220.00","152,330.00","277,740.00","279,240.00","351,920.00","347,140.00",240.00,"638,080.00","256,480.00","90,890.00","185,130.00"
86,RIAU,KOTA PEKANBARU,"H. Agung Nugroho, S.E., M.M.","H. Markarius Anwar, S.T., M.Sc.","1,046,046","307,558",3.4,"1,637",639.00,83,0,0,0,83,Kabupaten Siak dan Kampar,Kabupaten Kampar dan Pelalawan,Kabupaten Siak dan Pelalawan,Kabupaten Kampar,,278.4,15,83,,,N/A,7,8,4,10,N/A,12,N/A,N/A,9,"2,780,228,449,089.48","923,858,966,790.48","822,841,532,610.47","24,017,258,956.00","5,672,664,135.00","71,327,511,089.01","1,856,361,752,299.00",N/A,N/A,N/A,N/A,N/A,N/A,N/A,N/A,N/A,N/A,"7,730,000.00",N/A,N/A,"7,730,000.00","2,587,725,146,984.20","1,058,191,631,296.00","1,445,107,730,812.20",N/A,"3,582,715,665.00","80,461,469,211.00","381,600,000.00","401,343,046,172.94","64,665,950.00","3,000,000,000.00",N/A,N/A,,"599,452","593,538","1,046,046","82,883","95,374","88,736","80,469","77,156","80,898","83,208","82,484","78,240","72,757","66,228","54,203","42,865","28,875","18,893","12,777","527,692.00","500,043.00","27,649.00","242,273.00","67,764.00","144,381.00","30,128.00",84.91,88.29,83.87,178.02,5.5,,,"88,311","31,346","56,965",N/A,"Rp767,408",39.2,3.2,"184,531,850.00","2,848,160.00","25,910.00","39,355,770.00","381,210.00","21,470.00","55,406,570.00","55,836,370.00","4,265,290.00","3,065,260.00","4,438,640.00","5,750,320.00","4,127,500.00","27,740.00","4,102,440.00","1,881,140.00","1,309,820.00","1,688,230.00"
87,RIAU,KOTA DUMAI,"H. Paisal, S.K.M., MARS",Sugiyarto,"341,006","83,836",4.1,165,"2,063.59",36,0,0,0,36,Selat Rupat,Kabupaten Bengkalis,Kabupaten Bengkalis,Kabupaten Rokan Hilir,,220.6,7,36,,,3,6,5,4,N/A,N/A,N/A,6,N/A,6,"1,820,626,679,818.81","747,134,613,410.81","554,945,516,710.00","38,614,690,033.00","1,338,634,719.00","152,235,771,948.81","1,073,492,066,408.00",N/A,N/A,N/A,N/A,N/A,N/A,N/A,N/A,"81,252,731,990.00",N/A,N/A,N/A,N/A,N/A,"1,404,698,100,761.31","780,670,598,759.00","590,103,119,239.89","411,655,692.00",N/A,"33,067,827,070.42","444,900,000.00","372,184,491,251.51","323,024,636.00",N/A,N/A,N/A,,"184,124","174,241","341,006","27,405","33,189","30,744","27,877","26,897","27,468","27,720","26,518","25,114","23,030","19,672","15,104","12,049","8,631","5,636","3,952","169,245.00","161,609.00","7,636.00","76,650.00","16,311.00","51,992.00","8,347.00",77.58,81.27,74.90,171.17,5.6,,,"25,991","8,720","17,271",N/A,"Rp654,144",9.9,3.1,"57,696,150.00","3,016,560.00","168,360.00","35,652,000.00","183,740.00","11,370.00","5,846,700.00","8,228,350.00","1,192,260.00","463,210.00","616,480.00","597,390.00","221,390.00","2,280.00","818,290.00","256,520.00","127,490.00","293,760.00"
88,JAMBI,KERINCI,"Monadi, S.Sos., M.Si.","Murison, S.Pd., S.Sos., M.Si.","259,640","92,667",2.8,75,"3,445.20",107,2,178,0,287,Kabupaten Bungo,Provinsi Bengkulu,Kabupaten Merangin,Provinsi Sumatra Barat,,104.6,18,287,,,3,2,4,3,5,1,1,4,N/A,5,N/A,N/A,N/A,N/A,N/A,N/A,N/A,N/A,N/A,N/A,N/A,N/A,N/A,N/A,N/A,N/A,N/A,N/A,N/A,N/A,N/A,N/A,"424,471,308,219.00","181,323,130,916.00",N/A,"3,605,000.00","2,817,583,578.00",N/A,"133,373,453,068.00","22,478,493.00","109,323,450,108.00","3,823,421,045.00","105,500,029,063.00",,N/A,N/A,"259,640","19,956","19,753","20,017","19,142","18,613","18,847","18,946","18,910","18,563","18,336","17,018","15,136","12,784","9,991","7,079","6,549","148,536.00","144,986.00","3,550.00","47,263.00","15,888.00","25,139.00","6,236.00",75.10,N/A,N/A,61.23,4.7,,,"52,624","18,004","34,620",0.287,"Rp617,362",18.3,7.5,"15,810,230.00","8,027,790.00","273,340.00","452,860.00","6,260.00","41,390.00","1,587,060.00","1,661,650.00","345,960.00","107,220.00","1,126,040.00","148,250.00","223,760.00","7,740.00","795,200.00","567,750.00","226,230.00","211,730.00"
89,JAMBI,MERANGIN,"M. Syukur, S.H., M.H.","Drs. Khafid Moein, M.M.","383,224","119,479",3.2,50,"7,679.00",190,1,24,0,215,Kabupaten Bungo,Kabupaten Lebong,Kabupaten Sarolangun,Kabupaten Kerinci,,N/A,24,215,,,3,2,4,2,8,1,3,4,N/A,3,"1,473,615,040,617.00","139,400,648,906.26","69,178,393,386.15","62,164,277,977.23","8,057,977,542.88",N/A,"1,059,926,167,049.00","12,116,912,300.00","118,906,831,000.00","700,219,590,362.00","228,682,833,387.00",N/A,"159,905,305,542.00",N/A,"159,905,305,542.00","71,808,627,564.00","29,150,000,000.00","13,424,291,556.00",N/A,N/A,"13,424,291,556.00","1,001,937,383,100.00","669,341,181,348.00","298,933,191,713.00",N/A,N/A,"33,663,010,039.00",N/A,"158,284,986,902.00","1,557,055,984.00","276,825,786,104.00","6,644,945,872.00","270,180,840,232.00",,"189,365","184,044","383,224","32,365","31,342","32,041","31,775","31,392","31,124","30,141","29,591","28,079","26,286","23,167","18,884","14,768","10,541","6,860","4,868","194,373.00","186,797.00","7,576.00","89,058.00","23,097.00","57,032.00","8,929.00",73.41,N/A,N/A,73.67,N/A,,,"116,437","44,580","71,857",0.265,"Rp629,000",32.4,8.1,"27,872,460.00","14,834,960.00","662,880.00","2,089,270.00","17,530.00","40,180.00","1,476,740.00","3,624,220.00","507,530.00","462,940.00","989,600.00","331,980.00","453,800.00","38,150.00","875,920.00","820,850.00","344,190.00","301,720.00"
90,JAMBI,SAROLANGUN,"H. Hurmin, S.E.","Gerry Trisatwika, S.E.","314,735","87,274",3.6,53,"5,935.89",120,0,38,0,158,Kabupaten Batang Hari,Kabupaten Rejang Lebong,Kabupaten Musi Rawas,Kabupaten Merangin,,N/A,11,159,,,N/A,3,6,3,9,N/A,3,N/A,N/A,3,"1,193,876,601,440.00","114,113,152,560.00","51,043,648,730.00","42,676,102,850.00","11,112,459,330.00","9,280,941,640.00","1,073,890,951,070.00","46,072,468,250.00","206,112,258,000.00","505,099,065,000.00","138,889,063,770.00",N/A,"113,916,311,540.00",N/A,N/A,"43,051,784,510.00","20,750,000,000.00","5,872,497,810.00","5,872,497,810.00",N/A,N/A,"831,686,976,890.00","504,586,934,490.00","309,304,234,860.00",N/A,"3,500,000,000.00","14,295,807,540.00",N/A,"95,270,105,470.00","3,736,206,000.00","196,786,186,950.00",N/A,N/A,,"158,026","152,653","314,735","30,407","29,602","28,388","25,884","24,664","24,737","24,088","23,572","22,294","20,643","18,080","14,544","11,184","7,854","5,105","3,689","150,651.00","143,602.00","7,049.00","72,721.00","16,117.00","50,624.00","5,980.00",74.72,N/A,N/A,79.34,4.8,,,"78,372","27,713","50,659",0.262,"Rp625,401",28.1,8.7,"24,648,620.00","7,950,870.00","5,342,630.00","951,240.00","10,350.00","29,840.00","2,806,840.00","2,321,020.00","537,640.00","454,430.00","816,320.00","603,170.00","282,510.00","81,400.00","1,227,850.00","587,740.00","333,800.00","310,960.00"
91,JAMBI,BATANG HARI,"Muhammad Fadhil Arief, S.E.","H. Bakhtiar, S.P.","323,914","86,072",3.8,56,"5,804.83",124,0,0,0,124,"Kabupaten Tebo, Kabupaten Tanjung Jabung Barat dan Kabupaten Muaro Jambi","Kabupaten Sarolangun, Kabupaten Muaro Jambi, dan Provinsi Sumatera Selatan",Kabupaten Muaro Jambi,Kabupaten Tebo,,213.9,8,124,,,2,4,3,2,13,N/A,4,5,N/A,2,"1,452,432,130,188.91","152,427,341,509.74","53,379,404,927.00","13,173,305,252.00","12,524,569,913.72","73,350,061,417.02",N/A,"327,055,253,200.00",N/A,"604,664,991,041.00","185,242,915,295.17",N/A,"101,831,025,796.00",N/A,N/A,"60,842,692,016.00","16,100,000,000.00","183,041,629,143.00",N/A,N/A,"4,267,911,331.00",N/A,"517,987,839,997.69","339,563,711,406.29",N/A,N/A,N/A,N/A,"163,585,844,145.85",N/A,N/A,N/A,N/A,,"162,969","157,312","323,914","27,710","26,820","26,915","26,496","26,062","26,056","25,513","24,962","23,650","22,209","19,598","16,088","12,638","8,992","5,848","4,357","149,923.00","143,196.00","6,727.00","86,049.00","18,028.00","60,068.00","7,953.00",73.94,N/A,N/A,89.31,5.2,,,"88,715","31,715","57,000",0.321,"Rp622,440",22.8,8.3,"28,604,400.00","12,935,470.00","3,488,910.00","2,867,280.00","16,520.00","18,330.00","1,396,640.00","2,721,890.00","492,410.00","98,240.00","992,230.00","401,830.00","279,830.00","26,090.00","1,131,460.00","1,094,360.00","396,080.00","246,830.00"
92,JAMBI,MUARO JAMBI,"Bambang Bayu Suseno, S.P., M.M.","Junaidi, S.E.","435,795","123,490",3.5,83,"5,264.00",155,0,0,0,155,Kabupaten Tanjung Jabung Barat,Provinsi Sumatera Selatan,Kabupaten Tanjung Jabung Timur,Kabupaten Batang Hari,,216.2,11,155,,,4,4,5,2,10,N/A,5,4,N/A,4,N/A,"186,087,531,701.92","118,459,084,551.20","26,084,261,797.00","8,317,805,289.76","33,226,380,063.96","1,462,437,728,132.00","332,814,867,700.00",N/A,"683,172,035,319.00","228,373,674,866.00",N/A,N/A,"7,345,234,000.00","120,457,170,828.00","69,574,745,353.00","20,700,000,000.00",N/A,N/A,N/A,N/A,"1,082,240,482,964.98","636,720,676,615.96","409,992,071,174.02",N/A,"2,000,000,000.00","32,598,054,175.00","929,681,000.00","241,337,527,241.54",N/A,"251,557,660,807.00","10,819,709,000.00","240,737,951,807.00",,"220,547","209,699","435,795","36,280","35,410","35,621","34,361","33,995","34,678","34,572","34,832","33,360","31,474","27,750","22,350","17,180","11,699","7,349","4,884","239,183.00","227,168.00","12,015.00","84,804.00","19,269.00","52,668.00","12,867.00",73.87,N/A,N/A,102.14,4.5,,,"83,777","33,877","49,900",0.269,"Rp633,575",21.1,4.3,"43,945,360.00","21,325,080.00","4,381,860.00","6,013,960.00","20,730.00","36,260.00","2,679,640.00","2,603,440.00","1,295,910.00","232,900.00","1,001,890.00","626,200.00","485,940.00","557,620.00","1,058,060.00","687,910.00","404,180.00","533,810.00"
93,JAMBI,TANJUNG JABUNG TIMUR,"H. Lutfi Syafa'at, S.Ag.","H. Robby Nahliyansyah, S.H.","243,255","71,140",3.4,48,"5,087.06",93,0,0,0,93,Laut China Selatan,Provinsi Sumatera Selatan dan Kabupaten Muaro Jambi,Laut China Selatan,Kabupaten Muaro Jambi dan Kabupaten Tanjung Jabung Barat,,N/A,11,93,,,1,2,4,1,15,N/A,1,3,N/A,3,"1,173,021,993,121.94","84,424,683,532.94","37,084,722,794.13","4,159,082,261.00","10,582,507,369.59","32,598,371,108.22",N/A,"66,896,962,200.00","233,536,650,000.00","522,024,035,756.00","137,895,821,958.00",N/A,"69,559,269,830.00",N/A,N/A,"46,644,569,845.00","12,040,000,000.00","128,243,839,675.00",N/A,N/A,N/A,N/A,"426,907,761,359.00","323,518,275,327.58",N/A,"165,000,000.00","28,411,662,683.00","3,022,608,320.00","181,090,085,805.55","426,500,000.00",N/A,"2,446,917,140.00","151,163,157,691.00",,"126,162","121,375","243,255","20,469","20,056","19,569","18,561","18,248","18,313","18,036","18,383","17,945","17,218","15,489","12,797","10,171","7,385","5,144","5,471","124,991.00","122,490.00","2,501.00","56,493.00","13,114.00","33,252.00","10,127.00",71.28,N/A,N/A,127.74,4.7,,,"58,386","16,923","41,463",0.243,"Rp601,104",21.5,10.0,"30,804,340.00","7,336,320.00","11,746,130.00","2,334,200.00","7,370.00","22,160.00","1,644,770.00","3,130,870.00","528,190.00","132,060.00","598,600.00","285,960.00","212,980.00","623,270.00","738,120.00","1,152,050.00","200,750.00","110,540.00"
94,JAMBI,TANJUNG JABUNG BARAT,"Drs. H. Anwar Sadat, M.Ag.","Dr. Katamso, S.A.P., S.E., M.E.","344,131","93,254",3.7,69,"5,009.82",134,0,0,0,134,Provinsi Riau,Kabupaten Muaro Jambi dan Batang Hari,Selat Berhala dan Kabupaten Tanjung Jabung Timur,Kabupaten Tebo,,N/A,13,134,,,2,7,4,2,7,N/A,3,5,1,4,"2,036,090,205,128.21","164,816,916,407.87","71,499,593,338.60","43,156,441,214.00","12,582,499,300.21","37,578,393,805.06","1,899,230,156,723.00",N/A,N/A,N/A,N/A,N/A,N/A,N/A,N/A,N/A,N/A,"6,690,520,129.33",N/A,N/A,N/A,"1,134,061,344,862.71","603,234,674,353.37","471,223,657,176.35",N/A,"4,266,121,000.00","46,256,892,332.99","9,080,000,000.00","674,012,292,663.90","19,533,600.00","272,455,596,588.00","5,037,552,628.00","267,418,043,960.00",,"177,164","166,869","344,131","30,702","29,151","28,154","27,217","26,978","28,120","29,306","27,919","24,988","22,467","19,430","16,246","12,802","9,530","6,261","4,860","159,811.00","154,821.00","4,990.00","92,836.00","21,801.00","59,965.00","11,070.00",73.00,N/A,N/A,182.03,5.3,,,"96,372","33,194","63,178",0.297,"Rp586,789",33.9,9.7,"61,822,990.00","21,099,790.00","17,458,990.00","10,544,600.00","20,180.00","38,660.00","2,772,400.00","3,046,900.00","588,920.00","310,940.00","1,241,440.00","649,010.00","445,950.00","961,250.00","938,930.00","1,059,670.00","319,340.00","326,010.00"
95,JAMBI,TEBO,"Aspan, S.T.","Wartono Triyantho, S.E.","363,894","108,794",3.3,50,"7,205.86",129,0,0,0,129,Provinsi Riau,Kabupaten Merangin dan Kabupaten Bungo,Kabupaten Batang Hari dan Kabupaten Tanjung Jabung Barat,Kabupaten Bungo dan Provinsi Sumatera Barat,,216.2,12,129,,,4,5,9,3,4,N/A,4,3,N/A,3,N/A,"140,039,361,785.16","54,235,548,358.00","49,773,271,167.00","11,620,841,618.95","24,409,700,641.21",N/A,"33,465,549,800.00","139,016,065,000.00","566,465,108,008.00","163,269,225,494.00",N/A,N/A,N/A,N/A,"66,438,642,078.00","17,370,000,000.00","83,808,642,078.00",N/A,N/A,N/A,N/A,"436,611,096,310.80","341,973,545,439.53","7,391,886,161.00","1,070,115,987.00","39,942,543,368.00",N/A,"224,319,623,474.05","509,619,684.00",N/A,"2,874,145,906.00","192,640,889,200.00",,"184,092","175,546","363,894","32,613","31,900","31,205","29,018","28,026","28,285","27,940","27,803","26,627","25,142","22,128","17,924","13,958","9,907","6,466","4,952","93,923.00","90,058.00","3,865.00","264,858.00",N/A,N/A,N/A,73.41,N/A,N/A,69.02,5.2,,,"94,378","37,413","56,965",0.248,"Rp602,105",22.1,6.0,"24,823,830.00","13,306,250.00","1,721,570.00","1,602,550.00","22,260.00","10,800.00","1,305,380.00","2,880,290.00","353,440.00","75,540.00","851,080.00","273,640.00","390,520.00","16,970.00","905,390.00","512,510.00","238,160.00","357,480.00"
96,JAMBI,BUNGO,"Dedy Putra, S.H., M.Kn.",Tri Wahyu Hidayat,"390,852","105,193",3.7,84,"4,659.00",153,0,0,0,153,Provinsi Sumatra Barat,Kabupaten Merangin,Kabupaten Tebo,Kabupaten Kerinci,,204.0,17,153,,,N/A,N/A,N/A,N/A,N/A,N/A,N/A,N/A,N/A,N/A,"1,401,193,608,956.58","230,263,874,255.58","54,697,960,986.00","153,786,824,268.80","12,162,719,088.01","9,616,369,912.77","1,169,769,459,401.00",N/A,N/A,N/A,N/A,N/A,N/A,N/A,N/A,N/A,N/A,"1,160,275,300.00",N/A,N/A,N/A,"978,221,559,590.20","491,736,611,058.00","457,636,915,202.20",N/A,"1,278,629,000.00","27,562,404,330.00","7,000,000.00","158,591,707,293.00","289,184,750.00","214,182,513,710.00","2,410,032,000.00","211,772,481,710.00",,"196,287","189,827","390,852","33,268","32,206","32,762","32,612","32,314","31,973","30,969","30,653","28,947","26,409","22,959","18,442","14,335","10,425","6,926","5,652","201,972.00","193,227.00","8,745.00","86,676.00","19,737.00","59,896.00","7,043.00",75.15,N/A,N/A,75.85,4.4,,,"75,511","26,368","49,143",0.276,"Rp619,464",20.7,5.2,"29,288,060.00","7,941,190.00","3,821,760.00","2,011,010.00","17,210.00","49,640.00","2,956,490.00","4,947,110.00","811,530.00","752,950.00","1,413,750.00","1,113,540.00","692,730.00","77,730.00","1,065,410.00","1,244,340.00","207,210.00","164,460.00"
97,JAMBI,KOTA JAMBI,"Dr. H. Maulana, M.K.M.","Diza Hazra Aljosha, B.Sc., M.A.","649,260","188,947",3.4,"3,822",169.89,68,0,0,0,68,Kabupaten Muaro Jambi,Kabupaten Muaro Jambi,Kabupaten Muaro Jambi,Kabupaten Muaro Jambi,,218.4,11,68,,,3,5,8,4,7,N/A,4,6,N/A,6,"2,004,271,834,589.20","614,289,521,388.20","484,298,421,573.00","30,153,879,207.10","17,099,673,300.29","82,737,547,307.81",N/A,"78,574,842,730.00","53,386,743,000.00","855,591,118,848.00","241,747,917,872.00",N/A,N/A,N/A,N/A,"141,323,690,751.00","19,390,000,000.00","160,713,690,751.00",N/A,N/A,N/A,N/A,"890,418,905,791.00","529,737,871,938.00",N/A,N/A,"49,630,799,959.13","7,261,720,490.00","369,782,199,509.00","1,233,669,047.48",N/A,N/A,"150,000,000.00",,"322,847","319,417","649,260","51,426","49,848","48,651","50,645","51,274","51,423","50,745","50,405","48,516","46,467","41,813","35,220","28,163","20,391","13,537","10,736","326,618.00","303,478.00","23,140.00","167,206.00","46,884.00","102,734.00","17,588.00",82.32,N/A,N/A,73.34,5.1,,,"113,800","37,694","76,106",0.339,"Rp773,124",47.2,7.7,"47,102,890.00","395,220.00","646,250.00","4,958,220.00","113,510.00","117,590.00","3,627,630.00","16,547,440.00","5,270,460.00","1,160,510.00","2,108,600.00","2,613,250.00","1,050,700.00","2,002,890.00","3,257,920.00","1,818,440.00","1,078,840.00","335,420.00"
98,JAMBI,KOTA SUNGAI PENUH,"Alvia Santoni, S.E., M.M.","Lendra Wijaya, S.E.","102,961","29,157",3.5,282,364.92,51,0,18,0,69,Kabupaten Kerinci,Kabupaten Kerinci,Kabupaten Kerinci,Provinsi Sumatra Barat dan Provinsi Bengkulu,,104.6,8,69,,,2,3,5,3,6,1,1,2,N/A,2,"709,510,752,770.00","72,566,978,610.00","14,268,010,450.00","2,540,224,270.00","12,095,926,130.00","43,662,817,760.00",N/A,"13,108,892,400.00","53,566,901,000.00","435,998,791,020.00","76,200,440,210.00",N/A,"7,631,633,000.00",N/A,N/A,"36,537,563,040.00","9,250,000,000.00","58,068,749,530.00",N/A,N/A,"4,649,553,490.00","684,088,794,000.00","368,748,281,760.00","203,182,014,700.00",N/A,"80,000,000.00","4,878,032,840.00","200,000,000.00","78,736,332,160.00",N/A,N/A,"2,164,391,810.00","104,836,072,880.00",,"51,371","50,853","102,961","8,026","7,821","7,905","7,742","7,657","7,783","7,779","7,597","7,348","7,324","6,707","5,756","4,717","3,626","2,553","2,620","54,132.00","51,919.00","2,213.00","24,290.00","7,526.00","13,202.00","3,562.00",78.89,N/A,N/A,108.71,4.4,,,"11,343","4,336","7,007",0.325,"Rp622,995",2.9,3.2,"11,078,920.00","577,970.00","92,610.00","73,910.00","2,890.00","24,560.00","1,069,330.00","3,505,090.00","515,720.00","127,550.00","1,493,950.00","570,310.00","276,760.00","693,270.00","567,530.00","956,970.00","283,280.00","247,210.00"
99,SUMATERA SELATAN,OGAN ILIR,"Panca Wijaya Akbar, S.H.","H. Ardani, S.H., M.H.","446,141","125,741",3.5,167,"2,666.07",241,0,0,0,241,Kabupaten Banyuasin dan Kota Palembang,Kabupaten Ogan Komering Ulu,Kabupaten Ogan Komering Ilir dan OKU Timur,Kabupaten Muara Enim dan Kota Prabumulih,N/A,N/A,16,241,,,3,6,1,4,5,2,2,5,N/A,12,"1,640,076,767,430.00","160,105,811,630.00","96,979,505,800.00","41,036,743,260.00","4,792,022,140.00","17,297,540,440.00",N/A,"79,723,974,300.00","165,518,883,210.00","662,806,244,830.00","224,195,418,590.00",N/A,N/A,N/A,N/A,"79,722,894,330.00","68,492,605,280.00","314,516,089,290.00",N/A,N/A,"166,300,589,680.00",N/A,"622,891,955,960.00","440,548,359,820.00",N/A,"580,000,000.00","16,235,829,880.00",N/A,"275,317,626,610.00","199,545,460.00",N/A,N/A,"247,321,359,040.00",,"228,935","223,340","446,141","35,405","38,487","40,382","36,307","36,161","36,185","34,645","33,796","30,402","27,612","24,965","21,812","18,669","14,018","9,065","8,230","249,814.00","242,491.00","7,323.00","77,447.00","21,856.00","46,163.00","9,428.00",73.21,73.65,73.21,37.00,5.0,,,"139,597","44,514","95,083",0.219,"Rp614,656",53.2,11.7,"16,324,270.00","3,322,630.00","935,200.00","1,941,660.00","12,600.00","4,460.00","2,620,060.00","3,628,240.00","206,880.00","955,430.00","61,920.00","235,260.00","489,590.00","21,920.00","1,341,320.00","338,440.00","118,990.00","89,690.00"
100,SUMATERA SELATAN,EMPAT LAWANG,"Dr. H. Joncik Muhammad, S.Si., S.H., M.M., M.H.","A. Rifa'i, S.E.","352,187","79,343",4.4,158,"2,235.19",109,0,47,0,156,Kabupaten Musi Rawas dan Provinsi Bengkulu,Provinsi Bengkulu dan Kabupaten Lahat,Kabupaten Lahat,Provinsi Bengkulu,N/A,N/A,10,156,,,5,7,3,1,15,N/A,2,N/A,N/A,2,"1,098,766,581,000.00","60,835,959,000.00","16,961,535,000.00","771,342,000.00","7,736,092,000.00","35,366,991,000.00",N/A,"41,761,285,000.00","183,519,986,000.00","457,836,846,000.00","133,675,069,000.00",N/A,N/A,N/A,N/A,"55,256,000,000.00","35,154,786,000.00","221,137,436,000.00",N/A,N/A,"130,726,650,000.00",N/A,"360,283,506,000.00","325,043,039,000.00",N/A,N/A,"39,711,004,000.00",N/A,"195,966,338,000.00","164,813,000.00",N/A,N/A,"175,717,029,000.00",,"174,851","163,593","352,187","30,915","21,286","23,962","27,628","29,835","29,075","27,699","30,230","26,669","25,516","21,225","18,307","14,177","11,255","7,090","7,318","212,362.00","206,673.00","5,689.00","61,714.00","18,523.00","30,830.00","12,361.00",70.56,74.47,69.95,21.15,5.3,,,"93,706","31,741","61,965",0.248,"Rp440,405",27.9,10.5,"7,381,150.00","2,599,050.00","213,070.00","903,230.00","6,900.00","2,590.00","730,170.00","1,673,170.00","113,490.00","132,950.00","72,210.00","147,450.00","300,450.00","1,880.00","240,220.00","127,080.00","52,010.00","65,230.00"
101,SUMATERA SELATAN,OGAN KOMERING ULU,"H. Teddy Meilwansyah, S.STP., M.M., M.Pd.",Ir. H. Marjito Bachri,"390,470","105,318",3.7,81,"4,797.06",153,0,4,0,157,"Kabupaten Muara Enim, Kabupaten Ogan Ilir",Kabupaten Ogan Komering Ulu Selatan,Kabupaten Ogan Komering Ulu Timur,Kabupaten Muara Enim,,,13,157,,,2,2,2,1,8,3,3,4,N/A,4,"1,500,337,759.45","173,883,920.79","92,015,342.95","3,276,018.10","6,090,398.95","72,502,160.79","1,161,618,086.89","110,768,867.40","179,408,189.00","683,544,306.10","187,896,724.39",N/A,N/A,N/A,N/A,N/A,N/A,"164,835,751.77",0.00,0.00,"17,709,393.92","1,110,176,100.38","681,531,757.25","390,935,323.45",-,-,"37,625,994.67","83,025.00","147,157,451.35",-,"228,850,689.32",-,"228,850,689.32","394,622.00","201,952.00","192,670.00","390,470","31,529","33,944","35,550","32,442","29,157","29,565","29,454","29,728","28,335","26,303","22,745","19,456","15,764","11,749","7,858","6,891","204,869.00","196,972.00","7,897.00","80,745.00","24,084.00","47,766.00","8,895.00",74.47,,,"22,256.88",5.3,,,"112,912","35,262","77,650",,"Rp588,225",39.6,10.1,"22,256,880.00","3,819,620.00","280,406.00","4,236,590.00","18,550.00","28,270.00","2,270,350.00","4,865,130.00","476,560.00","749,890.00","185,950.00","519,840.00","916,500.00","23,600.00","350,340.00","517,420.00","280,400.00","193,790.00"
102,SUMATERA SELATAN,OGAN KOMERING ILIR,Muchendi Mahzareki,Supriyanto,"825,692","253,926",3.3,48,"17,025.87",320,1,6,0,327,"Kab. Banyuasin, Kab. Ogan Ilir dan Kota Palembang",Kabupaten Ogan Komering Ulu Timur,Selat Bangka dan Laut Jawa,Kab. Ogan Ilir,,272.9,18,327,"1,196","4,100",6,6,6,2,4,4,7,4,-,6,"2,688,622,218.13","301,357,168.57","147,880,558.51","7,317,535.24","10,928,028.02","135,231,046.79","1,809,798,774.27","128,875,005.30","134,412,809.00","1,154,595,989.87","391,914,970.10",N/A,-,N/A,N/A,"143,314,246.78","158,860,660.78","577,466,275.30",-,-,"275,291,367.73",N/A,"1,065,002,136.50","662,535,104.37",-,-,"23,577,133.33",0.00,"431,109,361.12",-,N/A,"5,161,024.50","407,072,596.25","820,658","421,164","399,494","825,692","68,000","60,857","71,426","69,631","64,245","63,983","65,398","62,605","59,731","57,278","52,643","43,908","33,839","23,294","15,325","13,529",,"393,723.00","12,662.00",,"38,394.00","131,623.00","40,188.00",72.20,,,-,-,,,"171,058","54,659","116,399",,"Rp493,783",105.3,11.8,"50,960,600.00","22,827,000.00","458,800.00","11,100,200.00","27,300.00","10,000.00","6,209,100.00","5,371,900.00","344,600.00","559,700.00","247,400.00","389,600.00","901,900.00","28,300.00","1,622,100.00","587,500.00","62,100.00","213,000.00"
103,SUMATERA SELATAN,MUARA ENIM,"Ir. Hj. Sumarni, M.Si.",-,"654,720","184,324",3.6,87,"7,482.86",256,0,0,0,256,"Kota Palembang, Kab. Musi Banyuasin",Ogan Komering Ulu dan Ogan Komerung Ulu Selatan,"Kab. Ogan Ilir, Kab. Ogan Komering Ilir dan Kota Prabumulih",Kabupaten Musi Rawas dan Kabupaten Lahat,,N/A,22,256,-,-,3,5,6,4,10,1,4,4,-,7,"3,956,202,807,557.90","449,369,599,734.06","194,665,442,709.58","173,275,335,331.76","26,552,719,027.07","54,876,102,665.65","2,969,750,825,288.00","536,206,307,300.00","1,454,732,017,999.00","675,777,451,987.00","303,035,048,002.00",N/A,N/A,N/A,N/A,"270,312,003,785.76","48,730,784,420.00","537,082,382,535.84","2,229,469,761.00",-,"6,766,237,573.08","640,852,848,029.84",-,"1,047,806,287,421.44","5,594,914,153.84","449,328,000.00","75,397,682,999.00",-,"1,364,512,078,293.30","603,038,711.00",N/A,"38,181,085,729.00","520,626,798,437.00","667,083","340,368","326,715","654,720","51,824","61,930","56,001","51,282","48,810","50,842","50,238","49,833","46,767","44,029","39,502","32,787","26,536","19,791","13,301","11,247",,"321,846.00","13,868.00",,"29,469.00","95,079.00","18,516.00",73.77,,,197.85,5.4,,,"138,357","40,143","98,214",,"Rp512,439",64.8,9.5,"128,196,330.00","8,374,340.00","88,849,680.00","12,514,890.00","134,840.00","19,280.00","4,244,260.00","7,573,560.00","1,454,650.00","560,560.00","629,980.00","428,990.00","957,260.00","13,200.00","911,300.00","964,600.00","351,450.00","213,490.00"
104,SUMATERA SELATAN,LAHAT,Bursah Zarnubi, Widia Ningsih,"460,814","129,728",3.6,106,"4,361.84",195,0,182,0,377,Kab. Muara Enim dan Musi Rawas,Kota Pagaralam dan Kab. Bengkulu Selatan Prov. Bengkulu,Kab. Muara Enim,Kab. Empat Lawang,,272.9,24,377,,,8,5,4,,6,1,,4,1,5,"2,995,093,245.45","278,960,172.55","114,854,594.47","2,848,174.14","9,987,937.42","151,269,466.52","2,275,433,466.59","1,339,577,777.50",0.00,"722,234,667.01","213,621,022.08","7,010,619.00",-,N/A,N/A,"143,994,750.33","24,940,808.40","440,699,606.31",-,-,"24,230,537.33","650,307,537.07",-,"659,222,871.89",-,-,"174,955,771.08","14,117,000.00","931,148,043.19",0.00,N/A,"12,818,631.11","448,416,134.89","453,300","231,751","221,549","460,814","36,428","38,158","39,232","36,893","38,080","37,339","32,032","32,824","32,487","32,551","28,399","23,033","18,725","14,764","9,978","9,891",,"235,275.00","6,883.00",,"22,943.00","62,260.00","15,067.00",73.75,,,71.12,5.5,,,"173,611","55,280","118,331",,"Rp606,881",58.7,13.7,"32,401,650.00","4,749,960.00","16,970,660.00","1,333,750.00","197,420.00","6,580.00","2,062,030.00","3,153,180.00","290,430.00","422,460.00","190,540.00","339,990.00","584,000.00","11,200.00","1,131,580.00","639,240.00","192,080.00","126,560.00"
105,SUMATERA SELATAN,MUSI RAWAS, Hj. Ratna Machmud,H. Suprayitno,"419,572","126,277",3.3,66,"6,357.17",180,1,18,0,199,Kab. Musi Rawas Utara,Kab. Empat Lawang,Kab. Musi Banyuasin dan Kab. Muara Enim,Prov. Bengkulu dan Kota Lubuklinggau,,N/A,14,199,,,3,7,7,5,4,,2,5,1,6,"1,982,031,210,145.50","175,280,537,642.50","72,401,916,999.00","4,641,571,975.00","6,226,595,731.00","92,010,452,937.50","1,450,383,357,372.00","272,648,022,700.00","372,621,952,000.00","637,564,131,085.00","167,549,251,587.00",,-,N/A,N/A,"196,618,475,493.00",-,"356,367,315,131.00",-,"159,748,839,638.00",-,"947,707,753,798.00","648,446,510,970.00","479,697,129,684.17",-,-,"4,778,181,112.00",-,"444,818,754,364.00",-,N/A,"8,211,003,628.00","286,272,058,088.00",416,212,203,"419,572","33,269","33,811","37,001","33,561","32,171","31,355","30,880","31,451","30,969","30,238","27,057","21,271","16,910","12,689","8,867","8,072",,"220,554.00","3,916.00",,"23,528.00","51,852.00","11,798.00",71.92,,,27.23,4.8,,,"172,359","60,009","112,350",,"Rp616,298",54.7,12.7,"27,232,740.00","8,470,880.00","7,509,350.00","4,126,400.00","8,100.00","1,710.00","1,434,040.00","3,161,870.00","126,740.00","112,510.00","111,990.00","156,380.00","352,670.00","5,590.00","460,480.00","730,520.00","203,230.00","260,270.00"
106,SUMATERA SELATAN,MUSI BANYUASIN," H. M. Toha Tohet, S.H.",Kyai Rohman.,"666,458","200,113",3.3,47,"14,265.96",242,0,0,0,242,Prov. Jambi,Kab. Penukal Abab Lematang Ilir,Kab. Banyuasin,Kab. Musi Rawas,,245.3,15,242,,,,6,10,3,2,1,6,5,,7,"3,753,324,733,537.66","393,280,324,892.26","113,638,301,854.00","6,623,027,122.00","27,898,190,463.75","245,120,805,452.51",,,,"3,360,044,408,645.40",,,,,-,,,-,,,,"1,827,095,038,309.91","1,195,831,390,538.91","1,166,537,803,822.21",-,-,"136,363,525,755.00","5,385,000,000.00","814,229,147,036.07","2,155,951,800.00",N/A,-,"487,359,170,216.00","389,345","368,878","758,223","666,458","54,864","63,747","61,192","54,667","51,272","48,998","50,968","52,878","50,347","45,001","38,395","31,150","23,376","17,243","11,934","10,426","340,886.00","333,946.00","6,940.00","138,803.00","37,207.00","76,771.00","24,825.00",73.17,,,-,5.1,,,"188,016","57,526","130,490",,"Rp627,094",69.0,10.0,"98,937,710.00","13,124,890.00","46,372,190.00","12,194,750.00","53,010.00","15,870.00","8,433,000.00","6,381,180.00","254,590.00","254,800.00","336,720.00","1,728,870.00","2,671,320.00","43,270.00","3,996,020.00","2,113,040.00","387,490.00","576,720.00"
107,SUMATERA SELATAN,BANYU ASIN,"Dr. H. Askolani, S.H., M.H.","Netta Indian, S.P.","908,792","261,947",3.5,74,"12,258.59",317,0,0,0,317,Kab. Tanjung Jabung Timur Provinsi Jambi,"Kab. Ogan Komering Ilir, Kota Palembang",Kabupaten Ogan Komering Ilir,Kab. Musi Banyuasin,,"3,250.2",21,317,,,5,7,7,5,1,1,5,6,,8,"2,951,566,285,804.66","370,466,165,043.22","281,840,692,967.00","10,504,689,634.00","8,772,250,784.07","69,088,532,658.15","2,376,715,952,966.00","442,857,701,000.00","428,365,975,557.00","1,181,591,960,118.00","65,224,779,351.00",,"115,120,269,253.18",,,0.00,0.00,"258,275,536,400.00","204,164,166,795.44",0.00,"89,063,897,542.26","514,623,458,183.00",0.00,"661,810,608,430.00","9,094,472,997.00",0.00,"66,833,654,449.00","5,285,000,000.00","391,879,273,312.00",0.00,N/A,"29,135,295,275.00","404,275,035,463.00","910,632","465,361","445,271","908,792","73,808","72,984","77,230","74,002","73,477","73,408","72,353","69,629","66,233","59,788","54,077","45,544","35,685","25,118","17,413","18,043",433.42,419.36,"14,057.00","229,156.00","42,436.00","159,632.00","27,088.00",72.42,,,-,-,,,"141,705","37,652","104,053",,"Rp560,840",77.6,8.5,"43,763,600.00","14,096,310.00","2,252,830.00","10,982,180.00","47,460.00","5,250.00","5,558,880.00","6,919,450.00","238,570.00","217,660.00","950,580.00","104,050.00","265,940.00","5,320.00","797,080.00","984,850.00","217,240.00","119,970.00"
108,SUMATERA SELATAN,OGAN KOMERING ULU SELATAN,"Abusama, S.H.","Drs. H. Misnadi, M.M., M.Si.","439,948","108,982",4.0,80,"5,493.94",65,3,191,0,259,Kab. Ogan Komering Ulu,Kab. Lampung Barat,Kab. Ogan Komering Ulu Timur dan Kab. Way Kanan Provinsi Lampung,"Kab. Bengkulu Selatan Prov. Bengkulu, Kab. Muara Enim",,N/A,19,259,,,7,1,6,1,7,,4,3,1,4,"1,374,011,831,017.64","61,864,361,572.99","32,689,506,386.00","2,408,919,654.80","6,216,552,510.53","20,549,383,021.66","1,296,645,247,276.65",,,,,,,,,,,"15,502,222,168.00",-,-,"15,502,222,168.00","791,910,347,610.74","471,849,847,055.00","305,736,323,841.86",-,-,"12,935,776,713.88","1,388,400,000.00","213,240,887,010.40","1,218,160,000.00","231,762,385,632.00","194,807,492.00","231,567,578,140.00","211,787","196,493","408,280","439,948","37,292","32,982","32,890","34,762","37,076","37,652","34,855","34,466","32,094","30,747","26,439","21,766","17,029","12,970","8,622","8,306",,"242,985.00","4,763.00",,"24,638.00","48,692.00","11,932.00",70.98,,,31.35,5.2,,,"110,610","38,403","72,207",,"Rp456,280",35.5,9.2,"12,801,408.90","3,834,315.05","211,353.27","1,052,395.44","13,323.88","4,656.22","2,183,194.73","3,140,765.40","113,446.20","163,294.53","104,338.46","104,641.04","604,993.53","3,040.68","52,972,125.00","482,888.85","147,999.21","107,041.12"
109,SUMATERA SELATAN,OGAN KOMERING ULU TIMUR,"Ir. H. Lanosin, M.T., M.M. ","H.M. Adi Nugraha Purna Yudha, S.H.","685,776","202,425",3.4,203,"3,370.00",328,0,4,0,332,Kab. Ogan Komering Ilir,Kab. Ogan Komering Ulu Selatan,Kab. Ogan Komering Ilir,Kab. Ogan Komering Ulu,,N/A,20,332,,,4,4,5,3,5,2,8,4,,6,"2,047,900,804.66","147,278,617.90","77,764,086.86","52,881,221.15","5,671,707.80","10,961,602.06","1,449,964,636.68","46,680,116.90","120,238,235.00","945,573,018.15","337,473,266.62",,"286,052,763.04",,,"85,628,257.34","55,424,638.07","450,657,550.07",-,-,"23,551,891.62","1,146,151,702.08","757,724,756.49","578,611,426.61",-,"1,400,000.00","22,177,678.48","1,766,000.00","279,302,831.06",-,,"4,828,968.00","358,254,299.11","706,334","360,715","345,619","685,776","52,300","54,941","57,393","52,426","48,665","50,207","52,337","50,782","50,934","50,159","45,369","36,668","30,135","21,876","15,726","15,858","402,962.00","390,452.00","1,251.00","112,674.00","31,243.00","65,526.00","15,905.00",74.42,,,,,,,"128,024","33,655","94,369",,"Rp453,488",60.3,8.9,"22,541,500.00","7,369,600.00","463,100.00","2,266,000.00","14,700.00","2,900.00","3,893,500.00","4,559,400.00","246,000.00","481,800.00","270,300.00","189,000.00","568,600.00","10,400.00","1,414,800.00","409,600.00","200,200.00","181,500.00"
110,SUMATERA SELATAN,PENUKAL ABAB LEMATANG ILIR,"Asgianto, S.T.","Iwan Tuaji, S.H..","210,633","57,776",3.6,114,"1,840.00",71,0,0,0,71,Kab. Musi Banyuasin dan Kab. Banyuasin,Kab. Muara Enim,Kab. Muara Enim,Kab. Musi Rawas,,N/A,5,71,49,191,4,5,4,3,6,1,1,4,2,2,,"83,474,038.47","41,421,990.32","3,177,005.24","1,381,344.52","37,493,698.39","1,238,575,426.79","569,734,057.91","236,273,395.00","328,241,536.58","100,556,557.30",,-,,,"54,909,351.77",,"87,269,153.81",-,-,"12,313,436.04","605,894,301.10","406,867,178.07","520,851,161.60",-,-,"12,873,596.02","15,381,500.00","317,007,749.37","328,114.00",,"4,712,022.04","165,731,891.00","217,497","110,336","107,161","210,633","18,081","20,648","19,880","17,875","16,934","17,493","17,045","16,206","14,622","13,069","11,271","8,888","7,056","4,986","3,561","3,018",,"109,868.00","4,211.00",,"10,834.00","21,781.00","2,909.00",70.55,,,,,,,"58,660","16,332","42,328",,"Rp530,583",18.9,9.3,"5,807,540.00","1,069,230.00","2,368,550.00","137,780.00","1,370.00","3,690.00","841,720.00","744,610.00","6,020.00","107,480.00","65,780.00","53,160.00","168,270.00","1,610.00","102,650.00","123,530.00","8,470.00","3,640.00"
111,SUMATERA SELATAN,MUSI RAWAS UTARA,H. Devi Suhartoni,H. Devi Suhartoni,"203,119","56,539",3.6,34,"6,008.66",88,0,1,0,89,Prov. Jambi,Kab. Musi Rawas,Kab. Musi Banyuasin dan Kab. Muara Enim,Prov. Bengkulu ,,N/A,7,89,,,4,4,2,1,3,3,2,4,1,2,"1,187,297,447.47","93,288,142.07","37,435,497.84","476,952.56","2,762,889.91","52,612,801.77","890,758,471.17","420,813,292.40",-,"397,757,683.25","72,187,495.52",,-,,,"64,793,760.11","33,981,030.00","203,250,834.23",-,-,"104,476,044.12","163,420,292.25",-,"312,556,540.29",-,"150,000.00","9,369,763.80","6,265,790.00","442,763,628.57","161,801.00",,"1,200,000.00","6,265,790.00","205,366","104,437","100,929","203,119","17,319","17,214","18,162","16,578","16,358","16,880","16,649","16,503","14,372","12,779","10,873","9,308","7,792","5,889","3,504","2,939","104,714.00","99,706.00","5,008.00","43,553.00","10,347.00","24,779.00","8,427.00",71.39,,,9.59,5.0,,,"83,403","26,893","56,510",,"Rp666,294",31.3,15.3,"6,828,350.00","3,675,010.00","1,339,450.00","394,280.00","1,380.00",890.00,"297,290.00","418,380.00","59,900.00","19,030.00","24,870.00","39,800.00","94,720.00","3,060.00","141,290.00","218,150.00","44,660.00","56,170.00"
112,SUMATERA SELATAN,KOTA PALEMBANG,"Drs. H. Ratu Dewa, M.Si.","Prima Salam, S.H., M.M.","1,740,559","442,780",3.9,"4,997",348.34,107,0,0,0,107,Kab. Banyuasin,Kab. Muara Enim dan Kab. Ogan Ilir,Kab. Banyuasin,Kab. Banyuasin,,272.9,18,107,955,4,6,5,8,5,5,,4,9,,8,"4,880,194,207,658.43","1,860,504,522,346.81","1,500,658,746,057.00","20,173,151,280.07","112,375,905,640.55","46,152,555,369.19",-,-,-,-,-,-,-,,-,-,-,"1,171,236,783.00",-,,"1,171,236,783.00",-,"2,000,969,928,535.00","1,492,217,819,874.43","121,187,257.00","183,546,990.06","98,218,963,999.00",-,"1,268,017,551,821.68","599,400,000.00",,-,-,"1,829,745","915,952","913,793","1,740,559","132,751","150,681","152,986","128,845","121,980","132,244","135,673","132,891","128,554","115,793","104,454","91,302","75,280","59,347","41,912","35,866",,"758,714.00","55,461.00",,"86,396.00","293,975.00","97,928.00",83.27,,,-,-,,,"356,203","112,985","243,218",,"Rp699,920",162.3,9.0,"226,466,130.00","855,230.00","8,470.00","70,580,100.00","404,300.00","561,940.00","34,814,270.00","43,404,090.00","12,988,280.00","9,232,510.00","17,200,610.00","10,224,420.00","10,913,320.00","396,940.00","4,655,150.00","6,269,110.00","1,693,480.00","2,263,870.00"
113,SUMATERA SELATAN,KOTA PRABUMULIH,H. Arlan,"Franky Nasril, S.Kom., M.M.","208,461","53,565",3.9,"4,660",44.73,46,0,0,0,46,Kab. Muara Enim dan Kab. PALI,Kab. Muara Enim,Kab. Muara Enim dan Kab. Ogan Ilir,Kab. Muara Enim,,,6,46,144,561,5,4,4,4,4,2,-,1,1,5,"1,105,308,760.09","170,087,429.02","73,392,354.05","2,529,483.59","2,825,559.60","91,340,031.78","935,221,331.06",,,"451,813,047.00","100,678,099.65",,,-,"10,313,283.00",,"31,349,724.30",-,-,,-,"92,584,364.62","574,199,530.66","343,337,558.28",,"430,520.00","4,718,555.66","457,200.00","156,197,065.35","348,608.00","51,446,283.38",,"51,446,283.38","214,821","108,178","106,643","208,461","16,595","19,161","20,069","17,919","16,453","16,228","15,590","15,471","15,029","13,875","12,186","9,891","7,816","5,639","3,746","2,793","104,494.00","99,561.00","4,933.00","45,487.00","10,431.00","29,878.00","5,178.00",79.17,,,55.06,5.4,,,"59,328","20,440","38,888",,"Rp687,666",19.9,9.8,"11,336,750.00","664,120.00","904,220.00","1,236,680.00","23,560.00","3,660.00","1,919,430.00","3,145,250.00","305,890.00","500,750.00","146,040.00","472,840.00","858,510.00","92,510.00","344,590.00","339,710.00","316,410.00","62,580.00"
114,SUMATERA SELATAN,KOTA PAGAR ALAM,H. Ludi Oliansyah,Hj. Bertha,"151,820","41,018",3.7,243,625.91,7,0,28,0,35,Kab. Lahat,Provinsi Bengkulu,Kab. Lahat dan Kab. Muara Enim,Kab. Lahat,,,5,35,,,3,3,3,1,4,1,3,4,,3,"938,414,351.52","97,302,864.63","19,814,614.84","4,176,907.25","9,409,581.30","63,901,761.23","835,318,558.43",,,,,,,,,,,,,,,"678,887,952.45","342,673,081.18","321,193,282.64",,"5,000,000.00","8,518,088.62","1,503,500.00","251,743,356.71",0.00,,,,"155,255","79,359","75,896","151,820","11,588","12,657","13,379","11,965","10,928","11,057","10,406","11,176","11,489","11,373","9,825","7,819","6,516","5,039","3,450","3,153",,"87,274.00","1,954.00",,"7,086.00","11,973.00","4,644.00",74.92,,,"27,707.78",5.2,,,"40,759","13,800","26,959",,"Rp444,962",11.2,7.7,"4,170,930.00","1,009,110.00","87,570.00","78,590.00","2,400.00","2,120.00","627,160.00","890,370.00"," 132,96","186,490.00","64,890.00","147,660.00","207,200.00","4,080.00","115,520.00","424,380.00","81,570.00","108,810.00"
115,SUMATERA SELATAN,KOTA LUBUKLINGGAU,"H. Rachmat Hidayat, M.I.Kom.","H. Rustam Effendi, S.H.","251,980","74,255",3.4,685,367.73,72,0,0,0,72,Kab. Musi Rawas Utara,Kab. Musi Rawas,Kab. Musi Rawas,Prov. Bengkulu,,203.2,8,72,,,1,4,6,3,4,1,4,1,1,5,"1,168,367,370.00","163,439,397.00","83,021,702.00","5,007,147.00","2,201,675.00","73,208,873.00","800,265,380.00","40,862,541.00","119,506,078.00","494,825,934.00","137,125,703.00",-,- ,"7,945,124.00",,"40,862,541.00","139,375,928.00","204,662,593.00",-,-,-,"442,182,673.00","408,315,014.00","325,132,786.00","2,814,125.00",-,"28,620,182.00",-,"355,136,050.00","1,433,351.00",,-,-,"251,457","126,712","124,745","251,980","20,727","23,135","22,331","20,195","19,630","20,222","19,920","19,522","17,810","16,610","14,554","11,932","9,679","7,157","4,615","3,941","131,274.00","124,699.00","6,575.00","51,898.00","14,980.00","26,021.00","10,897.00",79.94,,,"37,689.82",4.9,,,"56,224","17,795","38,429",,"Rp633,000",27.7,10.5,"9,386,800.00","434,010.00","136,260.00","676,450.00","10,630.00","14,420.00","1,942,070.00","2,299,430.00","624,600.00","506,610.00","137,060.00","414,420.00","780,930.00","118,440.00","205,920.00","441,440.00","179,360.00","464,650.00"
116,BENGKULU,BENGKULU SELATAN,H. Rifa'i Tajudin,Yevri Sudianto,"176,907","51,492",3.4,145,"1,219.91",48,0,110,0,158,,,,,,,,,,,,,,,,,,,,,,,,,,,,,,,,,,,,,,,,,,,,,,,,,,,,,,,,,"176,907","14,956","13,852","14,158","14,432","14,458","13,603","12,759","12,550","12,247","11,863","11,343","9,818","7,684","5,631","3,826","3,727",,,,,,,,,,,,,,,"45,304","14,589","30,715",,,,,,,,,,,,,,,,,,,,,,
117,BENGKULU,REJANG LEBONG,Hendri Praja,-,"294,879","84,498",3.5,#DIV/0!,,16,6,134,0,156,,,,,,,,,,,,,,,,,,,,,,,,,,,,,,,,,,,,,,,,,,,,,,,,,,,,,,,,,"294,879","23,912","22,220","21,992","23,306","24,235","24,251","23,172","22,282","21,321","21,171","18,798","15,454","12,117","9,086","6,303","5,259",,,,,,,,,,,,,,,"72,414","19,449","52,965",,,,,,,,,,,,,,,,,,,,,,
118,BENGKULU,BENGKULU UTARA,"Arie Septia Adinata, S.E., M.AP.","H. Sumarno, S.Pd.","316,824","92,435",3.4,#DIV/0!,,57,4,159,0,220,,,,,,,,,,,,,,,,,,,,,,,,,,,,,,,,,,,,,,,,,,,,,,,,,,,,,,,,,"316,824","26,578","27,279","26,563","26,314","24,318","23,667","23,554","23,707","23,577","21,746","18,727","15,697","12,619","9,504","6,788","6,186",,,,,,,,,,,,,,,"88,976","28,954","60,022",,,,,,,,,,,,,,,,,,,,,,
119,BENGKULU,KAUR,"Gusril Pausi, S.Sos., M.A.P.","Abdul Hamid, S.Pd.I.","135,779","39,876",3.4,#DIV/0!,,85,1,109,0,195,,,,,,,,,,,,,,,,,,,,,,,,,,,,,,,,,,,,,,,,,,,,,,,,,,,,,,,,,"135,779","11,973","10,453","10,840","11,485","11,620","10,461","9,767","9,987","9,808","9,385","8,433","6,802","5,477","4,153","2,595","2,540",,,,,,,,,,,,,,,"48,086","16,494","31,592",,,,,,,,,,,,,,,,,,,,,,
120,BENGKULU,SELUMA,"Teddy Rahman, S.E., M.M.",Drs. H. Gustianto.,"222,168","61,337",3.6,#DIV/0!,,92,0,110,0,202,,,,,,,,,,,,,,,,,,,,,,,,,,,,,,,,,,,,,,,,,,,,,,,,,,,,,,,,,"222,168","19,292","17,720","17,248","17,350","17,991","16,864","16,853","16,640","16,739","15,992","13,857","11,428","9,020","6,667","4,332","4,175",,,,,,,,,,,,,,,"73,857","19,601","54,256",,,,,,,,,,,,,,,,,,,,,,
121,BENGKULU,MUKOMUKO,"Choirul Huda, S.H.",Rahmadi A.B.,"207,380","57,488",3.6,#DIV/0!,,62,0,90,0,152,,,,,,,,,,,,,,,,,,,,,,,,,,,,,,,,,,,,,,,,,,,,,,,,,,,,,,,,,"207,380","17,902","18,916","18,519","17,769","16,455","16,405","16,278","16,490","15,834","13,450","11,290","9,267","7,170","4,948","3,569","3,118",,,,,,,,,,,,,,,"51,817","16,857","34,960",,,,,,,,,,,,,,,,,,,,,,
122,BENGKULU,LEBONG,"H. Azhari, S.H., M.H.","Bambang Agus Suprabudi, S.Sos., M.Si.","114,499","35,536",3.2,#DIV/0!,,53,0,51,0,104,,,,,,,,,,,,,,,,,,,,,,,,,,,,,,,,,,,,,,,,,,,,,,,,,,,,,,,,,"114,499","10,052","9,284","9,090","8,661","9,216","9,225","8,807","8,628","8,075","7,446","6,883","5,784","4,807","3,705","2,596","2,240",,,,,,,,,,,,,,,"32,015","9,685","22,330",,,,,,,,,,,,,,,,,,,,,,
123,BENGKULU,KEPAHIANG,"H. Zurdi Nata, S.IP","Ir. H. Abdul Hafizh, M.Si","159,639","46,822",3.4,#DIV/0!,,1,1,115,0,117,,,,,,,,,,,,,,,,,,,,,,,,,,,,,,,,,,,,,,,,,,,,,,,,,,,,,,,,,"159,639","12,896","12,093","11,936","11,979","12,150","12,878","12,406","12,893","11,966","11,974","10,513","8,660","6,807","4,747","3,124","2,617",,,,,,,,,,,,,,,"49,869","15,904","33,965",,,,,,,,,,,,,,,,,,,,,,
124,BENGKULU,BENGKULU TENGAH,"Drs. Rachmat Riyanto, S.T., M.A.P. ",Tarmizi,"125,675","38,467",3.3,#DIV/0!,,55,0,88,0,143,,,,,,,,,,,,,,,,,,,,,,,,,,,,,,,,,,,,,,,,,,,,,,,,,,,,,,,,,"125,675","11,059","10,244","10,546","10,428","10,244","10,251","10,056","9,981","9,132","8,425","7,253","5,825","4,549","3,397","2,201","2,084",,,,,,,,,,,,,,,"25,139","7,635","17,504",,,,,,,,,,,,,,,,,,,,,,
125,BENGKULU,KOTA BENGKULU,Dedy Wahyudi,Ronny Pebriyanto L. Tobing,"409,591","113,578",3.6,#DIV/0!,,67,0,0,0,67,,,,,,,,,,,,,,,,,,,,,,,,,,,,,,,,,,,,,,,,,,,,,,,,,,,,,,,,,"409,591","36,069","34,781","32,994","30,127","29,928","35,623","37,387","34,044","29,330","25,848","23,132","19,975","16,576","11,716","7,138","4,923",,,,,,,,,,,,,,,"86,529","27,742","58,787",,,,,,,,,,,,,,,,,,,,,,
126,LAMPUNG,PRINGSEWU, H. Riyanto Pamungkas,"Umi Laila, S.Ag.","434,739","125,323",3.5,#DIV/0!,,129,0,2,0,131,,,,,,,,,,,,,,,,,,,,,,,,,,,,,,,,,,,,,,,,,,,,,,,,,,,,,,,,,"434,739","35,151","34,601","35,607","32,852","33,992","34,970","32,095","30,546","29,874","29,012","27,285","24,177","19,913","14,647","10,229","9,788",,,,,,,,,,,,,,,"136,594","46,457","90,137",,,,,,,,,,,,,,,,,,,,,,
127,LAMPUNG,MESUJI,"Hj. Elfianah, S.E.","M. Yugi Wicaksono, S.M.","248,750","68,236",3.6,#DIV/0!,,105,0,0,0,105,,,,,,,,,,,,,,,,,,,,,,,,,,,,,,,,,,,,,,,,,,,,,,,,,,,,,,,,,"248,750","22,436","20,438","21,202","19,543","18,177","19,691","22,757","21,454","18,600","15,693","13,214","10,971","9,135","6,521","4,555","4,363",,,,,,,,,,,,,,,"47,871","16,789","31,082",,,,,,,,,,,,,,,,,,,,,,
128,LAMPUNG,LAMPUNG BARAT,Parosil Mabsus,Mad Hasnurin,"322,589","88,517",3.6,#DIV/0!,,42,0,94,0,136,,,,,,,,,,,,,,,,,,,,,,,,,,,,,,,,,,,,,,,,,,,,,,,,,,,,,,,,,"322,589","28,800","27,750","26,314","25,986","25,049","24,300","23,744","25,229","23,611","21,884","19,338","16,552","12,783","9,477","6,099","5,673",,,,,,,,,,,,,,,"90,240","27,345","62,895",,,,,,,,,,,,,,,,,,,,,,
129,LAMPUNG,TANGGAMUS,"Drs. H. Moh. Saleh Asnawi, M.A., M.H.",Agus Suranto,"685,539","179,313",3.8,#DIV/0!,,228,0,74,0,302,,,,,,,,,,,,,,,,,,,,,,,,,,,,,,,,,,,,,,,,,,,,,,,,,,,,,,,,,"685,539","57,868","55,831","56,283","51,918","52,334","54,918","52,521","53,856","48,758","45,899","39,862","34,986","28,572","21,953","14,962","15,018",,,,,,,,,,,,,,,"200,336","60,377","139,959",,,,,,,,,,,,,,,,,,,,,,
130,LAMPUNG,LAMPUNG SELATAN,"Radityo Egi Pratama, S.T., MBA","M. Syaiful Anwar, S.T., M.Pd.","1,147,198","324,511",3.5,#DIV/0!,,237,0,23,0,260,,,,,,,,,,,,,,,,,,,,,,,,,,,,,,,,,,,,,,,,,,,,,,,,,,,,,,,,,"1,147,198","96,250","98,818","97,317","90,235","87,786","90,017","87,297","83,871","84,833","79,481","69,762","57,241","45,984","34,194","22,929","21,183",,,,,,,,,,,,,,,"362,263","126,344","235,919",,,,,,,,,,,,,,,,,,,,,,
131,LAMPUNG,LAMPUNG TIMUR,"Hj. Ela Siti Nuryamah, S.Sos.I., M.E., M.A.P.","Hj. Ela Siti Nuryamah, S.Sos.I., M.E., M.A.P.","1,175,365","325,218",3.6,#DIV/0!,,264,0,0,0,264,,,,,,,,,,,,,,,,,,,,,,,,,,,,,,,,,,,,,,,,,,,,,,,,,,,,,,,,,"1,175,365","94,200","86,024","92,991","90,470","87,807","89,148","86,615","83,438","84,079","85,381","79,210","64,713","52,344","39,734","29,121","30,090",,,,,,,,,,,,,,,"273,671","88,671","185,000",,,,,,,,,,,,,,,,,,,,,,
132,LAMPUNG,LAMPUNG TENGAH,I Komang Koheri,-,"1,557,290","401,857",3.9,#DIV/0!,,307,0,7,0,314,,,,,,,,,,,,,,,,,,,,,,,,,,,,,,,,,,,,,,,,,,,,,,,,,,,,,,,,,"1,557,290","126,174","117,017","117,940","112,087","113,460","122,109","123,282","118,689","114,241","112,550","101,995","85,131","70,177","51,861","35,365","35,212",,,,,,,,,,,,,,,"428,510","141,106","287,404",,,,,,,,,,,,,,,,,,,,,,
133,LAMPUNG,LAMPUNG UTARA,"Dr. Ir. H. Hamartoni Ahadis, M.Si.","Romli, S.Kom., S.H., M.H.","671,492","184,394",3.6,#DIV/0!,,231,0,16,0,247,,,,,,,,,,,,,,,,,,,,,,,,,,,,,,,,,,,,,,,,,,,,,,,,,,,,,,,,,"671,492","54,685","57,407","58,220","55,519","52,183","51,350","49,521","50,245","45,889","42,969","39,079","34,158","28,935","21,704","14,719","14,909",,,,,,,,,,,,,,,"235,704","83,034","152,670",,,,,,,,,,,,,,,,,,,,,,
134,LAMPUNG,WAY KANAN," Ayu Asalasiyah, S.Ked.",-,"509,245","141,045",3.6,#DIV/0!,,195,0,32,0,227,,,,,,,,,,,,,,,,,,,,,,,,,,,,,,,,,,,,,,,,,,,,,,,,,,,,,,,,,"509,245","42,731","45,687","44,097","40,866","38,955","38,483","39,018","40,458","37,100","33,360","28,553","23,886","20,198","15,437","10,447","9,969",,,,,,,,,,,,,,,"195,626","69,674","125,952",,,,,,,,,,,,,,,,,,,,,,
135,LAMPUNG,TULANGBAWANG," K.R.A.T. Drs. Hi. Qudrotul Ikhwan Karyonagoro, M.M.",Hankam Hasan,"460,341","124,902",3.7,#DIV/0!,,151,0,0,0,151,,,,,,,,,,,,,,,,,,,,,,,,,,,,,,,,,,,,,,,,,,,,,,,,,,,,,,,,,"460,341","38,015","37,830","40,053","38,418","35,236","35,152","36,593","35,792","33,059","30,751","28,784","24,373","17,801","12,062","8,217","8,205",,,,,,,,,,,,,,,"96,633","30,556","66,077",,,,,,,,,,,,,,,,,,,,,,
136,LAMPUNG,PESAWARAN,"Hj. Nanda Indira Bastian, S.E., M.M.","Antonius Muhammad Ali, S.H.","512,164","138,737",3.7,#DIV/0!,,98,0,50,0,148,,,,,,,,,,,,,,,,,,,,,,,,,,,,,,,,,,,,,,,,,,,,,,,,,,,,,,,,,"512,164","41,007","44,185","43,192","40,710","41,033","40,787","37,546","36,893","36,221","34,660","30,384","25,649","20,762","16,425","11,478","11,232",,,,,,,,,,,,,,,"182,659","64,901","117,758",,,,,,,,,,,,,,,,,,,,,,
137,LAMPUNG,TULANG BAWANG BARAT,"Ir. Novriwan Jaya, S.P.",Nadirsyah,"304,759","91,738",3.3,#DIV/0!,,103,0,0,0,103,,,,,,,,,,,,,,,,,,,,,,,,,,,,,,,,,,,,,,,,,,,,,,,,,,,,,,,,,"304,759","24,377","26,216","24,913","22,204","18,461","22,016","25,156","24,776","22,919","20,624","18,966","16,585","13,907","9,968","6,914","6,757",,,,,,,,,,,,,,,"65,657","21,820","43,837",,,,,,,,,,,,,,,,,,,,,,
138,LAMPUNG,PESISIR BARAT,Dedi Irawan,Irawan Topani,"177,385","47,175",3.8,#DIV/0!,,84,0,37,0,121,,,,,,,,,,,,,,,,,,,,,,,,,,,,,,,,,,,,,,,,,,,,,,,,,,,,,,,,,"177,385","15,989","16,724","16,195","15,225","14,122","14,080","13,253","13,124","11,870","10,707","9,367","8,172","6,834","5,113","3,417","3,193",,,,,,,,,,,,,,,"40,584","12,987","27,597",,,,,,,,,,,,,,,,,,,,,,
139,LAMPUNG,KOTA BANDAR LAMPUNG, Hj. Eva Dwiana,Deddy Amarullah,"1,237,627","252,572",4.9,#DIV/0!,,118,0,8,0,126,,,,,,,,,,,,,,,,,,,,,,,,,,,,,,,,,,,,,,,,,,,,,,,,,,,,,,,,,"1,237,627","101,661","93,361","93,165","89,805","92,475","92,680","97,678","102,873","99,002","87,325","75,347","65,625","51,836","39,512","26,912","28,370",,,,,,,,,,,,,,,"265,918","91,983","173,935",,,,,,,,,,,,,,,,,,,,,,
140,LAMPUNG,KOTA METRO,"H. Bambang Iman Santoso, S.Sos., M.Pd.I.",Muhammad Rafieq Adi Pradana,"179,309","56,246",3.2,#DIV/0!,,22,0,0,0,22,,,,,,,,,,,,,,,,,,,,,,,,,,,,,,,,,,,,,,,,,,,,,,,,,,,,,,,,,"179,309","13,723","14,804","14,071","13,006","13,534","13,962","13,716","12,929","12,270","12,359","11,968","10,593","8,212","6,213","4,248","3,701",,,,,,,,,,,,,,,"46,861","16,424","30,437",,,,,,,,,,,,,,,,,,,,,,
141,KEPULAUAN BANGKA BELITUNG,BANGKA,"H. Fery Insani, S.H., M.M.",Syahbudin,"350,006","96,758",3.6,#DIV/0!,,81,0,0,0,81,,,,,,,,,,,,,,,,,,,,,,,,,,,,,,,,,,,,,,,,,,,,,,,,,,,,,,,,,"350,006","30,054","27,493","25,769","28,128","28,428","28,039","26,666","27,376","25,955","24,293","21,478","17,609","13,948","10,702","7,680","6,388",,,,,,,,,,,,,,,"46,677","16,985","29,692",,,,,,,,,,,,,,,,,,,,,,
142,KEPULAUAN BANGKA BELITUNG,BELITUNG,"H. Djoni Alamsyah Hidayat, S.Sos.","Syamsir, S.I.Kom.","195,675","57,690",3.4,#DIV/0!,,48,0,1,0,49,,,,,,,,,,,,,,,,,,,,,,,,,,,,,,,,,,,,,,,,,,,,,,,,,,,,,,,,,"195,675","15,724","14,583","13,293","14,064","15,038","16,175","16,631","14,198","13,977","13,709","13,111","10,893","8,881","6,411","4,389","4,598",,,,,,,,,,,,,,,"48,882","18,642","30,240",,,,,,,,,,,,,,,,,,,,,,
143,KEPULAUAN BANGKA BELITUNG,BANGKA BARAT,"Markus, S.H.",H. Yus Derahman.,"221,628","62,224",3.6,#DIV/0!,,66,0,0,0,66,,,,,,,,,,,,,,,,,,,,,,,,,,,,,,,,,,,,,,,,,,,,,,,,,,,,,,,,,"221,628","18,351","17,674","17,393","18,779","18,780","17,836","16,403","17,817","17,088","15,759","13,492","10,561","8,094","6,034","4,097","3,470",,,,,,,,,,,,,,,"49,609","21,610","27,999",,,,,,,,,,,,,,,,,,,,,,
144,KEPULAUAN BANGKA BELITUNG,BANGKA TENGAH,"Algafry Rahman, S.T., M.Pd.","Efrianda, S.T.","216,454","58,716",3.7,#DIV/0!,,63,0,0,0,63,,,,,,,,,,,,,,,,,,,,,,,,,,,,,,,,,,,,,,,,,,,,,,,,,,,,,,,,,"216,454","19,083","17,216","17,271","18,118","18,371","17,465","16,903","18,218","17,027","14,762","12,450","9,862","7,794","5,748","3,554","2,612",,,,,,,,,,,,,,,"52,457","20,786","31,671",,,,,,,,,,,,,,,,,,,,,,
145,KEPULAUAN BANGKA BELITUNG,BANGKA SELATAN,"H. Riza Herdavid, S.T., M.Tr.I.P.",Debby Vita Dewi,"213,683","61,973",3.4,#DIV/0!,,53,0,0,0,53,,,,,,,,,,,,,,,,,,,,,,,,,,,,,,,,,,,,,,,,,,,,,,,,,,,,,,,,,"213,683","17,976","15,212","15,983","17,245","17,873","17,913","17,783","18,134","16,771","15,080","13,124","10,852","8,317","5,578","3,099","2,743",,,,,,,,,,,,,,,"25,823","9,328","16,495",,,,,,,,,,,,,,,,,,,,,,
146,KEPULAUAN BANGKA BELITUNG,BELITUNG TIMUR,Kamarudin Muten,Khairil Anwar,"135,877","43,106",3.2,#DIV/0!,,33,0,6,0,39,,,,,,,,,,,,,,,,,,,,,,,,,,,,,,,,,,,,,,,,,,,,,,,,,,,,,,,,,"135,877","10,425","9,954","9,434","9,719","10,784","10,948","10,831","9,524","9,866","10,466","9,664","7,795","5,963","4,369","3,164","2,971",,,,,,,,,,,,,,,"30,717","10,377","20,340",,,,,,,,,,,,,,,,,,,,,,
147,KEPULAUAN BANGKA BELITUNG,KOTA PANGKALPINANG,"Prof. Ir. Drs. H. Saparudin, M.T., Ph.D.","Dessy Ayutrisna, S.E., M.M.","236,426","72,296",3.3,#DIV/0!,,42,0,0,0,42,,,,,,,,,,,,,,,,,,,,,,,,,,,,,,,,,,,,,,,,,,,,,,,,,,,,,,,,,"236,426","20,032","20,354","17,666","18,151","17,393","17,764","19,200","19,501","18,342","16,525","13,909","11,389","9,210","7,436","5,268","4,286",,,,,,,,,,,,,,,"36,856","14,319","22,537",,,,,,,,,,,,,,,,,,,,,,
148,KEPULAUAN RIAU,KARIMUN,Ing. H. Iskandarsyah,Rocky Marciano Bawole,"268,590","85,488",3.1,#DIV/0!,,68,0,3,0,71,,,,,,,,,,,,,,,,,,,,,,,,,,,,,,,,,,,,,,,,,,,,,,,,,,,,,,,,,"268,590","21,955","23,031","23,165","18,995","19,669","20,223","19,868","19,983","19,499","18,893","16,897","14,239","12,339","8,787","5,601","5,446",,,,,,,,,,,,,,,"54,890","20,358","34,532",,,,,,,,,,,,,,,,,,,,,,
149,KEPULAUAN RIAU,BINTAN,"Roby Kurniawan, S.P.W.K.","Deby Maryanti, A.Md.","172,663","50,658",3.4,#DIV/0!,,39,0,12,0,51,,,,,,,,,,,,,,,,,,,,,,,,,,,,,,,,,,,,,,,,,,,,,,,,,,,,,,,,,"172,663","13,980","14,327","14,887","13,697","13,465","12,452","12,237","13,148","14,108","13,291","11,450","8,734","6,901","4,611","2,725","2,650",,,,,,,,,,,,,,,"32,345","11,381","20,964",,,,,,,,,,,,,,,,,,,,,,
150,KEPULAUAN RIAU,NATUNA,Cen Sui Lan,Jarmin Sidik,"87,825","24,883",3.5,#DIV/0!,,39,0,38,0,77,,,,,,,,,,,,,,,,,,,,,,,,,,,,,,,,,,,,,,,,,,,,,,,,,,,,,,,,,"87,825","7,689","7,766","7,945","7,430","7,547","6,689","6,201","6,520","6,434","5,844","5,079","3,975","3,294","2,428","1,527","1,457",,,,,,,,,,,,,,,"13,425","4,703","8,722",,,,,,,,,,,,,,,,,,,,,,
151,KEPULAUAN RIAU,LINGGA,"Muhammad Nizar, S.Sos","Ir. H. Novrizal, S.T., M.IP","103,880","33,898",3.1,#DIV/0!,,84,0,11,0,95,,,,,,,,,,,,,,,,,,,,,,,,,,,,,,,,,,,,,,,,,,,,,,,,,,,,,,,,,"103,880","8,263","8,106","8,480","7,884","8,939","7,333","6,942","7,807","7,911","7,122","6,341","5,225","4,586","3,708","2,641","2,592",,,,,,,,,,,,,,,"49,638","17,540","32,098",,,,,,,,,,,,,,,,,,,,,,
152,KEPULAUAN RIAU,KEPULAUAN ANAMBAS,Aneng,"Raja Bayu Febri Gunadian, S.E.","50,983","14,708",3.5,#DIV/0!,,2,2,48,2,54,,,,,,,,,,,,,,,,,,,,,,,,,,,,,,,,,,,,,,,,,,,,,,,,,,,,,,,,,"50,983","4,537","4,561","4,410","4,204","4,262","3,819","3,723","4,023","3,641","3,304","3,037","2,386","1,946","1,420",890,820,,,,,,,,,,,,,,,"12,374","4,535","7,839",,,,,,,,,,,,,,,,,,,,,,
153,KEPULAUAN RIAU,KOTA BATAM, Amsakar Achmad, Li Claudia Chandra,"1,316,743","404,819",3.3,#DIV/0!,,40,0,24,0,64,,,,,,,,,,,,,,,,,,,,,,,,,,,,,,,,,,,,,,,,,,,,,,,,,,,,,,,,,"1,316,743","118,109","112,236","109,262","103,069","101,853","114,242","112,710","113,230","104,226","97,331","83,530","61,024","39,867","22,798","12,751","10,505",,,,,,,,,,,,,,,"248,414","91,362","157,052",,,,,,,,,,,,,,,,,,,,,,
154,KEPULAUAN RIAU,KOTA TANJUNG PINANG,"H. Lis Darmansyah, S.H.","Drs. H. Raja Ariza, M.M.","242,421","75,170",3.2,#DIV/0!,,11,0,7,0,18,,,,,,,,,,,,,,,,,,,,,,,,,,,,,,,,,,,,,,,,,,,,,,,,,,,,,,,,,"242,421","18,453","19,085","20,400","19,116","19,277","17,939","17,877","17,688","18,361","17,562","15,765","12,787","10,750","7,761","4,862","4,738",,,,,,,,,,,,,,,"44,797","14,145","30,652",,,,,,,,,,,,,,,,,,,,,,
155,DKI JAKARTA,KEPULAUAN SERIBU,"Muhammad Fadjar Churniawan, S.E., M.Si.",Aceng Zaeni ,"29,355","8,130",3.6,#DIV/0!,,6,0,0,0,6,,,,,,,,,,,,,,,,,,,,,,,,,,,,,,,,,,,,,,,,,,,,,,,,,,,,,,,,,"29,355","2,555","2,769","2,430","2,270","2,543","2,593","2,303","2,213","2,054","1,867","1,665","1,432","1,134",749,435,343,,,,,,,,,,,,,,,262,78,184,,,,,,,,,,,,,,,,,,,,,,
156,DKI JAKARTA,KOTA JAKARTA SELATAN,Syafrin Liputo,Firmanudin Ibrahim,"2,207,857","769,220",2.9,#DIV/0!,,65,0,0,0,65,,,,,,,,,,,,,,,,,,,,,,,,,,,,,,,,,,,,,,,,,,,,,,,,,,,,,,,,,"2,207,857","140,767","148,618","155,731","163,369","165,819","165,689","161,843","165,378","166,918","172,823","165,454","142,436","114,018","81,059","53,461","44,474",,,,,,,,,,,,,,,"39,228","15,071","24,157",,,,,,,,,,,,,,,,,,,,,,
157,DKI JAKARTA,KOTA JAKARTA TIMUR,"Dr. Munjirin, S.Sos., M.Si.","Kusmanto, S.Sos., M.Si.","3,083,988","1,081,913",2.9,#DIV/0!,,65,0,0,0,65,,,,,,,,,,,,,,,,,,,,,,,,,,,,,,,,,,,,,,,,,,,,,,,,,,,,,,,,,"3,083,988","211,805","225,833","229,255","233,590","234,188","231,546","230,553","237,333","236,494","233,512","215,623","184,025","148,010","107,257","71,884","53,080",,,,,,,,,,,,,,,"44,409","16,322","28,087",,,,,,,,,,,,,,,,,,,,,,
158,DKI JAKARTA,KOTA JAKARTA PUSAT,"Drs. Arifin, M.A.P.",Eric Phahlevi Zakaria Lumbun,"1,032,236","373,868",2.8,#DIV/0!,,44,0,0,0,44,,,,,,,,,,,,,,,,,,,,,,,,,,,,,,,,,,,,,,,,,,,,,,,,,,,,,,,,,"1,032,236","60,323","66,306","70,192","73,652","78,646","78,118","75,883","79,014","77,924","76,752","74,228","67,848","57,254","42,037","29,039","25,020",,,,,,,,,,,,,,,"17,681","6,541","11,140",,,,,,,,,,,,,,,,,,,,,,
159,DKI JAKARTA,KOTA JAKARTA BARAT,"Hj. Iin Mutmainnah, S.Sos., M.Si.","H. Ali Murthadho, S.H., M.Si..","2,494,110","844,958",3.0,#DIV/0!,,56,0,0,0,56,,,,,,,,,,,,,,,,,,,,,,,,,,,,,,,,,,,,,,,,,,,,,,,,,,,,,,,,,"2,494,110","172,409","176,594","183,273","186,675","186,057","184,819","187,264","200,281","201,121","193,978","171,968","144,382","116,258","84,892","57,179","46,960",,,,,,,,,,,,,,,"43,830","16,287","27,543",,,,,,,,,,,,,,,,,,,,,,
160,DKI JAKARTA,KOTA JAKARTA UTARA,"Hendra Hidayat, S.IP., M.A.",Fredy Setiawan,"1,822,156","615,080",3.0,#DIV/0!,,31,0,0,0,31,,,,,,,,,,,,,,,,,,,,,,,,,,,,,,,,,,,,,,,,,,,,,,,,,,,,,,,,,"1,822,156","130,169","137,016","138,696","137,657","134,718","134,697","137,675","146,001","145,420","141,111","123,656","101,665","80,691","60,170","40,801","32,013",,,,,,,,,,,,,,,"29,538","11,045","18,493",,,,,,,,,,,,,,,,,,,,,,
161,JAWA BARAT,MAJALENGKA,"Drs. H. Eman Suherman, M.M.",Dena Muhamad Ramdhan,"1,374,601","456,144",3.0,#DIV/0!,,195,0,148,0,343,,,,,,,,,,,,,,,,,,,,,,,,,,,,,,,,,,,,,,,,,,,,,,,,,,,,,,,,,"1,374,601","103,608","96,200","94,749","99,889","104,922","104,236","100,892","98,105","102,026","99,861","91,999","78,845","67,407","54,207","39,387","38,268",,,,,,,,,,,,,,,"398,455","131,207","267,248",,,,,,,,,,,,,,,,,,,,,,
162,JAWA BARAT,SUMEDANG,"Dr. H. Dony Ahmad Munir, S.T., M.M.","M. Fajar Aldila, S.H., M.Kn.","1,203,722","437,178",2.8,#DIV/0!,,68,0,209,0,277,,,,,,,,,,,,,,,,,,,,,,,,,,,,,,,,,,,,,,,,,,,,,,,,,,,,,,,,,"1,203,722","86,339","84,561","83,555","90,402","97,927","94,129","90,615","82,340","79,954","76,759","71,778","70,669","64,676","50,910","39,601","39,507",,,,,,,,,,,,,,,"330,472","105,400","225,072",,,,,,,,,,,,,,,,,,,,,,
163,JAWA BARAT,BANDUNG BARAT,Jeje Ritchie Ismail,Asep Ismail,"1,931,072","566,546",3.4,#DIV/0!,,91,1,73,0,165,,,,,,,,,,,,,,,,,,,,,,,,,,,,,,,,,,,,,,,,,,,,,,,,,,,,,,,,,"1,931,072","154,626","150,221","147,796","152,434","158,716","154,770","152,315","141,135","139,137","132,689","120,865","101,229","82,727","60,528","41,931","39,953",,,,,,,,,,,,,,,"348,849","86,013","262,836",,,,,,,,,,,,,,,,,,,,,,
164,JAWA BARAT,KOTA CIMAHI,"Letkol (Purn.) Ngatiyana, S.A.P.","Adhitia Yudisthira, S.E., Ak., CA","613,954","185,969",3.3,#DIV/0!,,14,0,1,0,15,,,,,,,,,,,,,,,,,,,,,,,,,,,,,,,,,,,,,,,,,,,,,,,,,,,,,,,,,"613,954","46,862","43,259","41,861","46,408","49,422","50,342","49,989","45,385","43,957","45,367","41,445","35,704","28,235","20,246","13,871","11,601",,,,,,,,,,,,,,,"89,292","30,554","58,738",,,,,,,,,,,,,,,,,,,,,,
165,JAWA BARAT,BOGOR,"Rudy Susmanto, S.Si.","H. Ade Ruhandi, S.E.","5,760,944","1,634,018",3.5,#DIV/0!,,236,6,193,0,435,,,,,,,,,,,,,,,,,,,,,,,,,,,,,,,,,,,,,,,,,,,,,,,,,,,,,,,,,"5,760,944","449,696","449,892","459,893","454,799","453,624","470,936","476,486","488,123","439,537","406,609","357,819","295,491","224,126","156,950","97,517","79,446",,,,,,,,,,,,,,,"1,165,254","359,760","805,494",,,,,,,,,,,,,,,,,,,,,,
166,JAWA BARAT,SUKABUMI,"Drs. H. Asep Japar, M.M.","H. Andreas, S.E.","2,875,411","896,909",3.2,#DIV/0!,,386,0,0,0,386,,,,,,,,,,,,,,,,,,,,,,,,,,,,,,,,,,,,,,,,,,,,,,,,,,,,,,,,,"2,875,411","223,483","217,958","219,690","227,706","234,412","235,300","225,635","219,905","200,826","185,162","173,058","153,240","130,497","98,758","66,645","63,136",,,,,,,,,,,,,,,"571,200","183,122","388,078",,,,,,,,,,,,,,,,,,,,,,
167,JAWA BARAT,CIANJUR,"dr. Mohammad Wahyu Ferdian, Sp.OG",Ramzi,"2,634,844","790,895",3.3,#DIV/0!,,195,0,165,0,360,,,,,,,,,,,,,,,,,,,,,,,,,,,,,,,,,,,,,,,,,,,,,,,,,,,,,,,,,"2,634,844","212,745","212,407","211,584","211,942","210,391","212,605","201,308","198,047","181,051","168,124","162,432","137,181","115,570","87,625","58,677","53,155",,,,,,,,,,,,,,,"664,808","195,978","468,830",,,,,,,,,,,,,,,,,,,,,,
168,JAWA BARAT,BANDUNG,"Dr. H. M. Dadang Supriatna, S.Ip., M.Si.",Ali Syakieb,"3,812,412","1,167,777",3.3,#DIV/0!,,106,0,174,0,280,,,,,,,,,,,,,,,,,,,,,,,,,,,,,,,,,,,,,,,,,,,,,,,,,,,,,,,,,"3,812,412","289,476","306,848","302,922","329,253","319,951","300,302","292,977","275,503","274,361","270,906","240,345","196,231","157,292","113,402","78,071","64,572",,,,,,,,,,,,,,,"634,694","193,080","441,614",,,,,,,,,,,,,,,,,,,,,,
169,JAWA BARAT,GARUT,"Dr. Ir. H. Abdusy Syakur Amin, M.Eng., IPU",L. Putri Karlina,"2,779,698","858,899",3.2,#DIV/0!,,151,0,291,0,442,,,,,,,,,,,,,,,,,,,,,,,,,,,,,,,,,,,,,,,,,,,,,,,,,,,,,,,,,"2,779,698","246,014","238,951","224,154","233,175","243,798","246,365","220,264","202,970","182,598","164,719","151,899","131,418","109,418","80,810","54,178","48,967",,,,,,,,,,,,,,,"744,740","260,044","484,696",,,,,,,,,,,,,,,,,,,,,,
170,JAWA BARAT,TASIKMALAYA,"Dr. H. Cecep Nurul Yakin, S.Pd., M.A.P.","H. Asep Sopari Al-Ayubi, S.P., M.I.P.","1,946,197","626,162",3.1,#DIV/0!,,119,1,231,0,351,,,,,,,,,,,,,,,,,,,,,,,,,,,,,,,,,,,,,,,,,,,,,,,,,,,,,,,,,"1,946,197","149,221","145,540","137,318","149,186","156,565","153,314","142,185","133,090","128,759","120,868","122,517","115,180","103,682","77,301","53,556","57,915",,,,,,,,,,,,,,,"552,067","180,709","371,358",,,,,,,,,,,,,,,,,,,,,,
171,JAWA BARAT,CIAMIS,"Dr. H. Herdiat Sunarya, M.M.",-,"1,273,158","441,948",2.9,#DIV/0!,,71,0,194,0,265,,,,,,,,,,,,,,,,,,,,,,,,,,,,,,,,,,,,,,,,,,,,,,,,,,,,,,,,,"1,273,158","94,192","84,204","83,297","93,410","98,650","97,676","90,428","83,382","81,580","79,861","78,361","77,387","73,141","62,341","47,473","47,775",,,,,,,,,,,,,,,"325,996","108,792","217,204",,,,,,,,,,,,,,,,,,,,,,
172,JAWA BARAT,KUNINGAN,"Dr. H. Dian Rachmat Yanuar, M.Si.",Tuti Andriani,"1,236,761","382,943",3.2,#DIV/0!,,219,1,156,0,376,,,,,,,,,,,,,,,,,,,,,,,,,,,,,,,,,,,,,,,,,,,,,,,,,,,,,,,,,"1,236,761","93,347","97,509","86,977","95,184","95,654","92,315","87,976","87,346","89,042","85,025","77,143","70,429","60,819","47,623","34,812","35,560",,,,,,,,,,,,,,,"527,193","186,253","340,940",,,,,,,,,,,,,,,,,,,,,,
173,JAWA BARAT,CIREBON,"Drs. H. Imron Rosyadi, M.Ag.", H. Agus Kurniawan Budiman,"2,438,657","771,828",3.2,#DIV/0!,,359,0,65,0,424,,,,,,,,,,,,,,,,,,,,,,,,,,,,,,,,,,,,,,,,,,,,,,,,,,,,,,,,,"2,438,657","197,856","202,099","175,427","173,069","177,411","197,578","197,491","200,101","192,375","179,536","153,209","126,471","98,557","74,221","51,025","42,231",,,,,,,,,,,,,,,"675,926","214,178","461,748",,,,,,,,,,,,,,,,,,,,,,
174,JAWA BARAT,INDRAMAYU,Lucky Hakim,Syaefudin,"1,950,316","649,763",3.0,#DIV/0!,,317,0,0,0,317,,,,,,,,,,,,,,,,,,,,,,,,,,,,,,,,,,,,,,,,,,,,,,,,,,,,,,,,,"1,950,316","148,550","135,807","140,640","142,417","145,153","155,074","151,823","149,964","151,038","149,333","131,188","109,585","87,021","68,332","46,029","38,362",,,,,,,,,,,,,,,"460,466","147,579","312,887",,,,,,,,,,,,,,,,,,,,,,
175,JAWA BARAT,SUBANG,"Reynaldy Putra Andita Budi Raemi, S.I.P.",H. Agus Masykur Rosyadi,"1,687,343","573,946",2.9,#DIV/0!,,183,0,70,0,253,,,,,,,,,,,,,,,,,,,,,,,,,,,,,,,,,,,,,,,,,,,,,,,,,,,,,,,,,"1,687,343","128,526","115,218","114,030","120,411","126,428","130,412","128,762","119,175","123,449","116,992","112,639","101,676","85,526","66,667","46,785","50,647",,,,,,,,,,,,,,,"341,089","103,482","237,607",,,,,,,,,,,,,,,,,,,,,,
176,JAWA BARAT,PURWAKARTA,Saepul Bahri Binzein,Abang Ijo Hapidin.,"1,075,243","319,672",3.4,#DIV/0!,,99,1,92,0,192,,,,,,,,,,,,,,,,,,,,,,,,,,,,,,,,,,,,,,,,,,,,,,,,,,,,,,,,,"1,075,243","91,066","84,872","83,826","84,208","85,289","85,772","85,811","83,726","77,150","72,591","65,693","57,197","44,056","31,660","21,541","20,785",,,,,,,,,,,,,,,"217,146","70,625","146,521",,,,,,,,,,,,,,,,,,,,,,
177,JAWA BARAT,KARAWANG,"H. Aep Syaepuloh, S.E.",H. Maslani,"2,607,281","817,237",3.2,#DIV/0!,,293,0,16,0,309,,,,,,,,,,,,,,,,,,,,,,,,,,,,,,,,,,,,,,,,,,,,,,,,,,,,,,,,,"2,607,281","201,007","193,403","199,310","198,267","193,712","202,191","218,201","214,863","198,432","190,096","168,119","142,347","108,996","80,039","50,868","47,430",,,,,,,,,,,,,,,"527,764","169,957","357,807",,,,,,,,,,,,,,,,,,,,,,
178,JAWA BARAT,BEKASI,Asep Surya Atmaja,-,"3,331,400","1,102,385",3.0,#DIV/0!,,187,0,0,0,187,,,,,,,,,,,,,,,,,,,,,,,,,,,,,,,,,,,,,,,,,,,,,,,,,,,,,,,,,"3,331,400","254,970","269,855","258,260","259,231","229,752","235,255","271,243","302,498","292,236","271,328","225,263","175,665","121,804","78,909","47,208","37,923",,,,,,,,,,,,,,,"729,435","280,512","448,923",,,,,,,,,,,,,,,,,,,,,,
179,JAWA BARAT,PANGANDARAN,"Hj. Citra Pitriyami, S.H.",Ino Darsoni,"438,741","163,245",2.7,#DIV/0!,,39,0,54,0,93,,,,,,,,,,,,,,,,,,,,,,,,,,,,,,,,,,,,,,,,,,,,,,,,,,,,,,,,,"438,741","32,370","29,669","27,955","31,408","32,193","32,802","31,757","30,137","27,980","27,427","28,260","27,983","26,120","21,585","15,505","15,590",,,,,,,,,,,,,,,"128,343","42,502","85,841",,,,,,,,,,,,,,,,,,,,,,
180,JAWA BARAT,KOTA BOGOR,"Drs. H. Dedie Abdu Rachim, M.A.",Jenal Mutaqin,"1,089,179","302,490",3.6,#DIV/0!,,68,0,0,0,68,,,,,,,,,,,,,,,,,,,,,,,,,,,,,,,,,,,,,,,,,,,,,,,,,,,,,,,,,"1,089,179","76,435","82,936","81,269","85,268","85,111","83,870","85,476","84,735","80,724","77,844","70,755","61,570","49,283","36,874","25,709","21,320",,,,,,,,,,,,,,,"268,580","91,581","176,999",,,,,,,,,,,,,,,,,,,,,,
181,JAWA BARAT,KOTA SUKABUMI,"H. Ayep Zaki, S.E., M.M.",Bobby Maulana,"375,584","119,296",3.1,#DIV/0!,,33,0,0,0,33,,,,,,,,,,,,,,,,,,,,,,,,,,,,,,,,,,,,,,,,,,,,,,,,,,,,,,,,,"375,584","29,556","30,906","28,120","29,088","29,914","29,841","29,485","28,269","27,130","25,229","21,885","19,850","16,836","12,508","9,037","7,930",,,,,,,,,,,,,,,"69,571","19,936","49,635",,,,,,,,,,,,,,,,,,,,,,
182,JAWA BARAT,KOTA BANDUNG,"H. Muhammad Farhan, S.E.","H. Erwin, S.E., M.Pd.","2,569,102","693,181",3.7,#DIV/0!,,124,0,27,0,151,,,,,,,,,,,,,,,,,,,,,,,,,,,,,,,,,,,,,,,,,,,,,,,,,,,,,,,,,"2,569,102","176,881","180,638","174,738","191,914","209,360","208,531","198,630","187,617","186,634","187,927","168,923","149,090","124,254","93,992","68,703","61,270",,,,,,,,,,,,,,,"338,748","120,433","218,315",,,,,,,,,,,,,,,,,,,,,,
183,JAWA BARAT,KOTA CIREBON,"Effendi Edo, S.A.P., M.Si.","Siti Farida, S.Pd.I.","350,130","98,856",3.5,#DIV/0!,,22,0,0,0,22,,,,,,,,,,,,,,,,,,,,,,,,,,,,,,,,,,,,,,,,,,,,,,,,,,,,,,,,,"350,130","25,861","27,924","24,744","26,780","27,873","28,413","27,054","25,904","25,102","24,820","21,842","19,200","15,804","12,311","9,052","7,446",,,,,,,,,,,,,,,"82,042","24,277","57,765",,,,,,,,,,,,,,,,,,,,,,
184,JAWA BARAT,KOTA BEKASI,Dr. Tri Adhianto Tjahyono,Dr. Abdul Harris Bobihoe,"2,652,952","763,212",3.5,#DIV/0!,,56,0,0,0,56,,,,,,,,,,,,,,,,,,,,,,,,,,,,,,,,,,,,,,,,,,,,,,,,,,,,,,,,,"2,652,952","193,065","196,385","187,808","201,125","193,288","194,070","211,887","223,834","210,671","198,102","173,102","151,534","126,990","93,321","58,816","38,954",,,,,,,,,,,,,,,"271,146","84,702","186,444",,,,,,,,,,,,,,,,,,,,,,
185,JAWA BARAT,KOTA DEPOK,"Dr. H. Supian Suri, M.M.",Chandra Rahmansyah,"2,173,248","596,326",3.6,#DIV/0!,,63,0,0,0,63,,,,,,,,,,,,,,,,,,,,,,,,,,,,,,,,,,,,,,,,,,,,,,,,,,,,,,,,,"2,173,248","161,672","167,979","161,153","171,260","159,789","152,144","162,216","173,883","171,375","169,328","150,874","126,407","97,858","68,104","44,337","34,869",,,,,,,,,,,,,,,"210,431","79,603","130,828",,,,,,,,,,,,,,,,,,,,,,
186,JAWA BARAT,KOTA TASIKMALAYA,"Viman Alfarizi Ramadhan, S.T., M.B.A.",Rd. Diky Candra Negara,"767,854","252,364",3.0,#DIV/0!,,68,0,1,0,69,,,,,,,,,,,,,,,,,,,,,,,,,,,,,,,,,,,,,,,,,,,,,,,,,,,,,,,,,"767,854","61,294","62,115","56,043","60,539","61,619","60,597","59,532","57,643","54,285","50,998","46,185","40,141","34,610","26,059","18,776","17,418",,,,,,,,,,,,,,,"247,243","77,262","169,981",,,,,,,,,,,,,,,,,,,,,,
187,JAWA BARAT,KOTA BANJAR,Ir. H. Sudarsono,"Dr. H. Supriana, M.Pd.","214,084","71,582",3.0,#DIV/0!,,25,0,0,0,25,,,,,,,,,,,,,,,,,,,,,,,,,,,,,,,,,,,,,,,,,,,,,,,,,,,,,,,,,"214,084","16,908","16,292","14,274","15,281","16,677","17,220","17,120","15,665","14,915","13,386","12,178","11,599","11,104","8,884","6,556","6,025",,,,,,,,,,,,,,,"49,586","17,361","32,225",,,,,,,,,,,,,,,,,,,,,,
188,JAWA TENGAH,KLATEN,Hamenang Wajar Ismoyo,-,"1,308,775","449,621",2.9,#DIV/0!,,375,0,26,0,401,,,,,,,,,,,,,,,,,,,,,,,,,,,,,,,,,,,,,,,,,,,,,,,,,,,,,,,,,"1,308,775","85,272","86,938","85,766","92,189","94,241","91,002","89,255","90,922","96,172","95,908","90,385","85,327","74,009","59,212","43,981","48,196",,,,,,,,,,,,,,,"537,049","189,536","347,513",,,,,,,,,,,,,,,,,,,,,,
189,JAWA TENGAH,SUKOHARJO,"Eko Sapto Purnomo, S.E.",-,"959,018","296,526",3.2,#DIV/0!,,153,0,14,0,167,,,,,,,,,,,,,,,,,,,,,,,,,,,,,,,,,,,,,,,,,,,,,,,,,,,,,,,,,"959,018","65,513","63,537","65,048","70,464","71,197","68,354","68,485","67,380","70,303","71,955","66,230","60,759","51,783","39,812","28,580","29,618",,,,,,,,,,,,,,,"248,507","85,843","162,664",,,,,,,,,,,,,,,,,,,,,,
190,JAWA TENGAH,REMBANG,"H. Harno, S.E.",Mochamad Hanies Cholil Barro',"674,717","237,322",2.8,#DIV/0!,,235,0,59,0,294,,,,,,,,,,,,,,,,,,,,,,,,,,,,,,,,,,,,,,,,,,,,,,,,,,,,,,,,,"674,717","47,881","47,819","44,563","44,915","48,242","48,986","49,336","51,206","48,793","49,853","46,321","41,556","36,123","29,382","20,436","19,305",,,,,,,,,,,,,,,"222,707","79,205","143,502",,,,,,,,,,,,,,,,,,,,,,
191,JAWA TENGAH,JEPARA,"H. Witiarso Utomo, S.E.",Muhammad Ibnu Hajar ,"1,255,376","406,489",3.1,#DIV/0!,,144,0,51,0,195,,,,,,,,,,,,,,,,,,,,,,,,,,,,,,,,,,,,,,,,,,,,,,,,,,,,,,,,,"1,255,376","93,340","93,922","90,803","92,566","93,592","94,863","95,144","96,676","94,128","91,983","84,285","71,840","57,996","43,614","29,464","31,160",,,,,,,,,,,,,,,"311,890","95,793","216,097",,,,,,,,,,,,,,,,,,,,,,
192,JAWA TENGAH,DEMAK,"dr. Hj. Eisti'anah, S.E.",Muhammad Badruddin,"1,276,683","401,691",3.2,#DIV/0!,,248,0,1,0,249,,,,,,,,,,,,,,,,,,,,,,,,,,,,,,,,,,,,,,,,,,,,,,,,,,,,,,,,,"1,276,683","97,518","100,317","96,779","94,125","94,699","98,594","101,601","102,467","93,585","87,234","79,204","71,686","58,115","44,687","28,672","27,400",,,,,,,,,,,,,,,"346,429","111,398","235,031",,,,,,,,,,,,,,,,,,,,,,
193,JAWA TENGAH,SEMARANG," H. Ngesti Nugraha, S.H., M.H.",Dra. Hj. Nur Arifah,"1,107,054","367,697",3.0,#DIV/0!,,102,0,133,0,235,,,,,,,,,,,,,,,,,,,,,,,,,,,,,,,,,,,,,,,,,,,,,,,,,,,,,,,,,"1,107,054","80,324","74,988","78,718","79,547","80,216","82,795","81,725","81,812","82,670","80,125","73,373","67,462","56,319","44,883","32,324","29,773",,,,,,,,,,,,,,,"214,854","67,891","146,963",,,,,,,,,,,,,,,,,,,,,,
194,JAWA TENGAH,PEMALANG,"Nurkholes, S.H., M.Si.",-,"1,576,420","465,996",3.4,#DIV/0!,,141,0,82,0,223,,,,,,,,,,,,,,,,,,,,,,,,,,,,,,,,,,,,,,,,,,,,,,,,,,,,,,,,,"1,576,420","129,335","111,887","117,303","116,802","117,110","127,255","129,742","123,545","116,314","107,971","94,886","82,795","70,279","55,404","39,775","36,017",,,,,,,,,,,,,,,"529,476","171,513","357,963",,,,,,,,,,,,,,,,,,,,,,
195,JAWA TENGAH,CILACAP,"Ammy Amalia Fatma Surya, S.H., M.Kn.",-,"2,064,810","695,771",3.0,#DIV/0!,,199,0,85,0,284,,,,,,,,,,,,,,,,,,,,,,,,,,,,,,,,,,,,,,,,,,,,,,,,,,,,,,,,,"2,064,810","156,985","141,373","145,924","149,563","148,335","157,094","155,914","155,777","149,551","137,927","134,238","121,811","106,192","82,149","60,364","61,613",,,,,,,,,,,,,,,"660,249","216,621","443,628",,,,,,,,,,,,,,,,,,,,,,
196,JAWA TENGAH,BANYUMAS,"Drs. H. Sadewo Tri Lastiono, M.M.",Dwi Asih Lintarti,"1,883,070","619,492",3.0,#DIV/0!,,159,0,172,0,331,,,,,,,,,,,,,,,,,,,,,,,,,,,,,,,,,,,,,,,,,,,,,,,,,,,,,,,,,"1,883,070","138,368","135,093","130,721","135,433","138,086","139,073","134,430","132,358","133,600","133,431","129,887","113,292","96,098","75,605","57,291","60,304",,,,,,,,,,,,,,,"740,246","244,928","495,318",,,,,,,,,,,,,,,,,,,,,,
197,JAWA TENGAH,PURBALINGGA,H. Fahmi Muhammad Hanif,Dimas Prasetyahani,"1,057,643","351,347",3.0,#DIV/0!,,185,0,54,0,239,,,,,,,,,,,,,,,,,,,,,,,,,,,,,,,,,,,,,,,,,,,,,,,,,,,,,,,,,"1,057,643","81,355","79,098","76,417","79,511","79,530","79,093","77,711","76,288","76,483","74,131","68,597","58,570","49,604","39,186","29,207","32,862",,,,,,,,,,,,,,,"358,111","96,942","261,169",,,,,,,,,,,,,,,,,,,,,,
198,JAWA TENGAH,BANJARNEGARA,dr. Amalia Desiana,"H. Wakhid Jumali, Lc.","1,077,335","350,991",3.1,#DIV/0!,,37,1,240,0,278,,,,,,,,,,,,,,,,,,,,,,,,,,,,,,,,,,,,,,,,,,,,,,,,,,,,,,,,,"1,077,335","83,354","76,327","77,230","78,011","77,602","77,714","82,638","80,712","79,313","73,640","68,451","61,471","52,812","42,919","31,410","33,731",,,,,,,,,,,,,,,"355,481","99,167","256,314",,,,,,,,,,,,,,,,,,,,,,
199,JAWA TENGAH,KEBUMEN,Hj. Lilis Nuryani,H. Zaeni Miftah,"1,448,563","441,349",3.3,#DIV/0!,,322,2,136,0,460,,,,,,,,,,,,,,,,,,,,,,,,,,,,,,,,,,,,,,,,,,,,,,,,,,,,,,,,,"1,448,563","112,590","105,010","98,869","103,936","107,849","116,869","113,487","109,205","97,835","90,872","86,243","82,438","73,970","59,873","43,761","45,756",,,,,,,,,,,,,,,"541,743","142,586","399,157",,,,,,,,,,,,,,,,,,,,,,
200,JAWA TENGAH,PURWOREJO,"Hj. Yuli Hastuti, S.H.","Dion Agasi Setiabudi, S.I.Kom., M.Si.","808,153","276,497",2.9,#DIV/0!,,340,0,154,0,494,,,,,,,,,,,,,,,,,,,,,,,,,,,,,,,,,,,,,,,,,,,,,,,,,,,,,,,,,"808,153","57,177","53,521","52,289","55,454","58,054","61,146","59,028","56,370","52,079","51,197","50,715","52,614","48,569","40,227","28,905","30,808",,,,,,,,,,,,,,,"226,118","62,884","163,234",,,,,,,,,,,,,,,,,,,,,,
201,JAWA TENGAH,WONOSOBO,"H. Afif Nurhidayat, S.Ag.",Amir Husein,"941,526","290,872",3.2,931,"1,011.62",0,0,265,0,265,Kabupaten Kendal dan Kabupaten Batang,Kabupaten Kebumen dan Kabupaten Purworejo,Kabupaten Temanggung dan Kabupaten Magelang,Kabupaten Banjarnegara dan Kabupaten Kebumen,,,15,265,"1,764","6,836",5,13,4,N/A,2,1,10,3,N/A,6,"2,105,846,124,383.00","307,369,375,961.00","75,756,036,031.00","196,646,187,282.00","25,809,039,238.00","9,158,113,410.00",N/A,-,-,-,-,N/A,-,N/A,N/A,-,-,"10,918,091,444.00",-,-,-,N/A,"813,155,898,509.00","547,721,173,944.00",-,"574,096,661.00","151,469,623,746.00","10,391,240,400.00","237,320,347,589.00","225,212,485.00",N/A,"9,051,135,000.00","392,878,781,070.00","931,142","473,756","457,386","941,526","74,211","69,755","65,767","67,121","68,080","71,335","73,036","69,543","65,364","64,606","61,873","56,599","46,523","36,093","26,378","25,242","548,804.00","526,901.00","21,903.00","175,784.00","40,373.00","104,138.00","31,273.00",71.50,,,28.72,5.0,,,"363,953","106,396","257,557",,"Rp486,105",106.3,13.3,"26,743,570.00","7,751,670.00","254,080.00","4,780,500.00","8,290.00","25,230.00","1,901,980.00","4,352,880.00","1,652,300.00","924,670.00","415,900.00","844,090.00","382,740.00","71,980.00","582,740.00","1,714,200.00","406,370.00","673,200.00"
202,JAWA TENGAH,MAGELANG,Grengseng Pamuji,"H. Sahid, S.H.","1,362,099","443,678",3.1,"1,205","1,129.98",153,0,219,0,372,Kabupaten Temanggung dan Kabupaten Semarang,Kabupaten Purworejo dan Provinsi DIY,Kabupaten Semarang dan Kabupaten Boyolali,Kabupaten Temanggung dan Kabupaten Wonosobo,,,21,372,"3,389","10,901",1,15,4,6,5,N/A,12,-,N/A,7,"2,773,838,765,906.00","713,530,211,346.00","363,960,624,252.00","290,584,284,007.00","35,347,349,528.00","23,637,953,559.00","2,050,346,274,085.00",N/A,N/A,N/A,N/A,N/A,N/A,N/A,N/A,N/A,N/A,"9,962,280,475.00","9,962,280,475.00",N/A,N/A,"1,851,849,782,676.00","1,142,814,644,195.00","605,319,201,992.00",N/A,N/A,"92,583,509,489.00","11,132,427,000.00","204,488,005,539.00","7,365,812,956.00","616,891,496,962.00","33,825,479,079.00","583,066,017,883.00","1,351,952","679,189","672,763","1,362,099","98,343","93,899","92,667","97,793","97,583","101,336","100,372","95,505","93,200","94,803","92,632","87,607","72,807","58,071","42,251","43,230","835,589.00","806,141.00","29,448.00","233,978.00","73,236.00","124,710.00","36,032.00",73.09,,,34.75,5.9,,,"379,192","107,139","272,053",,"Rp454,591",132.2,9.9,"46,981,500.00","8,859,470.00","1,686,280.00","11,572,260.00","21,300.00","38,350.00","4,661,600.00","5,942,530.00","2,163,260.00","2,156,450.00","1,930,910.00","1,269,370.00","790,220.00","136,840.00","1,387,200.00","2,666,960.00","402,780.00","1,295,720.00"
203,JAWA TENGAH,BOYOLALI,Agus Irawan,Dwi Fajar Nirwana,"1,118,557","372,162",3.0,"1,020","1,096.61",139,0,128,0,267,N/A,N/A,N/A,N/A,,,22,267,N/A,N/A,N/A,36,4,4,N/A,N/A,3,N/A,N/A,3,"2,455,462,406,252.00","538,701,689,777.00","181,884,303,321.00","318,726,724,115.00","26,066,085,319.00","12,024,577,022.00","1,916,760,716,475.00","50,943,268,000.00",N/A,"1,036,731,801,508.00","352,833,366,401.00","21,405,258,000.00",-,N/A,"270,805,632,000.00",N/A,N/A,-,-,N/A,-,"1,700,532,066,479.00","954,885,960,879.00","626,496,234,909.00",N/A,-,"96,933,680,691.00","22,216,190,000.00","288,527,089,841.00","973,047,000.00",N/A,N/A,N/A,"1,118,557","561,136","557,421","1,118,557","82,392","80,897","78,394","80,957","81,197","82,195","80,529","80,148","79,764","76,501","71,212","66,397","57,589","47,185","34,276","38,924","671,249.00","651,325.00","19,924.00","198,780.00","55,466.00","121,595.00","21,719.00",76.95,,,44.03,4.8,,,"288,522","87,931","200,591",,"Rp464,627",87.0,8.7,"48,841,470.00","9,812,520.00","1,644,430.00","15,501,790.00","8,970.00","19,620.00","3,485,710.00","5,857,140.00","2,975,640.00","1,487,600.00","1,461,340.00","1,093,550.00","480,240.00","206,570.00","920,290.00","2,634,100.00","439,630.00","812,300.00"
204,JAWA TENGAH,WONOGIRI,Setyo Sukarno,Imron Rizkyarno,"1,059,766","376,033",2.8,556,"1,905.75",103,0,191,0,294,"Kabupaten Sukoharjo, Kabupaten Karanganyar, dan Kabupaten Magetan",Kabupaten Pacitan dan Samudra Indonesia,Kabupaten Ponorogo,Daerah Istimewa Yogyakarta,,,25,294,N/A,N/A,2,27,7,5,3,N/A,2,-,N/A,4,"2,454,642,021,550.00","396,240,235,410.00","149,478,660,570.00","201,891,429,310.00","27,176,321,710.00","17,693,823,820.00","2,058,401,786,140.00",N/A,N/A,N/A,N/A,N/A,N/A,N/A,N/A,N/A,N/A,-,-,N/A,-,"1,823,075,730,130.00","1,287,684,555,420.00","499,040,414,480.00",N/A,"496,209,000.00","35,249,551,230.00","605,000,000.00","153,761,696,080.00","2,397,654,540.00","385,646,468,710.00","13,602,006,130.00","372,044,462,580.00","1,057,045","527,157","529,888","1,059,766","65,455","60,846","60,992","67,633","76,339","76,774","71,595","67,614","68,677","69,377","72,114","73,622","66,574","58,997","46,456","56,701","685,334.00","670,532.00","14,802.00","185,920.00","46,295.00","107,523.00","32,102.00",73.42,,,40.51,5.7,,,"358,028","107,699","250,329",,"Rp479,566",91.9,9.6,"42,816,580.00","11,716,230.00","1,117,370.00","8,213,960.00","27,050.00","24,770.00","3,059,590.00","6,771,700.00","3,098,920.00","1,254,630.00","489,900.00","1,255,500.00","276,090.00","202,450.00","1,026,890.00","2,886,490.00","499,610.00","895,440.00"
205,JAWA TENGAH,KARANGANYAR,"H. Rober Christanto, S.E., M.M.","H. Adhe Eliana, S.E.","974,825","303,820",3.2,"1,270",767.79,64,0,113,0,177,Kabupaten Sragen,Kabupaten Wonogiri dan Kabupaten Sukoharjo,Provinsi Jawa Timur dan Kabupaten Magetan,Kota Surakarta dan Kabupaten Boyolali,,242.6,17,177,"1,965","6,491",5,15,9,5,2,-,5,N/A,N/A,4,"2,345,880,373,139.00","563,050,059,242.00","344,155,093,130.00","177,327,007,208.00","23,207,593,833.00","18,360,365,071.00","1,782,830,313,897.00",N/A,N/A,N/A,N/A,N/A,N/A,N/A,N/A,N/A,N/A,-,-,N/A,N/A,"1,719,409,301,738.00","1,050,300,686,674.00","569,527,625,119.00",N/A,N/A,"94,117,815,673.00","5,463,174,272.00","200,009,957,839.00","1,480,450,000.00","339,734,680,130.00","22,369,105,600.00","317,365,574,530.00","968,484","482,474","486,010","974,825","63,954","70,235","68,360","69,628","69,789","67,728","67,968","68,070","72,632","71,902","65,948","60,871","51,190","41,892","30,306","34,352","573,449.00","554,741.00","18,708.00","193,071.00","56,909.00","109,344.00","26,818.00",78.67,,,N/A,5.75,,,"294,154","95,937","198,217",,"Rp523,407",77.7,8.5,"55,089,000.00","6,435,240.00","499,260.00","25,800,950.00","81,200.00","29,060.00","3,829,030.00","6,017,010.00","2,095,210.00","2,406,730.00","712,210.00","1,770,660.00","859,970.00","229,730.00","832,410.00","2,057,360.00","443,220.00","989,750.00"
206,JAWA TENGAH,SRAGEN,"Sigit Pamungkas, S.IP., M.A.",Suroto,"1,018,657","360,854",2.8,"1,024",994.57,205,0,3,0,208,Kabupaten Grobogan,Kabupaten Karanganyar,Kabupaten Ngawi,Kabupaten Boyolali,,218.0,20,208,N/A,"5,546",5,15,7,5,4,-,6,2,N/A,6,"2,479,176,682,047.00","623,004,432,406.00","268,783,021,230.00","295,750,945,732.00","35,339,768,744.00","23,130,696,700.00","1,716,557,617,061.00","18,869,789,120.00","18,869,789,120.00","1,119,915,623,327.00","370,825,854,894.00","16,066,363,000.00",-,N/A,"172,010,197,600.00","118,614,664,580.00","20,999,968,000.00","139,614,632,580.00",-,-,N/A,N/A,"989,650,909,979.00","563,222,689,117.00","2,271,775,621.00","2,499,260,000.00","90,473,076,643.00","22,915,800,000.00","433,411,157,251.00","193,000,000.00",N/A,"2,801,232,700.00","397,440,496,907.00","1,011,824","503,895","507,929","1,018,657","69,649","67,866","69,096","74,876","74,140","71,719","69,105","69,305","75,955","74,773","67,643","62,866","53,898","46,013","34,300","37,453","603,758.00","582,669.00","21,089.00","202,451.00","55,694.00","115,883.00","30,874.00",76.38,,,55.52,5.7,,,"318,434","106,292","212,142",,"Rp482,828",100.1,11.2,"56,179,210.00","6,938,000.00","1,305,570.00","22,629,010.00","66,120.00","26,550.00","3,773,390.00","9,901,510.00","1,626,470.00","2,099,250.00","862,490.00","1,446,120.00","453,640.00","263,050.00","996,910.00","2,421,430.00","436,510.00","933,190.00"
207,JAWA TENGAH,GROBOGAN,"Setyo Hadi, S.E.","H. Sugeng Prasetyo, S.E., M.M.","1,531,863","527,633",2.9,757,"2,023.84",220,0,60,0,280,"Kabupaten Kudus, Kabupaten Pati, dan Kabupaten Blora","Kabupaten Ngawi, Kabupaten Sragen, Kabupaten Boyolali, dan Kabupaten Semarang",Kabupaten Blora,Kabupaten Semarang dan Kabupaten Demak,,141.0,19,280,"1,756","9,096",2,17,3,3,4,4,8,1,N/A,8,"3,058,608,240,105.00",-,"320,324,787,084.00","227,999,810,291.00","40,299,223,169.00","83,256,433,175.00",-,N/A,-,-,-,-,N/A,"7,182,904,000.00","303,296,102,000.00","141,766,230,648.00","11,100,304,000.00",-,-,N/A,-,-,"1,271,855,372,068.00","701,050,484,578.00",0.00,"940,424,750.00","126,103,571,106.00","25,342,567,317.00","381,337,289,973.00","5,411,184,766.00","464,435,548,000.00",N/A,N/A,"1,525,214","767,149","758,065","1,531,863","118,493","114,898","105,795","108,824","110,300","115,668","114,906","117,108","105,862","101,382","95,135","91,771","82,467","63,097","41,933","44,224","918,835.00","890,205.00","28,630.00","265,488.00","67,482.00","151,380.00","46,626.00",72.94,,,-,-,,,"481,272","147,755","333,517",,"Rp526,238",148.1,10.6,"40,143,910.00","10,089,390.00","629,860.00","6,052,120.00","37,830.00","16,270.00","2,343,960.00","7,805,670.00","2,190,160.00","2,302,660.00","1,198,160.00","1,728,110.00","753,690.00","111,290.00","1,222,750.00","1,982,750.00","437,180.00","1,242,070.00"
208,JAWA TENGAH,BLORA,"Dr. H. Arief Rohman, S.IP., M.Si.",Hj. Sri Setyorini,"920,104","327,477",2.8,470,"1,955.83",208,3,84,0,295,Kabupaten Rembang,Provinsi Jawa Timur,Provinsi Jawa Timur,Kabupaten Grobogan,,150.6,16,295,N/A,N/A,4,8,5,3,3,1,11,4,N/A,5,"2,619,604,639,890.00","550,337,934,060.00","144,350,919,620.00","271,740,335,790.00","119,728,339,280.00","14,518,339,380.00","1,689,052,762,920.00","118,824,783,800.00","132,920,999,000.00","1,009,689,593,720.00","427,617,386,400.00",N/A,"15,783,485,000.00",N/A,"223,472,641,600.00","93,149,509,710.00","47,808,306,600.00","380,213,942,920.00",-,-,-,N/A,"1,200,836,298,310.00","608,377,372,120.00","1,167,933,190.00",-,"63,917,718,210.00","2,153,067,000.00","510,072,871,510.00","6,782,950.00","14,095,781,631.00","14,999,899,800.00","403,599,463,970.00","920,104","459,802","460,302","920,104","63,856","54,972","57,110","62,703","67,772","67,195","65,383","65,837","65,031","67,259","63,557","60,067","54,580","44,006","31,709","29,067","574,424.00","553,710.00","20,714.00","165,513.00","43,268.00","105,287.00","16,958.00",72.35,,,N/A,5.3,,"2,238,430.0","334,401","108,651","225,750",,"Rp492,105",92.0,10.6,"35,239,010.00","7,599,620.00","7,002,370.00","4,039,190.00","25,270.00","13,310.00","1,758,180.00","5,708,600.00","1,264,080.00","1,550,350.00","435,540.00","1,041,190.00","412,580.00","122,970.00","1,010,430.00","2,117,170.00","346,760.00","791,400.00"
209,JAWA TENGAH,PATI,Risma Ardhi Chandra,-,"1,392,603","472,160",2.9,885,"1,572.90",323,0,83,0,406,Kabupaten Jepara dan Laut Jawa,Kabupaten Grobogan dan Kabupaten Blora,Kabupaten Rembang dan Laut Jawa,Kabupaten Kudus dan Kabupaten Jepara,,266.3,21,406,N/A,N/A,5,14,5,5,6,N/A,6,3,N/A,6,"2,586,189,146,340.00","685,386,741,907.00","320,676,566,976.00","305,314,990,984.00","42,280,280,584.00","17,114,903,363.00","1,677,539,701,810.00","46,332,744,400.00","1,855,514,000.00","1,261,156,958,945.00","426,976,662,164.00",N/A,-,N/A,N/A,"146,078,507,181.00","18,402,017,743.00","164,480,524,924.00",-,-,-,N/A,-,-,-,-,-,-,-,-,,-,-,"1,381,912","689,964","691,948","1,392,603","92,726","94,486","93,049","93,169","97,725","101,036","102,555","102,405","101,397","103,618","96,954","89,127","77,261","62,410","41,798","42,887","850,572.00","819,027.00","31,545.00","252,860.00","54,353.00","152,570.00","45,937.00",74.98,,,46.04,6.1,,,"383,252","121,682","261,570",,"Rp598,600",105.3,8.2,"63,627,130.00","14,232,300.00","1,135,170.00","18,330,560.00","57,980.00","29,650.00","5,523,990.00","9,213,100.00","2,171,740.00","2,775,780.00","1,602,140.00","1,448,300.00","579,430.00","162,280.00","1,726,380.00","2,780,110.00","660,160.00","1,198,070.00"
210,JAWA TENGAH,KOTA MAGELANG,H. Damar Prasetyono,"dr. Sri Harso, M.Kes., Sp.S.","122,903","44,347",2.8,"6,622",18.56,17,0,0,0,17,Kecamatan Secang Kabupaten Magelang,Kecamatan Mertoyudan Kabupaten Magelang,Kecamatan Tegalrejo Kabupaten Magelang,Kecamatan Bandongan Kabupaten Magelang,,,3,17,N/A,N/A,3,6,3,3,-,2,4,-,N/A,3,"1,012,205,135,825.00","348,971,932,087.00","58,992,975,265.00","272,699,203,348.00","9,935,750,304.00","7,343,999,170.00","663,233,203,738.00",N/A,N/A,N/A,N/A,N/A,N/A,N/A,N/A,N/A,N/A,N/A,-,N/A,-,N/A,N/A,N/A,N/A,N/A,N/A,N/A,N/A,N/A,N/A,N/A,N/A,"129,043","63,823","65,220","122,903","7,639","7,062","7,340","8,746","9,729","10,174","8,902","7,713","8,001","8,552","8,541","8,171","7,552","6,002","4,462","4,317","68,056.00","65,126.00","2,930.00","32,488.00","8,087.00","21,298.00","3,103.00",82.92,,,-,5.9,,,"19,664","5,858","13,806",,"Rp662,129",6.9,5.7,"12,706,220.00","198,430.00",-,"2,071,810.00","34,420.00","12,800.00","2,032,070.00","1,804,490.00","986,960.00","861,800.00","763,990.00","631,410.00","361,840.00","47,840.00","1,256,090.00","954,450.00","402,300.00","285,510.00"
211,JAWA TENGAH,KOTA SURAKARTA,Respati Achmad Ardianto,Astrid Widayani,"529,966","198,615",2.7,"11,343",46.72,54,0,0,0,54,Kabupaten Karanganyar dan Kabupaten Boyolali,Kabupaten Sukoharjo,Kabupaten Karanganyar,Kabupaten Sukoharjo dan Kabupaten Boyolali,,,5,54,626,"2,789",N/A,20,3,7,3,N/A,2,N/A,N/A,5,"2,176,810,018,038.73","911,161,995,259.73","601,931,434,959.00","128,908,944,576.00","21,291,479,461.00","159,030,136,263.73","1,265,648,022,779.00",N/A,N/A,N/A,N/A,N/A,N/A,N/A,N/A,N/A,N/A,-,-,N/A,-,"1,842,454,526,366.00","812,271,053,207.00","969,801,746,430.00",N/A,N/A,"42,205,022,629.00","18,176,704,100.00","227,920,590,911.00","1,402,721,671.00",N/A,N/A,N/A,"529,079","260,347","268,732","529,966","33,432","33,674","34,755","38,043","40,776","39,607","37,774","36,614","38,080","39,150","36,598","33,898","29,276","23,857","18,040","16,392","301,594.00","288,008.00","13,586.00","125,099.00","35,826.00","74,635.00","14,638.00",84.92,,,130.02,5.6,,"2,416,560.0","144,409","46,034","98,375",,"Rp678,315",40.1,7.7,"68,789,170.00","313,510.00",170.00,"5,822,010.00","136,030.00","80,890.00","16,158,010.00","15,487,200.00","1,826,150.00","4,519,090.00","10,588,100.00","2,428,210.00","2,659,440.00","597,900.00","3,189,540.00","3,584,610.00","802,710.00","595,580.00"
212,JAWA TENGAH,KOTA SALATIGA,"dr. Robby Hernawan, Sp.OG.",Nina Agustin,"205,821","68,836",3.0,"3,744",54.98,0,0,23,0,23,Kecamatan Pabelan dan Kecamatan Tuntang Kabupaten Semarang,Kecamatan Getasan dan Kecamatan Tengaran Kabupaten Semarang,Kecamatan Pabelan dan Kecamatan Tengaran Kabupaten Semarang,Kecamatan Tuntang dan Kecamatan Getasan Kabupaten Semarang,,22.6,4,23,214,"1,164",3,8,-,4,N/A,N/A,5,1,N/A,4,"1,038,143,488,453.00","313,963,681,492.00","96,219,165,860.00","181,486,329,234.00","23,424,606,758.00","12,833,579,640.00","612,196,645,044.00","27,806,723,000.00","1,353,371,000.00","463,728,380,299.00","119,308,170,745.00",N/A,"33,500,801,000.00",N/A,N/A,"68,809,586,628.00",-,"111,983,161,917.00","10,000,000.00",-,"3,257,939.00","463,537,516,937.00","426,945,256,800.00","472,770,420,733.00",-,"90,070,000.00","35,434,836,887.00","636,900,000.00","578,212,916,702.00","430,453,250.00",-,-,-,"199,906","99,065","100,841","205,821","15,263","13,770","13,681","14,900","15,638","15,726","14,977","14,708","15,503","15,290","13,614","12,285","10,194","8,291","6,190","5,791","114,516.00","110,313.00","4,203.00","46,935.00","12,781.00","26,662.00","7,492.00",86.23,,,95.23,6.0,,,"28,292","8,792","19,500",,"Rp630,119",8.7,4.2,"19,384,470.00","838,850.00","2,080.00","6,407,050.00","31,600.00","11,530.00","2,618,100.00","2,430,270.00","702,420.00","1,580,880.00","719,960.00","650,220.00","794,180.00","256,710.00","878,730.00","949,660.00","318,200.00","194,040.00"
213,JAWA TENGAH,KOTA SEMARANG,"Dr. Agustina Wilujeng Pramestuti, S.S., M.M.","Ir. H. Iswar Aminuddin, M.T.","1,735,503","572,287",3.0,"4,643",373.78,126,0,51,0,177,Laut Jawa,Kabupaten Semarang,Kabupaten Demak,Kabupaten Kendal,,266.3,16,177,"1,530","10,648",6,14,4,6,2,N/A,5,1,N/A,7,"5,828,036,917,296.00","3,440,964,818,798.00","2,737,589,164,789.00","556,268,433,763.00","89,458,532,486.00","57,648,687,760.00","2,364,909,160,381.00",N/A,N/A,N/A,N/A,N/A,N/A,N/A,N/A,N/A,N/A,"22,162,938,117.00",-,N/A,"22,162,938,117.00","4,750,095,599,645.50","1,955,987,642,988.00","2,612,237,848,093.50",N/A,N/A,"178,631,008,564.00","3,239,100,000.00","997,549,854,455.86","4,813,078,900.00",-,N/A,-,"1,722,421","851,637","870,784","1,735,503","113,239","116,257","122,449","126,456","130,331","127,387","128,969","131,625","133,748","133,742","120,765","106,005","89,126","69,347","47,952","38,105","994,994.00","938,766.00","56,228.00","375,546.00","117,861.00","201,177.00","56,508.00",85.80,,,167.24,6.5,,"3,454,827.0","259,322","85,831","173,491",,"Rp709,785",74.4,3.8,"288,050,380.00","2,148,810.00","414,670.00","80,861,900.00","265,650.00","190,610.00","78,160,320.00","37,107,480.00","13,257,970.00","9,399,550.00","25,669,700.00","10,772,950.00","7,421,410.00","2,137,120.00","7,278,240.00","7,540,340.00","2,368,890.00","3,054,780.00"
214,JAWA TENGAH,KOTA PEKALONGAN,"H. Achmad Afzan Arslan Djunaid, S.E., M.M.","Hj. Balgis Diab, S.E., S.Ag., M.M.","327,929","102,698",3.2,"7,064",46.42,27,0,0,0,27,Laut Jawa,Kabupaten Pekalongan dan Kabupaten Batang,Kabupaten Batang,Kabupaten Pekalongan,,188.5,4,27,N/A,N/A,N/A,5,8,N/A,7,1,6,2,N/A,2,"1,049,717,825,159.00","308,879,079,459.00","140,725,083,372.00","147,276,994,180.00","8,532,203,068.00","12,344,798,839.00","677,585,392,663.00","41,530,008,100.00","1,055,038,000.00","493,832,934,961.00","141,167,411,602.00",N/A,"7,216,498,000.00",N/A,N/A,"51,343,814,084.00","3,879,249,953.00","63,253,353,037.00","813,791,000.00",-,-,"884,374,600,064.00","401,941,180,161.00","447,608,828,144.00",-,-,"33,308,735,338.00","1,515,856,421.00","121,247,016,425.00","2,572,558,015.00",N/A,N/A,N/A,"324,560","163,880","160,690","327,929","26,272","24,274","24,228","24,066","25,050","25,332","25,562","25,255","24,524","23,633","20,682","18,310","15,317","11,474","8,038","5,912","188,801.00","179,677.00","9,124.00","61,791.00","14,464.00","38,826.00","8,501.00",77.76,,,-,5.9,,,"99,268","36,235","63,033",,"Rp639,402",19.5,6.1,"15,901,560.00","701,110.00",-,"3,150,940.00","23,710.00","17,010.00","2,455,130.00","3,295,390.00","1,280,940.00","1,083,320.00","749,560.00","895,240.00","394,190.00","69,160.00","588,320.00","683,720.00","204,390.00","309,440.00"
215,JAWA TENGAH,KUDUS,"Dr. Sam'ani Intakoris, S.T., M.T.","Bellinda Putri Sabrina Birton, S.Ked.","899,832","285,667",3.1,"2,117",425.15,107,0,25,0,132,Kabupaten Jepara dan Kabupaten Pati,Kabupaten Grobogan dan Kabupaten Pati,Kabupaten Pati,Kabupaten Demak dan Kabupaten Jepara,,,9,132,N/A,N/A,3,9,4,4,6,2,7,3,N/A,7,"2,479,424,240,000.00","726,639,910,000.00","328,609,590,000.00","363,003,120,000.00","12,240,870,000.00","22,786,330,000.00","1,752,784,340,000.00",N/A,N/A,N/A,N/A,N/A,N/A,N/A,N/A,N/A,N/A,-,-,N/A,N/A,"1,797,794,490,000.00","879,351,620,000.00","827,625,330,000.00",N/A,N/A,"89,102,450,000.00","1,715,080,000.00","353,741,990,000.00","2,226,840,000.00","301,956,460,000.00","35,897,300,000.00","266,059,160,000.00","891,721","444,495","447,226","899,832","66,227","66,311","65,949","65,876","66,575","65,630","66,124","69,532","68,669","66,696","59,771","54,950","45,095","33,630","20,876","17,921","525,814.00","508,814.00","17,000.00","168,645.00",-,-,-,77.94,,,148.38,1.0,,,"213,397","73,121","140,276",,"Rp576,195",60.4,6.6,"132,316,910.00","3,394,250.00","196,070.00","101,027,210.00","58,480.00","29,770.00","5,468,830.00","8,049,310.00","2,487,660.00","2,294,490.00","1,351,260.00","2,757,120.00","780,960.00","192,330.00","1,146,810.00","1,582,300.00","529,930.00","970,160.00"
216,JAWA TENGAH,TEMANGGUNG,"Agus Setyawan, S.E.",drg. Nadia Muna,"827,132","273,075",3.0,950,870.65,104,0,185,0,289,Kabupaten Kendal dan Kabupaten Semarang,Kabupaten Magelang,Kabupaten Semarang dan Kabupaten Magelang,Kabupaten Wonosobo,,,20,289,N/A,N/A,?,8,7,4,8,,N/A,,N/A,7,"2,051,319,266,447.00","451,057,543,778.00","139,695,644,317.00","224,639,886,979.00","24,742,792,414.00","1,489,026,727,000.00","1,600,261,722,670.00",?,,N/A,N/A,N/A,N/A,"9,002,280,000.00","209,995,681,594.00",,"14,685,167,062.00",-,-,N/A,N/A,"1,489,026,727,000.00","902,874,395,619.00","479,605,846,266.00",N/A,N/A,"103,330,342,615.00","3,216,142,500.00","101,749,549,226.00",-,"371,470,937,155.00","13,659,810,224.00","357,811,126,931.00","821,140","412,030","409,110","827,132","57,820","56,824","57,590","59,357","59,237","58,456","58,155","58,739","55,086","57,279","56,992","55,466","46,888","37,201","27,182","24,860","502,253.00","490,430.00","11,823.00","141,143.00","42,768.00","71,308.00","27,067.00",72.52,,,38.00,5.7,,,"343,639","126,025","217,614",,"Rp443,089",62.1,7.8,"31,204,370.00","7,178,700.00","237,320.00","7,906,790.00","22,090.00","20,990.00","1,882,730.00","6,484,170.00","1,695,150.00","597,460.00","537,090.00","999,590.00","230,440.00","132,970.00","744,710.00","1,452,880.00","393,640.00","387,640.00"
217,JAWA TENGAH,KENDAL,"Hj. Dyah Kartika Permanasari, S.E., M.M.","H. Benny Karnadi, S.Ag.","1,087,809","370,607",2.9,"1,084","1,003.23",184,0,102,0,286,Laut Jawa,Kabupaten Temanggung,Kota Semarang,Kabupaten Batang,,?,20,286,N/A,N/A,1,7,8,4,9,N/A,11,2,N/A,7,"2,576,493,942,000.00","701,763,982,000.00","368,064,674,000.00","276,809,419,000.00","30,770,073,000.00","26,119,816,000.00","1,874,729,960,000.00","1,748,390,569,000.00","126,339,391,000.00",-,-,N/A,-,N/A,N/A,-,-,-,-,-,-,N/A,"1,226,337,091,000.00",N/A,"627,911,025,000.00","74,146,517,000.00","5,610,000,000.00",N/A,"195,487,216,000.00","3,641,133,000.00","341,859,759,000.00","42,332,016,000.00","299,527,743,000.00","1,076,483","541,965","534,518","1,087,809","79,750","73,164","78,689","77,916","78,431","79,409","84,539","88,479","82,437","77,722","69,458","65,013","55,739","43,759","29,623","23,681","647,532.00","617,731.00","29,801.00","199,442.00","49,488.00","121,013.00","28,941.00",75.07,,,N/A,8.0,,,"269,634","82,775","186,859",,"Rp521,061",83.7,8.4,"64,590,800.00","11,153,490.00","710,730.00","27,144,370.00","106,200.00","39,320.00","4,906,470.00","7,777,490.00","1,681,810.00","2,734,020.00","2,285,530.00","1,163,160.00","554,790.00","206,040.00","1,109,180.00","1,640,640.00","506,500.00","871,050.00"
218,JAWA TENGAH,BATANG,"M. Faiz Kurniawan, S.H., M.H.","Suyono, S.IP., M.Si.","855,842","284,910",3.0,998,857.21,169,0,79,0,248,Laut Jawa,Kabupaten Wonosobo dan Kabupaten Banjarnegara,Kabupaten Kendal,Kabupaten Pekalongan dan Kota Pekalongan,?,303.1,15,248,"1,009","3,685",?,7,6,4,,N/A,14,N/A,N/A,5,"2,036,778,661,712.87","458,429,591,917.87","236,405,636,093.00","189,887,355,160.00","19,827,356,267.00","12,309,244,397.87","1,578,349,069,795.00","93,835,829,426.00",N/A,N/A,N/A,N/A,N/A,"7,298,922,000.00","216,807,527,556.00",N/A,"8,079,315,297.00",-,-,-,-,"1,969,040,264,354.00","1,454,702,496,661.00","939,814,178,858.00","442,954,059,738.00","65,414,608,065.00","6,519,650,000.00","152,242,347,353.00",-,"1,610,252,211,014.00","358,788,053,340.00","16,172,812,000.00","342,615,241,340.00","847,175","426,493","420,682","855,842","66,466","65,055","63,924","60,331","61,018","63,396","67,376","69,105","63,261","57,980","53,713","49,056","42,239","31,565","22,268","19,089","508,642.00","482,846.00","25,796.00","145,093.00",-,-,-,71.70,,,N/A,7.8,,"2,534,383.0","215,374","68,456","146,918",,"Rp436,936",61.8,7.8,"33,370,610.00","6,001,860.00","901,070.00","11,605,630.00","23,470.00","31,890.00","2,908,260.00","4,117,730.00","1,080,410.00","1,501,060.00","905,020.00","512,980.00","311,550.00","128,120.00","599,830.00","1,799,540.00","255,410.00","686,790.00"
219,JAWA TENGAH,KOTA TEGAL,"H. Dedy Yon Supriyono, S.E., M.M.","Tazkiyyatul Muthmainnah, S.K.M., M.Kes.","291,687","96,346",3.0,"7,452",39.14,27,0,0,0,27,Laut Jawa,Kabupaten Tegal,Kabupaten Tegal,Kabupaten Brebes,,200.4,4,27,168,"1,139",N/A,7,7,5,3,N/A,4,N/A,N/A,4,"1,122,121,262,630.00","378,523,689,950.00","125,890,245,090.00","227,073,234,510.00","21,541,581,160.00","4,018,629,180.00","743,597,572,680.00",,,,,,,,,,,,,,,,,,,,,,,,,,,,,,"291,687","22,774","22,175","20,786","21,530","21,761","21,756","21,952","21,593","22,451","23,111","19,861","15,775","12,470","10,158","7,478","6,056",,,,,,,,,,,,,,,"59,145","19,320","39,825",,,,,,,,,,,,,,,,,,,,,,
220,JAWA TENGAH,PEKALONGAN,"H. Sukirman, S.S., M.S.",-,"1,041,335","304,274",3.4,#DIV/0!,,204,0,81,0,285,,,,,,,,,,,,,,,,,,,,,,,,,,,,,,,,,,,,,,,,,,,,,,,,,,,,,,,,,"1,041,335","85,295","80,793","78,313","76,462","76,771","82,411","86,122","82,874","75,831","69,317","61,514","54,183","46,495","35,795","24,258","24,901",,,,,,,,,,,,,,,"310,896","99,519","211,377",,,,,,,,,,,,,,,,,,,,,,
221,JAWA TENGAH,TEGAL,"H. Ischak Maulana Rohman, S.H.",Ahmad Kholid,"1,713,090","555,171",3.1,#DIV/0!,,211,1,75,0,287,,,,,,,,,,,,,,,,,,,,,,,,,,,,,,,,,,,,,,,,,,,,,,,,,,,,,,,,,"1,713,090","136,090","136,004","130,004","130,282","123,508","133,138","133,425","133,298","131,193","125,007","109,936","90,405","71,683","56,538","39,570","33,009",,,,,,,,,,,,,,,"427,526","144,959","282,567",,,,,,,,,,,,,,,,,,,,,,
222,JAWA TENGAH,BREBES,"Hj. Paramitha Widya Kusuma, S.E., M.M.","Wurja, S.E.","2,108,502","691,050",3.1,#DIV/0!,,220,0,77,0,297,,,,,,,,,,,,,,,,,,,,,,,,,,,,,,,,,,,,,,,,,,,,,,,,,,,,,,,,,"2,108,502","164,773","158,108","156,852","152,058","154,666","165,582","173,422","172,080","159,145","148,986","133,660","111,377","90,042","69,989","50,782","46,980",,,,,,,,,,,,,,,"511,993","169,782","342,211",,,,,,,,,,,,,,,,,,,,,,
223,DI YOGYAKARTA,KULON PROGO,"Dr. R. Agung Setyawan, S.T., M.Sc., M.M.",Ambar Purwoko,"449,501","156,037",2.9,#DIV/0!,,62,0,26,0,88,,,,,,,,,,,,,,,,,,,,,,,,,,,,,,,,,,,,,,,,,,,,,,,,,,,,,,,,,"449,501","28,569","29,503","29,252","30,349","31,241","31,400","31,101","30,017","29,881","30,426","29,199","29,089","26,774","22,314","16,932","23,454",,,,,,,,,,,,,,,"175,705","48,601","127,104",,,,,,,,,,,,,,,,,,,,,,
224,DI YOGYAKARTA,BANTUL,H. Abdul Halim Muslih,"H. Aris Suharyanta, S.Sos., M.M.","1,033,465","336,801",3.1,#DIV/0!,,54,0,21,0,75,,,,,,,,,,,,,,,,,,,,,,,,,,,,,,,,,,,,,,,,,,,,,,,,,,,,,,,,,"1,033,465","65,463","69,425","70,337","72,205","72,644","71,080","72,635","76,633","76,021","74,951","69,228","65,545","58,669","47,408","32,417","38,804",,,,,,,,,,,,,,,"300,389","85,912","214,477",,,,,,,,,,,,,,,,,,,,,,
225,DI YOGYAKARTA,GUNUNGKIDUL,"Endah Subekti Kuntariningsih, S.E., M.P.",Joko Parwoto,"754,056","256,305",2.9,#DIV/0!,,67,0,76,1,144,,,,,,,,,,,,,,,,,,,,,,,,,,,,,,,,,,,,,,,,,,,,,,,,,,,,,,,,,"754,056","44,843","46,452","47,126","49,117","49,835","48,994","51,236","49,818","49,560","49,986","52,009","51,312","45,126","39,692","32,133","46,817",,,,,,,,,,,,,,,"340,414","98,889","241,525",,,,,,,,,,,,,,,,,,,,,,
226,DI YOGYAKARTA,SLEMAN,"H. Harda Kiswaya, S.E., M.Si.","Danang Maharsa, S.E.","1,190,034","393,666",3.0,#DIV/0!,,65,0,21,0,86,,,,,,,,,,,,,,,,,,,,,,,,,,,,,,,,,,,,,,,,,,,,,,,,,,,,,,,,,"1,190,034","76,929","77,535","80,132","83,298","88,130","90,766","85,231","85,623","85,011","86,886","81,804","74,975","63,172","50,597","36,885","43,060",,,,,,,,,,,,,,,"309,584","106,104","203,480",,,,,,,,,,,,,,,,,,,,,,
227,DI YOGYAKARTA,KOTA YOGYAKARTA,"Dr. (H.C.) dr. H. Hasto Wardoyo, Sp.OG (K)","Wawan Harmawan, S.E., M.M.","375,660","144,759",2.6,#DIV/0!,,45,0,0,0,45,,,,,,,,,,,,,,,,,,,,,,,,,,,,,,,,,,,,,,,,,,,,,,,,,,,,,,,,,"375,660","22,989","21,906","23,407","25,080","28,698","30,626","27,490","26,621","26,122","26,231","25,548","23,730","22,118","17,854","13,631","13,609",,,,,,,,,,,,,,,"86,833","27,300","59,533",,,,,,,,,,,,,,,,,,,,,,
228,JAWA TIMUR,BANYUWANGI,"Hj. Ipuk Fiestiandani, S.Pd., M.KP.","Ir. H. Mujiono, M.Si.","1,774,328","657,966",2.7,#DIV/0!,,197,0,20,0,217,,,,,,,,,,,,,,,,,,,,,,,,,,,,,,,,,,,,,,,,,,,,,,,,,,,,,,,,,"1,774,328","122,195","119,078","119,177","122,722","127,185","127,812","125,619","121,233","120,023","128,047","127,691","115,962","99,260","76,928","55,599","65,797",,,,,,,,,,,,,,,"463,227","169,650","293,577",,,,,,,,,,,,,,,,,,,,,,
229,JAWA TIMUR,BONDOWOSO,"Dr. R.K.H. Abdul Hamid Wahid, M.Ag.","As'ad Yahya Syafi'i, S.E.","800,132","294,283",2.7,#DIV/0!,,155,1,63,0,219,,,,,,,,,,,,,,,,,,,,,,,,,,,,,,,,,,,,,,,,,,,,,,,,,,,,,,,,,"800,132","56,564","54,870","50,530","51,748","56,643","58,081","57,880","57,042","54,812","56,723","53,792","51,633","43,491","36,818","26,770","32,735",,,,,,,,,,,,,,,"322,647","96,556","226,091",,,,,,,,,,,,,,,,,,,,,,
230,JAWA TIMUR,JOMBANG,"Warsubi, S.H., M.Si.","Salmanudin, S.Ag., M.Pd.","1,384,556","470,971",2.9,#DIV/0!,,279,0,27,0,306,,,,,,,,,,,,,,,,,,,,,,,,,,,,,,,,,,,,,,,,,,,,,,,,,,,,,,,,,"1,384,556","99,971","97,194","100,156","101,048","102,638","99,763","100,036","100,789","102,656","98,920","91,988","85,208","72,937","55,542","37,731","37,979",,,,,,,,,,,,,,,"370,741","113,222","257,519",,,,,,,,,,,,,,,,,,,,,,
231,JAWA TIMUR,MAGETAN,"Hj. Nanik Endang Rusminiarti, M.Pd.","Suyatni Priasmoro, S.H., M.H.","692,785","248,852",2.8,#DIV/0!,,168,0,67,0,235,,,,,,,,,,,,,,,,,,,,,,,,,,,,,,,,,,,,,,,,,,,,,,,,,,,,,,,,,"692,785","44,297","45,076","44,773","44,599","44,496","46,058","45,853","46,385","49,204","50,822","46,707","43,940","40,104","36,848","29,555","34,068",,,,,,,,,,,,,,,"207,440","67,802","139,638",,,,,,,,,,,,,,,,,,,,,,
232,JAWA TIMUR,NGAWI,"H. Ony Anwar Harsono, S.T., M.H.","Dr. Dwi Rianto Jatmiko, M.H., M.Si.","889,988","329,402",2.7,#DIV/0!,,167,0,50,0,217,,,,,,,,,,,,,,,,,,,,,,,,,,,,,,,,,,,,,,,,,,,,,,,,,,,,,,,,,"889,988","55,609","56,359","56,883","58,452","59,377","61,346","58,962","60,839","62,721","63,640","60,210","59,564","54,639","47,629","36,917","36,841",,,,,,,,,,,,,,,"416,451","136,099","280,352",,,,,,,,,,,,,,,,,,,,,,
233,JAWA TIMUR,BOJONEGORO,"H. Setyo Wahono, S.E.",Nurul Azizah,"1,335,288","433,080",3.1,#DIV/0!,,363,3,64,0,430,,,,,,,,,,,,,,,,,,,,,,,,,,,,,,,,,,,,,,,,,,,,,,,,,,,,,,,,,"1,335,288","80,966","88,362","87,751","88,120","87,925","91,384","96,327","96,779","97,548","100,894","95,240","90,804","80,345","64,040","45,282","43,521",,,,,,,,,,,,,,,"487,752","168,489","319,263",,,,,,,,,,,,,,,,,,,,,,
234,JAWA TIMUR,SAMPANG,"H. Slamet Junaidi, S.IP.",H. Ahmad Mahfudz,"1,038,386","300,312",3.5,#DIV/0!,,133,0,53,0,186,,,,,,,,,,,,,,,,,,,,,,,,,,,,,,,,,,,,,,,,,,,,,,,,,,,,,,,,,"1,038,386","93,846","82,879","76,542","70,748","68,932","87,634","92,298","92,359","75,399","69,975","56,567","50,474","41,694","32,656","22,548","23,835",,,,,,,,,,,,,,,"376,132","118,364","257,768",,,,,,,,,,,,,,,,,,,,,,
235,JAWA TIMUR,KOTA MADIUN,F. Bagus Panuntun,-,"205,316","71,863",2.9,#DIV/0!,,27,0,0,0,27,,,,,,,,,,,,,,,,,,,,,,,,,,,,,,,,,,,,,,,,,,,,,,,,,,,,,,,,,"205,316","13,354","13,232","12,727","13,634","15,422","15,557","14,751","13,946","14,607","15,575","14,006","12,929","11,341","9,358","7,329","7,548",,,,,,,,,,,,,,,"36,405","13,162","23,243",,,,,,,,,,,,,,,,,,,,,,
236,JAWA TIMUR,PACITAN,"Indrata Nur Bayuaji, S.S.","Gagarin Sumrambah, S.Sos., M.HP.","589,357","205,551",2.9,#DIV/0!,,24,0,148,0,172,,,,,,,,,,,,,,,,,,,,,,,,,,,,,,,,,,,,,,,,,,,,,,,,,,,,,,,,,"589,357","33,809","35,434","34,377","35,918","36,943","40,308","41,615","42,130","41,246","37,050","41,006","42,617","38,797","32,550","25,090","30,467",,,,,,,,,,,,,,,"247,444","83,422","164,022",,,,,,,,,,,,,,,,,,,,,,
237,JAWA TIMUR,PONOROGO,"Hj. Lisdyarita, S.H.",-,"968,994","351,022",2.8,#DIV/0!,,212,1,93,1,307,,,,,,,,,,,,,,,,,,,,,,,,,,,,,,,,,,,,,,,,,,,,,,,,,,,,,,,,,"968,994","60,648","59,474","58,905","59,107","60,216","64,014","65,937","70,248","72,487","68,201","68,671","65,540","58,833","50,711","39,021","46,981",,,,,,,,,,,,,,,"279,096","93,104","185,992",,,,,,,,,,,,,,,,,,,,,,
238,JAWA TIMUR,TRENGGALEK,"H. Mochamad Nur Arifin, S.M., M.PDSM.",Syah Muhammad Natanegara,"750,476","276,817",2.7,#DIV/0!,,51,0,106,0,157,,,,,,,,,,,,,,,,,,,,,,,,,,,,,,,,,,,,,,,,,,,,,,,,,,,,,,,,,"750,476","47,134","47,311","47,643","46,918","47,227","50,045","53,863","53,947","55,202","52,265","52,290","52,449","46,391","37,653","28,447","31,691",,,,,,,,,,,,,,,"248,458","82,026","166,432",,,,,,,,,,,,,,,,,,,,,,
239,JAWA TIMUR,TULUNGAGUNG,"H. Ahmad Baharudin, S.M., M.M.",-,"1,125,005","382,647",2.9,#DIV/0!,,194,2,75,0,271,,,,,,,,,,,,,,,,,,,,,,,,,,,,,,,,,,,,,,,,,,,,,,,,,,,,,,,,,"1,125,005","73,636","70,652","72,247","75,406","76,708","78,122","75,936","77,664","84,090","85,173","83,805","76,393","65,317","50,030","39,019","40,807",,,,,,,,,,,,,,,"308,776","112,016","196,760",,,,,,,,,,,,,,,,,,,,,,
240,JAWA TIMUR,BLITAR,"Drs. H. Rijanto, M.M.",H. Beky Herdihansah,"1,282,970","456,590",2.8,#DIV/0!,,40,1,207,0,248,,,,,,,,,,,,,,,,,,,,,,,,,,,,,,,,,,,,,,,,,,,,,,,,,,,,,,,,,"1,282,970","86,001","79,802","88,598","88,939","89,996","88,344","89,350","92,046","95,602","90,393","89,575","83,159","73,595","57,668","43,889","46,013",,,,,,,,,,,,,,,"331,787","108,366","223,421",,,,,,,,,,,,,,,,,,,,,,
241,JAWA TIMUR,KEDIRI,"H. Hanindhito Himawan Pramana, S.H.","Dewi Mariya Ulfa, S.T.","1,714,171","596,850",2.9,#DIV/0!,,296,0,48,0,344,,,,,,,,,,,,,,,,,,,,,,,,,,,,,,,,,,,,,,,,,,,,,,,,,,,,,,,,,"1,714,171","122,933","116,010","117,974","118,493","123,746","126,412","119,625","119,162","126,152","122,602","117,198","108,730","96,265","72,270","50,423","56,176",,,,,,,,,,,,,,,"499,273","150,238","349,035",,,,,,,,,,,,,,,,,,,,,,
242,JAWA TIMUR,MALANG,"Drs. H. M. Sanusi, M.M.",Dra. Hj. Lathifah Shohib,"2,774,002","883,829",3.1,#DIV/0!,,247,3,140,0,390,,,,,,,,,,,,,,,,,,,,,,,,,,,,,,,,,,,,,,,,,,,,,,,,,,,,,,,,,"2,774,002","198,425","177,903","196,212","194,817","191,007","196,632","200,142","205,524","207,261","204,615","188,439","173,890","151,510","119,772","84,039","83,814",,,,,,,,,,,,,,,"825,560","277,380","548,180",,,,,,,,,,,,,,,,,,,,,,
243,JAWA TIMUR,LUMAJANG,"Ir. Hj. Indah Amperawati, M.Si.","Yudha Adji Kusuma, S.H.","1,158,367","379,632",3.1,#DIV/0!,,115,1,89,0,205,,,,,,,,,,,,,,,,,,,,,,,,,,,,,,,,,,,,,,,,,,,,,,,,,,,,,,,,,"1,158,367","78,771","77,787","75,489","77,822","84,335","85,572","84,020","83,644","79,952","80,893","78,291","73,008","64,703","54,079","38,824","41,177",,,,,,,,,,,,,,,"361,383","128,423","232,960",,,,,,,,,,,,,,,,,,,,,,
244,JAWA TIMUR,JEMBER,"Muhammad Fawait, S.E., M.Sc., Ph.D. / Dr.","Dr. Djoko Susanto, S.H., M.H.","2,635,737","854,238",3.1,#DIV/0!,,164,0,84,0,248,,,,,,,,,,,,,,,,,,,,,,,,,,,,,,,,,,,,,,,,,,,,,,,,,,,,,,,,,"2,635,737","189,716","163,317","179,579","184,519","193,449","195,805","200,088","198,440","186,701","183,555","178,741","164,142","139,206","109,651","82,044","86,784",,,,,,,,,,,,,,,"752,704","254,330","498,374",,,,,,,,,,,,,,,,,,,,,,
245,JAWA TIMUR,SITUBONDO,"Yusuf Rio Wahyu Prayogo, S.Sos., M.SM.","Ulfiyah, S.Pd.I.","707,572","259,634",2.7,#DIV/0!,,80,0,56,0,136,,,,,,,,,,,,,,,,,,,,,,,,,,,,,,,,,,,,,,,,,,,,,,,,,,,,,,,,,"707,572","49,405","43,606","43,169","45,516","49,441","49,997","50,519","51,347","50,469","52,665","49,681","46,212","39,963","32,972","24,834","27,776",,,,,,,,,,,,,,,"259,888","82,123","177,765",,,,,,,,,,,,,,,,,,,,,,
246,JAWA TIMUR,PROBOLINGGO,"dr. Mohammad Haris, M.Kes",Lora Fahmi Abdul Hak Zaini,"1,200,981","409,254",2.9,#DIV/0!,,223,0,107,0,330,,,,,,,,,,,,,,,,,,,,,,,,,,,,,,,,,,,,,,,,,,,,,,,,,,,,,,,,,"1,200,981","85,725","87,870","86,080","85,302","85,358","88,794","86,890","88,313","82,039","86,269","81,631","74,282","62,506","48,378","35,435","36,109",,,,,,,,,,,,,,,"556,321","185,000","371,321",,,,,,,,,,,,,,,,,,,,,,
247,JAWA TIMUR,PASURUAN,H. M. Rusdi Sutejo,M. Shobih Asrori,"1,681,022","555,970",3.0,#DIV/0!,,272,0,93,0,365,,,,,,,,,,,,,,,,,,,,,,,,,,,,,,,,,,,,,,,,,,,,,,,,,,,,,,,,,"1,681,022","115,514","118,108","122,965","119,841","119,940","125,249","129,635","130,155","124,109","123,925","113,699","103,178","85,883","66,174","43,175","39,472",,,,,,,,,,,,,,,"418,112","137,314","280,798",,,,,,,,,,,,,,,,,,,,,,
248,JAWA TIMUR,SIDOARJO,"H. Subandi, S.H., M.Kn.",Hj. Mimik Idayana,"2,215,288","656,271",3.4,#DIV/0!,,346,0,0,0,346,,,,,,,,,,,,,,,,,,,,,,,,,,,,,,,,,,,,,,,,,,,,,,,,,,,,,,,,,"2,215,288","147,248","147,539","159,398","164,705","162,099","162,437","171,095","167,598","169,141","168,994","162,703","144,499","112,173","81,181","52,544","41,934",,,,,,,,,,,,,,,"398,212","146,978","251,234",,,,,,,,,,,,,,,,,,,,,,
249,JAWA TIMUR,MOJOKERTO,"Dr. H. Muhammad Al Barra, Lc., M.Hum",M. Rizal Octavian,"1,170,760","384,019",3.0,#DIV/0!,,238,2,64,0,304,,,,,,,,,,,,,,,,,,,,,,,,,,,,,,,,,,,,,,,,,,,,,,,,,,,,,,,,,"1,170,760","79,311","86,964","84,477","83,362","81,795","82,185","87,990","87,057","85,839","82,081","81,242","76,726","63,663","47,190","31,038","29,840",,,,,,,,,,,,,,,"350,506","120,872","229,634",,,,,,,,,,,,,,,,,,,,,,
250,JAWA TIMUR,NGANJUK,"Dr. Drs. H. Marhaen Djumadi, S.E., S.H., M.M., M.B.A.",Trihandy Cahyo Saputro,"1,145,155","391,694",2.9,#DIV/0!,,249,0,34,1,284,,,,,,,,,,,,,,,,,,,,,,,,,,,,,,,,,,,,,,,,,,,,,,,,,,,,,,,,,"1,145,155","77,270","76,061","79,380","81,047","79,236","81,629","78,431","81,394","84,807","84,507","78,915","72,536","64,348","50,365","35,148","40,081",,,,,,,,,,,,,,,"408,915","141,869","267,046",,,,,,,,,,,,,,,,,,,,,,
251,JAWA TIMUR,KOTA KEDIRI,"Vinanda Prameswati, S.H., M.Kn.",K.H. Qowimuddin Thoha,"304,129","98,878",3.1,#DIV/0!,,44,0,2,0,46,,,,,,,,,,,,,,,,,,,,,,,,,,,,,,,,,,,,,,,,,,,,,,,,,,,,,,,,,"304,129","21,205","21,101","21,740","22,516","25,554","24,801","21,355","20,205","22,100","21,926","19,275","17,796","15,552","12,347","8,630","8,026",,,,,,,,,,,,,,,"64,839","21,344","43,495",,,,,,,,,,,,,,,,,,,,,,
252,JAWA TIMUR,KOTA BLITAR,"H. Syauqul Muhibbin, S.H.I.",Elim Tyu Samba,"157,785","52,216",3.0,#DIV/0!,,21,0,0,0,21,,,,,,,,,,,,,,,,,,,,,,,,,,,,,,,,,,,,,,,,,,,,,,,,,,,,,,,,,"157,785","10,888","10,861","11,095","11,466","11,808","11,691","11,364","11,496","12,148","11,491","10,292","9,526","8,092","6,355","4,662","4,550",,,,,,,,,,,,,,,"33,983","11,459","22,524",,,,,,,,,,,,,,,,,,,,,,
253,JAWA TIMUR,KOTA MALANG,"Dr. Ir. H. Wahyu Hidayat, M.M.",Ali Muthohirin,"886,820","288,751",3.1,#DIV/0!,,53,1,3,0,57,,,,,,,,,,,,,,,,,,,,,,,,,,,,,,,,,,,,,,,,,,,,,,,,,,,,,,,,,"886,820","58,726","60,329","64,011","63,848","63,833","66,677","66,531","67,767","67,319","64,718","57,880","52,570","45,447","36,083","25,913","25,168",,,,,,,,,,,,,,,"173,469","65,618","107,851",,,,,,,,,,,,,,,,,,,,,,
254,JAWA TIMUR,KOTA PROBOLINGGO,"dr. H. Aminuddin, Sp.OG.(K)., M.Kes.","Ina Dwi Lestari, S.A.P., M.M.","254,569","79,405",3.2,#DIV/0!,,29,0,0,0,29,,,,,,,,,,,,,,,,,,,,,,,,,,,,,,,,,,,,,,,,,,,,,,,,,,,,,,,,,"254,569","18,870","20,260","19,024","18,691","19,434","19,506","19,101","18,450","18,223","17,845","16,594","15,030","12,105","9,195","6,297","5,944",,,,,,,,,,,,,,,"67,084","24,912","42,172",,,,,,,,,,,,,,,,,,,,,,
255,JAWA TIMUR,KOTA PASURUAN,"Dr. Adi Wibowo, S.TP., M.Si.","H. M. Nawawi, S.Kom., M.M.","225,257","68,614",3.3,#DIV/0!,,34,0,0,0,34,,,,,,,,,,,,,,,,,,,,,,,,,,,,,,,,,,,,,,,,,,,,,,,,,,,,,,,,,"225,257","17,332","18,198","17,581","16,934","17,016","17,372","17,570","17,001","16,604","15,778","13,741","12,072","10,487","7,925","5,396","4,250",,,,,,,,,,,,,,,"49,966","17,170","32,796",,,,,,,,,,,,,,,,,,,,,,
256,JAWA TIMUR,MADIUN,"H. Hari Wuryanto, S.H., M.Ak.",dr. Purnomo Hadi,"763,828","275,452",2.8,#DIV/0!,,171,2,33,0,206,,,,,,,,,,,,,,,,,,,,,,,,,,,,,,,,,,,,,,,,,,,,,,,,,,,,,,,,,"763,828","49,108","47,430","47,968","48,592","48,088","48,764","50,329","51,102","55,026","57,869","55,432","53,313","47,501","40,120","30,044","33,142",,,,,,,,,,,,,,,"279,049","95,354","183,695",,,,,,,,,,,,,,,,,,,,,,
257,JAWA TIMUR,TUBAN,"Aditya Halindra Faridzky, S.E.",Drs. Joko Sarwono,"1,237,088","434,297",2.8,#DIV/0!,,247,1,80,0,328,,,,,,,,,,,,,,,,,,,,,,,,,,,,,,,,,,,,,,,,,,,,,,,,,,,,,,,,,"1,237,088","78,769","75,795","84,407","83,541","80,609","86,673","91,489","95,627","92,803","93,501","86,516","79,166","70,368","58,269","40,508","39,047",,,,,,,,,,,,,,,"353,138","123,859","229,279",,,,,,,,,,,,,,,,,,,,,,
258,JAWA TIMUR,LAMONGAN,"Dr. Yuhronur Efendi, MBA., M.EK.","Dirham Akbar Aksara, S.T., B.Eng., M.Sc.","1,394,222","409,772",3.4,#DIV/0!,,453,0,21,0,474,,,,,,,,,,,,,,,,,,,,,,,,,,,,,,,,,,,,,,,,,,,,,,,,,,,,,,,,,"1,394,222","92,479","91,291","89,841","89,659","94,988","102,085","105,948","100,191","96,199","98,687","98,972","90,894","80,848","66,945","47,291","47,904",,,,,,,,,,,,,,,"346,203","111,243","234,960",,,,,,,,,,,,,,,,,,,,,,
259,JAWA TIMUR,GRESIK,"H. Fandi Akhmad Yani, S.E., M.MB.","dr. H. Asluchul Alif, M.Kes","1,390,172","402,354",3.5,#DIV/0!,,317,2,36,1,356,,,,,,,,,,,,,,,,,,,,,,,,,,,,,,,,,,,,,,,,,,,,,,,,,,,,,,,,,"1,390,172","96,981","96,795","101,977","102,582","102,468","100,685","104,776","103,749","105,964","108,746","99,017","84,294","67,453","51,294","34,439","28,952",,,,,,,,,,,,,,,"346,126","112,402","233,724",,,,,,,,,,,,,,,,,,,,,,
260,JAWA TIMUR,KOTA MOJOKERTO,"Hj. Ika Puspitasari, S.E.",Rachman Sidharta Arisandi,"139,817","47,697",2.9,#DIV/0!,,18,0,0,0,18,,,,,,,,,,,,,,,,,,,,,,,,,,,,,,,,,,,,,,,,,,,,,,,,,,,,,,,,,"139,817","9,294","10,238","10,358","10,592","10,440","9,726","10,467","10,569","10,673","10,098","9,161","8,196","6,999","5,588","3,989","3,429",,,,,,,,,,,,,,,"25,223","8,618","16,605",,,,,,,,,,,,,,,,,,,,,,
261,JAWA TIMUR,KOTA SURABAYA,"Dr. Eri Cahyadi, S.T., M.T.","Ir. Armuji, M.H","2,940,265","1,011,129",2.9,#DIV/0!,,153,0,0,0,153,,,,,,,,,,,,,,,,,,,,,,,,,,,,,,,,,,,,,,,,,,,,,,,,,,,,,,,,,"2,940,265","181,427","198,233","218,519","222,924","218,386","211,769","218,265","219,849","225,855","225,811","206,487","178,949","144,977","112,866","82,219","73,729",,,,,,,,,,,,,,,"506,528","191,855","314,673",,,,,,,,,,,,,,,,,,,,,,
262,JAWA TIMUR,KOTA BATU,"NUROCHMAN, SH.,M.H","HELI SUYANTO, S.H.,M.H","227,482","72,909",3.1,#DIV/0!,,0,0,24,0,24,,,,,,,,,,,,,,,,,,,,,,,,,,,,,,,,,,,,,,,,,,,,,,,,,,,,,,,,,"227,482","15,935","16,759","15,976","15,416","15,680","16,766","17,983","17,515","17,083","16,266","14,855","13,960","11,860","9,238","6,221","5,969",,,,,,,,,,,,,,,"31,006","11,374","19,632",,,,,,,,,,,,,,,,,,,,,,
263,JAWA TIMUR,BANGKALAN,"Lukman Hakim, S.IP., M.H.","Fauzan Dja'far, S.Ag., S.H., M.H.","1,123,061","332,535",3.4,#DIV/0!,,186,2,93,0,281,,,,,,,,,,,,,,,,,,,,,,,,,,,,,,,,,,,,,,,,,,,,,,,,,,,,,,,,,"1,123,061","92,460","70,326","81,321","87,075","88,554","92,792","95,239","98,006","82,720","73,901","63,216","55,975","49,021","38,296","26,682","27,477",,,,,,,,,,,,,,,"355,892","87,358","268,534",,,,,,,,,,,,,,,,,,,,,,
264,JAWA TIMUR,PAMEKASAN,"Dr. Drs. K.H. Kholilurrahman Wafi, S.H., M.Si.",H. Sukriyanto,"901,666","293,253",3.1,#DIV/0!,,106,2,81,0,189,,,,,,,,,,,,,,,,,,,,,,,,,,,,,,,,,,,,,,,,,,,,,,,,,,,,,,,,,"901,666","71,714","70,574","64,128","62,506","63,287","72,845","68,843","69,720","63,810","66,948","58,316","50,149","42,138","30,966","22,456","23,266",,,,,,,,,,,,,,,"339,474","103,472","236,002",,,,,,,,,,,,,,,,,,,,,,
265,JAWA TIMUR,SUMENEP,Achmad Fauzi Wongsojudo,Imam Hasyim,"1,165,227","398,086",2.9,#DIV/0!,,324,0,10,0,334,,,,,,,,,,,,,,,,,,,,,,,,,,,,,,,,,,,,,,,,,,,,,,,,,,,,,,,,,"1,165,227","84,712","71,715","71,048","73,155","77,158","81,185","80,703","87,427","81,450","88,537","83,838","78,315","66,155","54,206","39,555","46,068",,,,,,,,,,,,,,,"486,937","136,593","350,344",,,,,,,,,,,,,,,,,,,,,,
266,BANTEN,PANDEGLANG,"Hj. R. Dewi Setiani, S.Sos., M.A.","Iing Andri Supriadi, S.H.","1,350,503","387,587",3.5,#DIV/0!,,224,0,115,0,339,,,,,,,,,,,,,,,,,,,,,,,,,,,,,,,,,,,,,,,,,,,,,,,,,,,,,,,,,"1,350,503","110,487","107,558","113,352","115,784","115,569","117,122","106,334","99,089","93,992","85,388","76,628","64,069","56,335","39,863","27,091","21,842",,,,,,,,,,,,,,,"324,962","110,190","214,772",,,,,,,,,,,,,,,,,,,,,,
267,BANTEN,LEBAK,"H. Moch. Hasbi Asyidiki Jayabaya, S.H.","Ir. H. Amir Hamzah, M.Si.","1,478,091","438,326",3.4,#DIV/0!,,206,4,135,0,345,,,,,,,,,,,,,,,,,,,,,,,,,,,,,,,,,,,,,,,,,,,,,,,,,,,,,,,,,"1,478,091","118,915","124,729","124,131","122,474","124,753","127,841","115,513","115,217","105,769","94,513","81,029","72,155","57,256","43,408","26,977","23,411",,,,,,,,,,,,,,,"330,375","109,432","220,943",,,,,,,,,,,,,,,,,,,,,,
268,BANTEN,TANGERANG,"Drs. Moch. Maesyal Rasyid, M.Si.",Intan Nurul Hikmah,"3,468,939","1,015,116",3.4,#DIV/0!,,274,0,0,0,274,,,,,,,,,,,,,,,,,,,,,,,,,,,,,,,,,,,,,,,,,,,,,,,,,,,,,,,,,"3,468,939","258,924","277,837","290,203","269,948","263,781","275,982","295,408","295,026","277,045","259,227","226,248","178,347","127,951","84,291","51,806","36,915",,,,,,,,,,,,,,,"628,566","203,683","424,883",,,,,,,,,,,,,,,,,,,,,,
269,BANTEN,SERANG,"Hj. Ratu Rachmatuzakiyah, S.Pd., M.M.",M. Najib Hamas,"1,738,298","511,501",3.4,#DIV/0!,,254,0,72,0,326,,,,,,,,,,,,,,,,,,,,,,,,,,,,,,,,,,,,,,,,,,,,,,,,,,,,,,,,,"1,738,298","144,569","141,494","142,217","133,480","139,348","151,696","145,441","145,956","128,720","115,868","99,471","82,711","64,637","46,997","30,703","24,990",,,,,,,,,,,,,,,"209,106","71,818","137,288",,,,,,,,,,,,,,,,,,,,,,
270,BANTEN,KOTA TANGERANG,Drs. H. Sachrudin,H. Maryono Hasan,"1,979,289","613,695",3.2,#DIV/0!,,104,0,0,0,104,,,,,,,,,,,,,,,,,,,,,,,,,,,,,,,,,,,,,,,,,,,,,,,,,,,,,,,,,"1,979,289","137,731","161,443","156,344","149,197","142,308","142,799","154,368","157,802","162,852","155,600","134,539","108,228","86,678","61,906","41,435","26,059",,,,,,,,,,,,,,,"427,691","162,276","265,415",,,,,,,,,,,,,,,,,,,,,,
271,BANTEN,KOTA CILEGON,Robinsar,Fajar Hadi Prabowo,"464,999","132,568",3.5,#DIV/0!,,26,0,17,0,43,,,,,,,,,,,,,,,,,,,,,,,,,,,,,,,,,,,,,,,,,,,,,,,,,,,,,,,,,"464,999","36,711","43,685","39,270","36,428","33,412","36,634","37,544","37,331","34,928","31,657","28,798","23,725","18,774","12,835","8,048","5,219",,,,,,,,,,,,,,,"77,848","30,051","47,797",,,,,,,,,,,,,,,,,,,,,,
272,BANTEN,KOTA SERANG,"H. Budi Rustandi, S.E.","Nur Agis Aulia, S.Sos.","756,145","216,393",3.5,#DIV/0!,,60,0,7,0,67,,,,,,,,,,,,,,,,,,,,,,,,,,,,,,,,,,,,,,,,,,,,,,,,,,,,,,,,,"756,145","61,353","64,689","66,665","62,727","61,772","65,547","64,481","62,333","54,577","49,519","43,611","35,467","26,779","17,863","11,438","7,324",,,,,,,,,,,,,,,"122,599","44,041","78,558",,,,,,,,,,,,,,,,,,,,,,
273,BANTEN,KOTA TANGERANG SELATAN,Drs. H. Benyamin Davnie,"H. Pilar Saga Ichsan, S.T., M.Ars.","1,405,035","450,500",3.1,#DIV/0!,,54,0,0,0,54,,,,,,,,,,,,,,,,,,,,,,,,,,,,,,,,,,,,,,,,,,,,,,,,,,,,,,,,,"1,405,035","91,644","99,197","108,763","109,117","103,938","103,082","105,630","107,093","110,813","107,520","99,572","84,243","69,862","49,433","33,120","22,008",,,,,,,,,,,,,,,"200,005","82,227","117,778",,,,,,,,,,,,,,,,,,,,,,
274,BALI,JEMBRANA,"I Made Kembang Hartawan,S.E, M.M.","I Gede Ngurah Patriana Krisna, S.T., M.T.","329,703","98,483",3.3,#DIV/0!,,51,0,0,0,51,,,,,,,,,,,,,,,,,,,,,,,,,,,,,,,,,,,,,,,,,,,,,,,,,,,,,,,,,"329,703","24,261","23,451","22,844","23,559","23,973","23,332","23,628","23,689","23,369","23,399","21,925","19,816","18,608","14,304","9,491","10,054",,,,,,,,,,,,,,,"56,076","19,982","36,094",,,,,,,,,,,,,,,,,,,,,,
275,BALI,TABANAN,"Dr. I Komang Gede Sanjaya, S.E., M.M.","I Made Dirga, S.Sos.","470,510","142,099",3.3,#DIV/0!,,100,0,33,0,133,,,,,,,,,,,,,,,,,,,,,,,,,,,,,,,,,,,,,,,,,,,,,,,,,,,,,,,,,"470,510","28,774","28,497","26,053","28,285","31,457","33,929","32,656","31,100","30,592","31,152","34,388","36,306","32,089","25,528","18,393","21,311",,,,,,,,,,,,,,,"80,034","29,748","50,286",,,,,,,,,,,,,,,,,,,,,,
276,BALI,BADUNG,"I Wayan Adi Arnawa, S.H","Bagus Alit Sucipta, S.H.","578,791","130,211",4.4,#DIV/0!,,60,0,2,0,62,,,,,,,,,,,,,,,,,,,,,,,,,,,,,,,,,,,,,,,,,,,,,,,,,,,,,,,,,"578,791","40,093","37,214","34,959","40,548","45,019","47,015","43,454","40,109","39,682","43,081","43,787","40,078","31,001","21,302","14,562","16,887",,,,,,,,,,,,,,,"95,071","37,542","57,529",,,,,,,,,,,,,,,,,,,,,,
277,BALI,GIANYAR,I Made Agus Mahayastra,Anak Agung Gde Mayun,"533,046","120,088",4.4,#DIV/0!,,70,0,0,0,70,,,,,,,,,,,,,,,,,,,,,,,,,,,,,,,,,,,,,,,,,,,,,,,,,,,,,,,,,"533,046","36,270","34,609","31,736","35,622","38,657","39,509","39,823","36,269","36,007","40,066","40,433","35,773","28,946","22,282","16,663","20,381",,,,,,,,,,,,,,,"92,785","33,767","59,018",,,,,,,,,,,,,,,,,,,,,,
278,BALI,KLUNGKUNG,"I Made Satria, S.H","Tjokorda Gde Surya Putra, S.E","210,360","58,610",3.6,#DIV/0!,,50,0,9,0,59,,,,,,,,,,,,,,,,,,,,,,,,,,,,,,,,,,,,,,,,,,,,,,,,,,,,,,,,,"210,360","15,141","14,807","13,839","14,960","15,288","14,877","14,952","14,397","14,842","15,395","13,738","12,359","11,394","9,014","6,993","8,364",,,,,,,,,,,,,,,"43,533","16,325","27,208",,,,,,,,,,,,,,,,,,,,,,
279,BALI,BANGLI,"Sang Nyoman Sedana Arta, S.E.","I Wayan Diar, S.ST.Par.","263,972","74,181",3.6,#DIV/0!,,50,0,23,0,73,,,,,,,,,,,,,,,,,,,,,,,,,,,,,,,,,,,,,,,,,,,,,,,,,,,,,,,,,"263,972","19,684","16,769","17,600","19,027","19,491","18,844","18,994","19,534","19,556","19,685","18,016","14,426","12,774","11,211","8,204","10,157",,,,,,,,,,,,,,,"80,046","34,646","45,400",,,,,,,,,,,,,,,,,,,,,,
280,BALI,KARANGASEM,"I Gusti Putu Parwata, S.E. ","Pandu Prapanca Lagosa, S.H., M.H.","506,755","154,609",3.3,#DIV/0!,,72,0,6,0,78,,,,,,,,,,,,,,,,,,,,,,,,,,,,,,,,,,,,,,,,,,,,,,,,,,,,,,,,,"506,755","40,656","37,296","38,331","40,803","36,820","33,665","35,718","39,481","38,522","36,077","31,132","24,476","22,298","19,022","14,729","17,729",,,,,,,,,,,,,,,"119,076","44,990","74,086",,,,,,,,,,,,,,,,,,,,,,
281,BALI,BULELENG,"dr. I Nyoman Sutjidra, Sp.OG","Gede Supriatna, S.H.","825,944","248,493",3.3,#DIV/0!,,75,2,70,1,148,,,,,,,,,,,,,,,,,,,,,,,,,,,,,,,,,,,,,,,,,,,,,,,,,,,,,,,,,"825,944","65,849","58,439","59,693","62,441","63,890","61,063","61,459","62,698","60,069","56,813","48,127","45,220","40,255","32,325","22,921","24,682",,,,,,,,,,,,,,,"208,571","82,362","126,209",,,,,,,,,,,,,,,,,,,,,,
282,BALI,KOTA DENPASAR,"I Gusti Ngurah Jaya Negara, SE","I Kadek Agus Arya Wibawa, S.E., M.M.","769,162","167,767",4.6,#DIV/0!,,43,0,0,0,43,,,,,,,,,,,,,,,,,,,,,,,,,,,,,,,,,,,,,,,,,,,,,,,,,,,,,,,,,"769,162","52,396","50,468","50,762","56,112","56,480","59,243","59,256","58,045","57,405","59,437","56,435","51,499","40,420","27,191","18,129","15,884",,,,,,,,,,,,,,,"102,267","41,459","60,808",,,,,,,,,,,,,,,,,,,,,,
283,NUSA TENGGARA BARAT,LOMBOK BARAT,Hj. Nurul Adha,-,"787,339","238,800",3.3,#DIV/0!,,105,0,17,0,122,,,,,,,,,,,,,,,,,,,,,,,,,,,,,,,,,,,,,,,,,,,,,,,,,,,,,,,,,"787,339","68,380","69,046","72,030","59,429","55,652","60,378","65,096","64,658","59,614","55,534","46,823","37,620","27,820","19,772","12,775","12,712",,,,,,,,,,,,,,,"206,634","58,284","148,350",,,,,,,,,,,,,,,,,,,,,,
284,NUSA TENGGARA BARAT,LOMBOK TENGAH,"H. Lalu Pathul Bahri, S.IP., M.AP.","Dr. H. M. Nursiah, S.Sos., M.Si.","1,149,627","380,212",3.0,#DIV/0!,,144,0,10,0,154,,,,,,,,,,,,,,,,,,,,,,,,,,,,,,,,,,,,,,,,,,,,,,,,,,,,,,,,,"1,149,627","98,284","88,384","104,061","87,729","81,503","90,450","93,699","92,997","87,284","82,976","69,116","58,186","42,745","32,406","20,431","19,376",,,,,,,,,,,,,,,"237,666","61,206","176,460",,,,,,,,,,,,,,,,,,,,,,
285,NUSA TENGGARA BARAT,LOMBOK TIMUR,"Drs. H. Haerul Warisin, M.Si.","Ir. H. Moh. Edwin Hadiwijaya, M.M.","1,460,017","472,581",3.1,#DIV/0!,,238,2,14,0,254,,,,,,,,,,,,,,,,,,,,,,,,,,,,,,,,,,,,,,,,,,,,,,,,,,,,,,,,,"1,460,017","128,746","141,601","134,890","115,341","110,480","109,591","111,568","113,486","109,571","99,671","84,906","65,438","51,263","35,919","25,214","22,332",,,,,,,,,,,,,,,"563,976","184,658","379,318",,,,,,,,,,,,,,,,,,,,,,
286,NUSA TENGGARA BARAT,SUMBAWA,"Ir. H. Syarafuddin Jarot, M.P.",Drs. H. Mohamad Ansori,"550,684","148,387",3.7,#DIV/0!,,68,0,97,0,165,,,,,,,,,,,,,,,,,,,,,,,,,,,,,,,,,,,,,,,,,,,,,,,,,,,,,,,,,"550,684","49,423","41,065","46,010","42,129","42,532","43,685","41,610","40,467","39,914","36,951","33,909","27,728","24,148","17,311","12,182","11,620",,,,,,,,,,,,,,,"131,906","41,805","90,101",,,,,,,,,,,,,,,,,,,,,,
287,NUSA TENGGARA BARAT,DOMPU,"Bambang Firdaus, SE","Syirajuddin, SH","258,349","79,360",3.3,#DIV/0!,,77,0,4,0,81,,,,,,,,,,,,,,,,,,,,,,,,,,,,,,,,,,,,,,,,,,,,,,,,,,,,,,,,,"258,349","25,553","21,815","22,524","22,545","19,200","21,054","20,203","18,526","18,018","16,017","14,694","11,889","9,611","7,454","4,722","4,524",,,,,,,,,,,,,,,"56,999","14,883","42,116",,,,,,,,,,,,,,,,,,,,,,
288,NUSA TENGGARA BARAT,BIMA,H. Ady Mahyudi,dr. H. Irfan Zubaedy,"559,349","155,213",3.6,#DIV/0!,,30,0,161,0,191,,,,,,,,,,,,,,,,,,,,,,,,,,,,,,,,,,,,,,,,,,,,,,,,,,,,,,,,,"559,349","54,814","45,130","43,765","47,077","49,577","49,480","43,732","40,026","35,829","32,584","30,447","25,419","20,685","16,882","11,851","12,051",,,,,,,,,,,,,,,"159,787","47,348","112,439",,,,,,,,,,,,,,,,,,,,,,
289,NUSA TENGGARA BARAT,SUMBAWA BARAT,"H. Amar Nurmansyah, S.T., M.Si.","Hj. Hanipah, S.Pt., M.M.Inov.","160,732","45,445",3.5,#DIV/0!,,40,0,25,0,65,,,,,,,,,,,,,,,,,,,,,,,,,,,,,,,,,,,,,,,,,,,,,,,,,,,,,,,,,"160,732","14,524","15,040","15,919","13,230","11,673","11,252","11,609","11,418","11,707","11,662","10,220","7,603","5,897","3,766","2,655","2,557",,,,,,,,,,,,,,,"38,868","12,376","26,492",,,,,,,,,,,,,,,,,,,,,,
290,NUSA TENGGARA BARAT,LOMBOK UTARA,"Dr. H. Najmul Akhyar, S.H., M.H.","Kusmalahadi Syamsuri, S.T., M.T.","268,761","83,677",3.2,#DIV/0!,,3,0,40,0,43,,,,,,,,,,,,,,,,,,,,,,,,,,,,,,,,,,,,,,,,,,,,,,,,,,,,,,,,,"268,761","24,442","25,357","24,380","20,907","20,357","20,927","21,200","21,922","19,823","17,077","15,450","12,597","9,527","6,474","4,133","4,188",,,,,,,,,,,,,,,"108,337","22,507","85,830",,,,,,,,,,,,,,,,,,,,,,
291,NUSA TENGGARA BARAT,KOTA MATARAM,"Dr. H. Mohan Roliskana, S.Sos., M.H.","TGH. Mujiburrahman, S.H.","452,410","134,131",3.4,#DIV/0!,,50,0,0,0,50,,,,,,,,,,,,,,,,,,,,,,,,,,,,,,,,,,,,,,,,,,,,,,,,,,,,,,,,,"452,410","35,159","40,180","40,864","36,728","34,496","35,042","32,842","33,249","32,241","30,426","28,080","23,336","19,514","12,981","9,241","8,031",,,,,,,,,,,,,,,"92,273","26,211","66,062",,,,,,,,,,,,,,,,,,,,,,
292,NUSA TENGGARA BARAT,KOTA BIMA,"H. A. Rahman H. Abidin, S.E.","Feri Sofiyan, S.H.","168,060","51,979",3.2,#DIV/0!,,20,0,21,0,41,,,,,,,,,,,,,,,,,,,,,,,,,,,,,,,,,,,,,,,,,,,,,,,,,,,,,,,,,"168,060","14,377","16,164","14,877","13,679","12,182","12,708","12,861","12,767","11,966","10,813","9,780","8,107","6,689","4,685","3,364","3,041",,,,,,,,,,,,,,,"30,531","8,964","21,567",,,,,,,,,,,,,,,,,,,,,,
293,NUSA TENGGARA TIMUR,SIKKA,Juventus Prima Yoris Kago,Ir. Simon Subandi Supriadi,"350,343","94,239",3.7,#DIV/0!,,49,1,143,1,194,,,,,,,,,,,,,,,,,,,,,,,,,,,,,,,,,,,,,,,,,,,,,,,,,,,,,,,,,"350,343","27,401","38,393","32,197","27,812","26,710","29,080","26,670","23,606","21,405","20,472","18,522","15,324","13,744","11,187","8,723","9,097",,,,,,,,,,,,,,,"94,531","28,420","66,111",,,,,,,,,,,,,,,,,,,,,,
294,NUSA TENGGARA TIMUR,ENDE,Yosef Benediktus Badeoda,Dominikus Minggu Mere,"286,911","78,180",3.7,#DIV/0!,,19,2,254,3,278,,,,,,,,,,,,,,,,,,,,,,,,,,,,,,,,,,,,,,,,,,,,,,,,,,,,,,,,,"286,911","23,051","20,863","25,073","23,730","23,056","24,250","22,960","20,933","19,477","18,122","16,354","14,262","11,996","9,290","6,569","6,925",,,,,,,,,,,,,,,"88,650","26,291","62,359",,,,,,,,,,,,,,,,,,,,,,
295,NUSA TENGGARA TIMUR,SUMBA BARAT DAYA,"Ratu Ngadu Bonu Wulla, S.T.","Dominikus Alphawan Rangga Kaka, S.P.","342,287","93,191",3.7,#DIV/0!,,75,0,100,0,175,,,,,,,,,,,,,,,,,,,,,,,,,,,,,,,,,,,,,,,,,,,,,,,,,,,,,,,,,"342,287","38,247","40,329","42,157","36,717","28,445","28,416","23,965","21,493","18,399","16,684","14,521","11,282","8,331","5,840","3,907","3,554",,,,,,,,,,,,,,,"103,785","21,291","82,494",,,,,,,,,,,,,,,,,,,,,,
296,NUSA TENGGARA TIMUR,SABU RAIJUA,"Krisman Bernard Riwu Kore, S.E., M.M.","Ir. Thobias Uly, M.Si.","97,742","24,050",4.1,#DIV/0!,,15,0,48,0,63,,,,,,,,,,,,,,,,,,,,,,,,,,,,,,,,,,,,,,,,,,,,,,,,,,,,,,,,,"97,742","10,364","11,282","10,557","8,864","7,451","7,598","7,767","6,852","5,633","4,808","4,132","3,341","2,633","2,178","1,842","2,440",,,,,,,,,,,,,,,"52,100","10,416","41,684",,,,,,,,,,,,,,,,,,,,,,
297,NUSA TENGGARA TIMUR,MALAKA,"dr. Stefanus Bria Seran, MPH","Henri Melki Simu, A.Md","198,496","55,104",3.6,#DIV/0!,,49,0,78,0,127,,,,,,,,,,,,,,,,,,,,,,,,,,,,,,,,,,,,,,,,,,,,,,,,,,,,,,,,,"198,496","19,754","16,688","16,493","18,276","17,246","17,320","16,468","12,824","11,108","10,271","9,438","8,775","7,518","6,070","4,584","5,663",,,,,,,,,,,,,,,"58,763","20,591","38,172",,,,,,,,,,,,,,,,,,,,,,
298,NUSA TENGGARA TIMUR,SUMBA BARAT,"Yohanis Dade, S.H.","Thimotius Tede Ragga, S.Sos.","160,172","33,422",4.8,#DIV/0!,,9,0,65,0,74,,,,,,,,,,,,,,,,,,,,,,,,,,,,,,,,,,,,,,,,,,,,,,,,,,,,,,,,,"160,172","17,591","18,243","14,851","14,444","13,839","14,033","12,833","11,222","9,198","8,334","7,004","5,665","4,302","3,445","2,443","2,725",,,,,,,,,,,,,,,"35,816","11,291","24,525",,,,,,,,,,,,,,,,,,,,,,
299,NUSA TENGGARA TIMUR,SUMBA TIMUR,"Umbu Lili Pekuwali, S.T., M.T.","Yonathan Hani, S.Kom., M.A.P.","266,655","71,506",3.7,#DIV/0!,,51,0,149,0,200,,,,,,,,,,,,,,,,,,,,,,,,,,,,,,,,,,,,,,,,,,,,,,,,,,,,,,,,,"266,655","25,695","30,121","27,203","23,167","19,306","21,159","21,051","18,455","16,518","14,906","12,979","10,583","8,575","6,718","5,115","5,104",,,,,,,,,,,,,,,"90,704","23,054","67,650",,,,,,,,,,,,,,,,,,,,,,
300,NUSA TENGGARA TIMUR,KUPANG,"Yosef Lede, S.H.","Aurum Obe Titu Eki, S.Ars., M.Ars.","386,353","88,545",4.4,#DIV/0!,,58,0,119,0,177,,,,,,,,,,,,,,,,,,,,,,,,,,,,,,,,,,,,,,,,,,,,,,,,,,,,,,,,,"386,353","41,245","27,998","30,470","30,525","33,610","31,394","31,229","30,799","27,146","22,830","19,846","16,679","15,062","11,836","7,881","7,803",,,,,,,,,,,,,,,"85,872","27,417","58,455",,,,,,,,,,,,,,,,,,,,,,
301,NUSA TENGGARA TIMUR,TIMOR TENGAH SELATAN,"Eduard Markus Lioe, SIP, S.H., M.H.","Johny Army Konay, S.H., M.H.","487,999","132,767",3.7,123,"3,955.36",14,0,262,2,278,Kabupaten Timor Tengah Utara,Laut Timor,Kabupaten Timor Tengah Utara dan Kabupaten Belu,Kabupaten Kupang,,,32,278,N/A,N/A,4,6,5,1,1,4,5,5,N/A,5,"1,283,243,691,049.20",-,"24,241,132,802.00","9,211,867,831.00","7,453,298,661.00","37,620,324,898.79",N/A,"3,923,859,538.00","1,295,908,000.00","873,657,060,032.00","206,171,946,198.00",N/A,-,N/A,N/A,-,-,N/A,"11,455,512,147.00",-,-,N/A,"655,767,621,992.00","254,261,511,594.50",-,-,"8,452,055,473.00","655,500,000.00","125,030,309,264.00",-,N/A,N/A,-,"487,999","242,011","245,988","487,999","50,982","37,768","45,061","47,605","41,296","38,318","36,399","30,262","29,400","26,781","24,633","22,028","19,307","15,398","10,545","12,216","288,347","278,045","10,302","66,852","21,498","26,422","18,932",-,N/A,N/A,-,-,N/A,N/A,"89,849","30,612","59,237",N/A,"454,423.00",116.74,24.50,"10,961,270.00","5,003,360.00","130,460.00","76,730.00","4,840.00","2,010.00","895,440.00","826,300.00","159,270.00","9,480.00","686,410.00","322,350.00","292,920.00","6,550.00","1,592,180.00","674,930.00","201,760.00","76,280.00"
302,NUSA TENGGARA TIMUR,TIMOR TENGAH UTARA,"Yosep Falentinus Delasalle Kebo, S.I.P., M.A.","Kamillus Elu, S.H.","279,637","68,180",4.1,105,"2,669.70",100,5,87,1,193,Ambenu (Timor Leste) dan Laut Sewu,Kabupaten Timor Tengah Selatan,Kabupaten Belu dan Kabupaten Malaka,Kabupaten Kupang dan Timor Tengah Selatan,,,24,193,"2,026",791,2,4,5,N/A,2,1,4,5,N/A,4,"1,102,042,382.20","68,237,331.68","17,797,541.93","1,751,649.34","8,607,601.15","40,080,539.27","1,022,469,468.80",N/A,N/A,N/A,N/A,N/A,N/A,N/A,N/A,N/A,N/A,"11,335,581.71",N/A,N/A,N/A,"760,210,372.34","543,595,036.16","214,366,755.19",N/A,N/A,"1,653,581.00","595,000.00","46,186,375.08","1,178,798.00","199,344,804.14",N/A,N/A,"279,637","140,357","139,280","279,637","27,082","27,391","26,470","23,996","24,489","22,173","21,589","17,818","17,222","14,951","13,304","12,534","10,297","8,041","5,525","6,755","149,640","145,836","3,804","49,661","21,914","18,631","9,116",67.87,N/A,N/A,"3,370.11",N/A,N/A,N/A,"116,464","31,854","84,610",N/A,"516,059.00",53.44,20.17,"5,527,990.00","2,201,790.00","61,100.00","76,110.00","3,840.00",990.00,"507,040.00","369,380.00","294,460.00","32,840.00","286,010.00","125,480.00","135,670.00","3,390.00","926,080.00","377,010.00","87,960.00","38,840.00"
303,NUSA TENGGARA TIMUR,BELU,"Willybrodus Lay, S.H.","Vicente Hornai Gonsalves, S.T.","240,400","56,075",4.3,187,"1,284.94",8,0,73,0,81,Selat Ombai,Kabupaten Malaka,Negara Timor Leste,Kabupaten TTU,,,12,81,N/A,N/A,4,4,3,2,2,2,2,3,N/A,4,"905,018,917.20","105,351,056.56","27,913,473.26","6,122,534.05","5,450,573.21","65,864,476.04",N/A,-,-,"68,878,518.97","24,216,750.66",N/A,-,N/A,N/A,-,-,"65,864,476.04",-,-,"7,799,181.93",-,"397,572,548.98","258,957,676.64",-,-,"18,400,880.26","1,469,175.00","72,900,236.34",-,N/A,"854,101.69","109,152,229.54","240,400","120,200","120,200","240,400","26,800","20,800","20,600","20,200","21,000","21,300","22,200","18,900","14,700","11,800","10,300","9,300","7,700","6,300","4,100","4,400","132,602","125,707","6,895","40,258","8,867","25,258","6,133",-,N/A,N/A,"26,764.00",5.18,N/A,N/A,"50,767","16,349","34,418",N/A,"490,904.00",30.40,12.79,"6,433,990.00","1,378,870.00","105,320.00","95,960.00","4,300.00","1,500.00","513,410.00","1,046,860.00","338,460.00","27,150.00","245,580.00","372,630.00","168,990.00","2,980.00","816,010.00","986,040.00","172,610.00","157,320.00"
304,NUSA TENGGARA TIMUR,ALOR,"Iskandar Lakamau, S.H., M.Si.","Rocky Winaryo, S.H., M.H.","231,970","63,361",3.7,79,"2,918.82",16,0,158,1,175,Laut Flores,Selat Ombay dan RDTL,Provinsi Maluku,Kabupaten Lembata,,,18,175,N/A,N/A,N/A,N/A,N/A,N/A,N/A,N/A,N/A,N/A,N/A,N/A,N/A,N/A,N/A,N/A,N/A,N/A,N/A,N/A,N/A,N/A,N/A,N/A,N/A,N/A,N/A,N/A,N/A,N/A,N/A,N/A,N/A,N/A,N/A,N/A,N/A,N/A,N/A,N/A,N/A,N/A,N/A,N/A,N/A,"228,504","113,203","115,301","231,970","23,123","24,334","23,237","20,111","17,472","18,468","18,552","16,787","14,227","12,356","11,191","9,498","7,596","6,374","4,228","4,416","124,953","122,356","2,597","33,612","8,745","14,798","10,069",68.44,N/A,N/A,"4,290.00",4.57,N/A,N/A,"49,815","15,973","33,842",N/A,"464,871.00",38.68,18.29,"8,560,770.00","1,368,720.00","48,500.00","70,030.00","5,310.00","3,750.00","402,690.00","622,950.00","228,660.00","21,420.00","236,740.00","286,060.00","75,240.00","16,660.00","727,280.00","125,820.00","30,860.00","4,290,080.00"
305,NUSA TENGGARA TIMUR,LEMBATA,"Petrus Kanisius Tuaq, S.P.","H. Muhamad Nasir, S.Sos.","147,202","38,942",3.8,116,"1,266.39",25,3,123,0,151,Laut Flores,Laut Sawu,Kabupaten Alor,Kabupaten Flores Timur,,,9,151,N/A,N/A,4,3,4,N/A,2,N/A,3,3,N/A,2,"809,154,428.00","39,318,045.00","11,440,829.00","21,410,426.00","3,896,493.00","2,570,297.00","761,074,713.00",N/A,N/A,N/A,N/A,N/A,N/A,N/A,N/A,N/A,N/A,"8,761,670.00",0.00,N/A,"8,761,670.00",N/A,"396,578,341.00","158,954,192.00","9,376,321.00","900,000.00","7,958,660.00","800,000.00","49,643,108.00","3,381,112.00","151,867,178.00","3,292,953.00","148,574,225.00","145,271","70,452","74,819","147,202","13,117","16,240","15,190","12,840","10,441","10,826","10,023","9,045","8,851","8,567","7,581","6,538","5,352","4,529","3,654","4,408",N/A,"76,736",N/A,"23,131","6,885","10,985","5,261",69.70,N/A,N/A,"16,953.00",4.47,N/A,N/A,"59,036","12,258","46,778",N/A,"538,773.00",36.78,23.27,"2,462,850.00","902,780.00","10,820.00","5,940.00","2,850.00",800.00,"166,380.00","209,410.00","58,150.00","5,400.00","155,750.00","13,280.00","35,310.00",760.00,"672,580.00","161,580.00","42,830.00","18,230.00"
306,NUSA TENGGARA TIMUR,FLORES TIMUR,Ir. Antonius Doni Dihen,"Ignasius Boli Uran, S.Fil.","300,997","74,438",4.0,166,"1,812.58",8,1,241,0,250,Laut Flores,Laut Sawu,Kabupaten SIkka,Selat Boleng,,,19,250,N/A,N/A,1,5,3,0,5,0,4,7,0,3,N/A,N/A,N/A,N/A,N/A,N/A,N/A,N/A,N/A,N/A,N/A,N/A,N/A,N/A,N/A,N/A,N/A,N/A,N/A,N/A,N/A,N/A,N/A,N/A,N/A,N/A,N/A,N/A,N/A,N/A,N/A,N/A,N/A,"296,760","146,119","150,641","300,997","27,448","27,747","26,145","22,719","23,747","25,337","24,455","20,321","17,998","17,033","16,312","14,377","11,923","9,455","7,347","8,633","151,759","142,113","9,646","65,143","14,858","37,039","13,246",70.61,N/A,N/A,N/A,4.98,N/A,N/A,"76,234","24,106","52,128",N/A,"429,094.00",28.92,10.88,"6,977,960.00","2,053,280.00","53,010.00","81,380.00","6,400.00","1,880.00","255,150.00","685,490.00","386,970.00","6,560.00","301,340.00","291,350.00","214,860.00","5,150.00","1,106,920.00","1,063,790.00","206,970.00","257,460.00"
307,NUSA TENGGARA TIMUR,NGADA,"Raymundus Bena, S.S., M.Hum.","Bernadinus Dhey Ngebu, S.P.","178,843","38,105",4.7,103,"1,736.83",22,2,182,0,206,Laut Flores,Laut Sawu,Kabupaten Nagekeo,Kabupaten Manggarai Timur,"0-2,184",370.88,12,N/A,N/A,N/A,1,3,5,N/A,2,N/A,3,3,N/A,5,"839,363,359,957.09","34,865,465,186.09","13,883,503,782.10","4,405,387,072.80","1,884,889,240.00","14,691,685,091.19",N/A,"5,683,300,078.00",-,"504,748,160,183.00","157,787,097,455.00",N/A,-,N/A,N/A,"18,592,002,083.00",-,N/A,-,-,"117,687,334,972.00",N/A,"363,924,963,764.82","134,246,749,670.71",-,-,"5,037,656,000.00","578,000,000.00","77,125,682,341.83","4,503,626,300.00",N/A,"867,937,405.00","166,636,505,170.00","176,462","87,071","89,391","178,843","17,024","14,340","15,829","14,617","15,429","15,647","13,703","11,490","11,346","11,221","9,722","7,940","6,533","5,159","3,791","5,052","100,587","97,974","2,613","29,456","10,737","10,196","8,523",72.53,N/A,N/A,27.06,4.28,N/A,N/A,"47,060","15,196","31,864",,"510,269.00",19.53,11.22,"4,775,900.00","1,687,830.00","72,030.00","79,400.00","2,420.00","4,240.00","562,450.00","441,080.00","230,070.00","24,160.00","210,400.00","309,990.00","84,930.00","1,350.00","883,730.00","77,610.00","73,660.00","30,550.00"
308,NUSA TENGGARA TIMUR,MANGGARAI,"Herybertus Geradus Laju Nabit, S.E., M.A.","Fabianus Abu, S.Pd.","345,826","90,397",3.8,#DIV/0!,,34,0,186,3,223,,,,,,,,,,,,,,,,,,,,,,,,,,,,,,,,,,,,,,,,,,,,,,,,,,,,,,0,,,"345,826","35,697","34,022","33,705","30,910","30,270","31,441","26,397","22,426","19,682","18,276","16,824","15,065","11,994","8,344","5,516","5,257",0,,,0,,,,,,,,,,,"97,019","34,276","62,743",,,,,0.00,,,,,,,,,,,,,,,,,
309,NUSA TENGGARA TIMUR,ROTE NDAO,"Paulus Henuk, S.H.",Apremoi Dudelusy Dethan,"157,788","39,196",4.0,123,"1,280.10",58,0,61,0,119,Laut Sawu,Samudera Hindia,Selat Pukuafu,Laut Sawu,,195.82,11,126,N/A,N/A,N/A,3,2,N/A,2,3,3,4,N/A,3,,,,,,,,,,,,,,,,,,,,,,,,,,,,,,,,,,0,,,"157,788","16,520","16,838","16,240","13,561","12,238","11,185","11,738","11,770","10,593","9,027","6,802","5,485","4,826","3,794","3,181","3,990",0,,,0,,,,,,,,,,,"65,331","11,804","53,527",,,,,0.00,,,,,,,,,,,,,,,,,
310,NUSA TENGGARA TIMUR,MANGGARAI BARAT,"Edistasius Endi, S.E","dr. Yulianus Weng, M.Kes.","287,142","75,740",3.8,92,"3,129.00",25,0,144,0,169,Laut Flores,Laut Sawu,Selat Sape,Kabupaten Manggarai,,138.43,12,174,N/A,N/A,4,2,2,2,2,2,3,7,1,3,"1,236,441,986.00","274,289,469.00","192,855,903.00","71,596,738.00","4,087,384.00","5,749,444.00","955,501,267.00",N/A,N/A,N/A,N/A,N/A,N/A,N/A,N/A,N/A,N/A,"6,651,250.00",-,-,N/A,"860,690,536.00","519,034,070.00","321,679,073.00","10,758,486.00",-,"9,198,660.00","20,247.00","94,415,755.00","2,127,063.00","193,747,221.00","8,694,411.00","185,052,811.00","281,692","141,320","140,372","287,142","28,991","32,253","27,370","26,000","24,430","26,151","23,074","19,030","16,860","14,927","13,341","11,892","8,746","6,062","3,946","4,069","140,282","135,631","4,651","54,248","20,514","26,592","7,142",69.20,N/A,N/A,-,5.82,,,"61,883","20,013","41,870",,"477,226.00",49.55,16.09,"5,002,210.00","1,809,410.00","84,560.00","32,110.00","5,080.00",50.00,"744,370.00","617,080.00","297,580.00","59,990.00","316,060.00","48,260.00","174,860.00","11,390.00","578,130.00","145,790.00","72,410.00","5,080.00"
311,NUSA TENGGARA TIMUR,SUMBA TENGAH,Drs. Paulus Sekayu Karugu Limu,"Marthinus Umbu Djoka, S.H.","96,036","20,625",4.7,47,"2,060.54",2,0,63,0,65,Selat Sumba,Samudera Indonesia,Kabupaten Sumba Timur,Kabupaten Sumba Barat,,87.13,6,65,N/A,N/A,1,2,2,N/A,N/A,2,3,3,N/A,2,"504,644,281.98","14,163,071.43","5,467,045.09","3,051,021.35","4,671,142.12","973,862.88",N/A,"2,229,856.00","1,167,164.00","333,239,140.98","127,079,261.68",N/A,-,N/A,N/A,"17,223,056.63","200,000.00",N/A,-,-,"9,342,731.25",N/A,"256,553,382.06","151,164,490.83",0.00,0.00,"9,226,925.50","21,140,000.00","49,051,711.43",-,N/A,"1,087,482.55","83,722,304.84","94,187","48,274","45,913","96,036","10,529","11,739","9,443","8,804","7,898","7,894","7,292","6,484","5,571","4,898","4,221","3,335","2,618","2,020","1,481","1,809","48,790","47,574","1,216","14,276","4,864","7,456","1,956",65.29,N/A,N/A,"17,674.00",5.07,,,"39,786","8,859","30,927",,"397,817.00",22.81,29.23,"1,664,440.00","691,330.00","51,970.00","12,300.00",100.00,130.00,"53,690.00","95,000.00","8,520.00","1,720.00","80,770.00","22,970.00","51,200.00",140.00,"444,300.00","138,050.00","9,010.00","3,240.00"
312,NUSA TENGGARA TIMUR,NAGEKEO,"Simplisius Donatus, S.H.",Gonzalo Muga Sada,"172,974","38,750",4.5,#DIV/0!,,11,5,97,0,113,,,,,,,,,,,,,,,,,,,,,,,,,,,,,,,,,,,,,,,,,,,,,,,,,,,,,,0,,,"172,974","15,353","14,812","15,233","13,712","13,732","14,378","13,970","11,759","11,441","10,926","9,523","8,065","6,313","5,159","3,955","4,643",0,,,0,,,,,,,,,,,"51,473","16,981","34,492",,,,,0.00,,,,,,,,,,,,,,,,,
313,NUSA TENGGARA TIMUR,KOTA KUPANG,dr. Christian Widodo,Serena Cosgrova Franscies,"490,393","91,428",5.4,#DIV/0!,,51,0,0,0,51,,,,,,,,,,,,,,,,,,,,,,,,,,,,,,,,,,,,,,,,,,,,,,,,,,,,,,0,,,"490,393","50,260","45,374","35,986","30,522","34,880","40,625","48,056","46,810","40,799","33,148","25,483","19,944","15,206","10,677","6,634","5,989",0,,,0,,,,,,,,,,,"83,837","26,307","57,530",,,,,0.00,,,,,,,,,,,,,,,,,
314,NUSA TENGGARA TIMUR,MANGGARAI TIMUR,"Agas Andreas, S.H., M.Hum.","Tarsisius Sjukur, S.Fil.","306,838","82,560",3.7,#DIV/0!,,3,0,173,0,176,,,,,,,,,,,,,,,,,,,,,,,,,,,,,,,,,,,,,,,,,,,,,,,,,,,,,,0,,,"306,838","32,164","28,677","29,141","27,620","25,447","26,785","23,264","19,783","18,675","17,961","15,976","14,048","11,026","7,456","4,501","4,314",0,,,0,,,,,,,,,,,"112,335","26,196","86,139",,,,,0.00,,,,,,,,,,,,,,,,,
315,KALIMANTAN BARAT,MELAWI,"H. Dadi Sunarya Usfa Yursa, A.Md.","Malin, S.H.","250,492","67,062",3.7,#DIV/0!,,169,0,0,0,169,,,,,,,,,,,,,,,,,,,,,,,,,,,,,,,,,,,,,,,,,,,,,,,,,,,,,,0,,,"250,492","22,728","18,812","17,624","19,404","20,473","20,782","20,766","21,276","19,690","17,992","14,580","12,321","9,257","6,815","4,281","3,691",0,,,0,,,,,,,,,,,"42,793","13,829","28,964",,,,,0.00,,,,,,,,,,,,,,,,,
316,KALIMANTAN BARAT,KAYONG UTARA,"Romi Wijaya, S.S., M.Si.",Amru Chanwari,"139,479","35,918",3.9,#DIV/0!,,33,0,10,0,43,,,,,,,,,,,,,,,,,,,,,,,,,,,,,,,,,,,,,,,,,,,,,,,,,,,,,,0,,,"139,479","12,730","11,606","10,383","11,927","11,978","11,821","11,444","10,951","10,538","9,160","7,718","6,155","4,887","3,629","2,487","2,065",0,,,0,,,,,,,,,,,"29,288","9,469","19,819",,,,,0.00,,,,,,,,,,,,,,,,,
317,KALIMANTAN BARAT,SAMBAS,"H. Satono, S.Sos.I., M.H.","H. Heroaldi Djuhardi Alwi, S.T., M.T.","667,834","189,502",3.5,#DIV/0!,,188,0,7,0,195,,,,,,,,,,,,,,,,,,,,,,,,,,,,,,,,,,,,,,,,,,,,,,,,,,,,,,0,,,"667,834","56,566","56,053","55,918","56,305","53,622","50,123","47,394","47,877","49,296","46,405","41,599","32,722","25,565","20,268","14,882","13,239",0,,,0,,,,,,,,,,,"141,093","47,083","94,010",,,,,0.00,,,,,,,,,,,,,,,,,
318,KALIMANTAN BARAT,BENGKAYANG,"Sebastianus Darwis, S.E., M.M.",Drs. H. Syamsul Rizal,"312,147","73,486",4.2,#DIV/0!,,25,0,99,0,124,,,,,,,,,,,,,,,,,,,,,,,,,,,,,,,,,,,,,,,,,,,,,,,,,,,,,,0,,,"312,147","27,150","25,746","25,504","26,089","26,583","26,759","25,897","25,815","22,724","20,201","17,159","13,505","10,578","8,018","5,495","4,924",0,,,0,,,,,,,,,,,"65,552","25,051","40,501",,,,,0.00,,,,,,,,,,,,,,,,,
319,KALIMANTAN BARAT,LANDAK,"dr. Karolin Margret Natasa, M.H.","Erani, S.T., M.T.","429,744","112,042",3.8,#DIV/0!,,62,1,93,0,156,,,,,,,,,,,,,,,,,,,,,,,,,,,,,,,,,,,,,,,,,,,,,,,,,,,,,,0,,,"429,744","37,765","36,234","35,448","34,489","35,517","37,109","36,140","35,542","30,975","27,278","23,406","19,150","15,177","11,659","7,417","6,438",0,,,0,,,,,,,,,,,"89,687","28,706","60,981",,,,,0.00,,,,,,,,,,,,,,,,,
320,KALIMANTAN BARAT,MEMPAWAH,"Hj. Erlina, S.H., M.H.","H. Juli Suryadi Burdadi, S.H., M.Si.","324,456","81,668",4.0,#DIV/0!,,60,0,7,0,67,,,,,,,,,,,,,,,,,,,,,,,,,,,,,,,,,,,,,,,,,,,,,,,,,,,,,,0,,,"324,456","27,784","26,710","24,756","24,837","26,633","28,326","26,524","24,501","23,101","21,289","18,728","15,260","12,649","9,678","6,953","6,727",0,,,0,,,,,,,,,,,"71,133","27,663","43,470",,,,,0.00,,,,,,,,,,,,,,,,,
321,KALIMANTAN BARAT,SANGGAU,"Drs. Yohanes Ontot, M.Si.","Susana Herpena, S.Sos.","522,799","140,402",3.7,#DIV/0!,,112,2,61,0,175,,,,,,,,,,,,,,,,,,,,,,,,,,,,,,,,,,,,,,,,,,,,,,,,,,,,,,0,,,"522,799","44,225","41,253","39,863","39,821","41,076","43,451","41,076","40,998","38,891","37,192","32,717","26,436","21,830","16,032","10,305","7,633",0,,,0,,,,,,,,,,,"63,103","20,649","42,454",,,,,0.00,,,,,,,,,,,,,,,,,
322,KALIMANTAN BARAT,KETAPANG,"Alexander Wilyo, S.STP., M.Si.","Jamhuri Amir, S.H.","613,999","162,217",3.8,#DIV/0!,,118,0,144,0,262,,,,,,,,,,,,,,,,,,,,,,,,,,,,,,,,,,,,,,,,,,,,,,,,,,,,,,0,,,"613,999","53,466","46,681","45,381","48,751","53,310","51,043","52,164","49,936","46,505","42,270","36,538","30,791","22,973","15,761","9,864","8,565",0,,,0,,,,,,,,,,,"114,185","34,727","79,458",,,,,0.00,,,,,,,,,,,,,,,,,
323,KALIMANTAN BARAT,SINTANG,Gregorius Herkulanus Bala,Florensius Ronny,"454,581","134,863",3.4,#DIV/0!,,366,1,40,0,407,,,,,,,,,,,,,,,,,,,,,,,,,,,,,,,,,,,,,,,,,,,,,,,,,,,,,,0,,,"454,581","39,762","38,051","37,457","38,074","36,226","36,045","36,803","36,713","33,522","31,187","26,218","21,008","16,270","11,850","8,080","7,315",0,,,0,,,,,,,,,,,"79,737","25,446","54,291",,,,,0.00,,,,,,,,,,,,,,,,,
324,KALIMANTAN BARAT,KAPUAS HULU,"Fransiskus Diaan, S.H., M.H.",Sukardi,"272,260","82,967",3.3,#DIV/0!,,187,0,95,0,282,,,,,,,,,,,,,,,,,,,,,,,,,,,,,,,,,,,,,,,,,,,,,,,,,,,,,,0,,,"272,260","22,861","22,417","21,392","22,578","22,254","21,053","20,782","20,648","20,165","19,006","17,138","14,188","10,977","7,807","4,936","4,058",0,,,0,,,,,,,,,,,"93,161","36,377","56,784",,,,,0.00,,,,,,,,,,,,,,,,,
325,KALIMANTAN BARAT,SEKADAU,"Aron, S.H.","Subandrio, S.H., M.H.","227,866","62,102",3.7,#DIV/0!,,67,0,27,0,94,,,,,,,,,,,,,,,,,,,,,,,,,,,,,,,,,,,,,,,,,,,,,,,,,,,,,,0,,,"227,866","19,508","18,248","18,308","18,009","18,167","18,258","18,645","18,959","17,073","15,217","13,248","11,024","8,846","6,415","4,340","3,601",0,,,0,,,,,,,,,,,"29,354","9,029","20,325",,,,,0.00,,,,,,,,,,,,,,,,,
326,KALIMANTAN BARAT,KUBU RAYA,"H. Sujiwo, S.E., M.Sos.","H. Sukiryanto, S.Ag.","670,755","190,767",3.5,#DIV/0!,,128,0,0,0,128,,,,,,,,,,,,,,,,,,,,,,,,,,,,,,,,,,,,,,,,,,,,,,,,,,,,,,0,,,"670,755","59,170","56,033","54,628","54,633","52,487","57,693","56,964","52,854","47,518","43,067","38,248","32,396","25,639","17,412","11,487","10,526",0,,,0,,,,,,,,,,,"119,895","49,088","70,807",,,,,0.00,,,,,,,,,,,,,,,,,
327,KALIMANTAN BARAT,KOTA PONTIANAK,"Ir. H. Edi Rusdi Kamtono, M.T.","Bahasan, S.H.","690,969","207,691",3.3,#DIV/0!,,29,0,0,0,29,,,,,,,,,,,,,,,,,,,,,,,,,,,,,,,,,,,,,,,,,,,,,,,,,,,,,,0,,,"690,969","53,213","55,975","54,246","54,040","53,567","55,547","54,013","51,519","51,149","47,509","43,515","36,415","29,395","21,257","15,282","14,327",0,,,0,,,,,,,,,,,"130,929","52,656","78,273",,,,,0.00,,,,,,,,,,,,,,,,,
328,KALIMANTAN BARAT,KOTA SINGKAWANG,"Tjhai Chui Mie, S.E., M.H.","Muhammadin, S.E., M.H.","257,574","75,629",3.4,#DIV/0!,,21,0,5,0,26,,,,,,,,,,,,,,,,,,,,,,,,,,,,,,,,,,,,,,,,,,,,,,,,,,,,,,0,,,"257,574","22,998","23,641","21,417","20,583","19,530","20,664","22,021","20,511","18,191","15,977","13,891","11,247","9,402","7,254","5,283","4,964",0,,,0,,,,,,,,,,,"68,083","29,281","38,802",,,,,0.00,,,,,,,,,,,,,,,,,
329,KALIMANTAN TENGAH,PULANG PISAU,"H. Ahmad Rifa'i, S.Kom., M.Si.","Ahmad Jayadikarta, S.I.P., M.A.P.","142,028","43,771",3.2,#DIV/0!,,99,0,0,0,99,,,,,,,,,,,,,,,,,,,,,,,,,,,,,,,,,,,,,,,,,,,,,,,,,,,,,,0,,,"142,028","11,538","11,606","11,325","11,366","10,991","11,690","11,470","10,565","10,161","9,425","8,452","6,899","5,768","4,355","3,098","3,319",0,,,0,,,,,,,,,,,"24,609","9,906","14,703",,,,,0.00,,,,,,,,,,,,,,,,,
330,KALIMANTAN TENGAH,GUNUNG MAS,"Jaya Samaya Monong, S.E., M.Si.","Ir. Efrensia L.P. Umbing, M.Si.","150,923","36,552",4.1,#DIV/0!,,1,1,126,0,128,,,,,,,,,,,,,,,,,,,,,,,,,,,,,,,,,,,,,,,,,,,,,,,,,,,,,,0,,,"150,923","14,398","12,501","12,126","12,006","13,639","13,315","14,001","13,091","11,318","9,376","7,653","5,893","4,363","3,072","2,036","2,135",0,,,0,,,,,,,,,,,"24,956","9,837","15,119",,,,,0.00,,,,,,,,,,,,,,,,,
331,KALIMANTAN TENGAH,KOTAWARINGIN BARAT,"Hj. Nurhidayah, S.H., M.H.","Suyanto, S.H., M.H.","288,560","87,242",3.3,#DIV/0!,,97,0,0,0,97,,,,,,,,,,,,,,,,,,,,,,,,,,,,,,,,,,,,,,,,,,,,,,,,,,,,,,0,,,"288,560","24,100","25,142","22,744","22,441","20,905","22,610","22,611","21,930","22,186","21,496","18,885","15,067","11,684","7,780","4,805","4,174",0,,,0,,,,,,,,,,,"29,562","9,753","19,809",,,,,0.00,,,,,,,,,,,,,,,,,
332,KALIMANTAN TENGAH,KOTAWARINGIN TIMUR,"H. Halikinnor, S.H., M.M.","Irawati, S.Pd.","457,424","132,525",3.5,#DIV/0!,,137,1,47,0,185,,,,,,,,,,,,,,,,,,,,,,,,,,,,,,,,,,,,,,,,,,,,,,,,,,,,,,0,,,"457,424","39,649","33,629","34,460","37,702","38,687","38,225","37,649","37,070","35,072","32,751","27,987","22,251","16,979","11,636","7,130","6,547",0,,,0,,,,,,,,,,,"78,520","28,027","50,493",,,,,0.00,,,,,,,,,,,,,,,,,
333,KALIMANTAN TENGAH,KAPUAS,"H. Muhammad Wiyatno, S.P.","Dodo, S.P.","439,795","117,706",3.7,#DIV/0!,,181,0,50,0,231,,,,,,,,,,,,,,,,,,,,,,,,,,,,,,,,,,,,,,,,,,,,,,,,,,,,,,0,,,"439,795","40,954","30,072","30,714","34,164","37,210","38,161","36,330","34,970","31,890","29,598","26,549","22,665","17,567","12,693","8,024","8,234",0,,,0,,,,,,,,,,,"79,705","31,813","47,892",,,,,0.00,,,,,,,,,,,,,,,,,
334,KALIMANTAN TENGAH,BARITO SELATAN,"H. Eddy Raya Samsuri, S.T.","Khristianto Yudha, S.T.","138,163","44,033",3.1,#DIV/0!,,56,0,37,0,93,,,,,,,,,,,,,,,,,,,,,,,,,,,,,,,,,,,,,,,,,,,,,,,,,,,,,,0,,,"138,163","11,372","10,888","9,703","10,566","11,611","11,332","10,385","10,169","10,060","9,888","9,082","7,510","5,933","4,370","2,752","2,542",0,,,0,,,,,,,,,,,"25,684","10,067","15,617",,,,,0.00,,,,,,,,,,,,,,,,,
335,KALIMANTAN TENGAH,BARITO UTARA,"H. Shalahuddin, S.T., M.T.",Felix Sonadie Y. Tingan,"166,579","51,050",3.3,#DIV/0!,,5,0,98,0,103,,,,,,,,,,,,,,,,,,,,,,,,,,,,,,,,,,,,,,,,,,,,,,,,,,,,,,0,,,"166,579","14,580","12,995","11,708","12,449","14,473","15,205","14,216","13,082","12,267","11,175","9,870","8,206","6,499","4,459","2,811","2,584",0,,,0,,,,,,,,,,,"19,191","6,848","12,343",,,,,0.00,,,,,,,,,,,,,,,,,
336,KALIMANTAN TENGAH,SUKAMARA,"H. Masduki, S.T.","Nur Effendi, S.H.","70,142","20,796",3.4,#DIV/0!,,27,0,5,0,32,,,,,,,,,,,,,,,,,,,,,,,,,,,,,,,,,,,,,,,,,,,,,,,,,,,,,,0,,,"70,142","5,982","5,841","5,244","5,358","5,734","6,073","5,938","6,042","5,834","5,091","4,230","3,237","2,330","1,513",894,801,0,,,0,,,,,,,,,,,"8,989","2,979","6,010",,,,,0.00,,,,,,,,,,,,,,,,,
337,KALIMANTAN TENGAH,LAMANDAU,"Rizky Aditya Putra, S.E., M.M.","Abdul Hamid, S.Pd.I.","106,700","35,496",3.0,#DIV/0!,,24,0,66,0,90,,,,,,,,,,,,,,,,,,,,,,,,,,,,,,,,,,,,,,,,,,,,,,,,,,,,,,0,,,"106,700","8,887","8,830","8,122","7,448","7,429","8,951","9,658","9,578","9,057","8,121","6,397","4,894","3,667","2,482","1,603","1,576",0,,,0,,,,,,,,,,,"7,542","2,135","5,407",,,,,0.00,,,,,,,,,,,,,,,,,
338,KALIMANTAN TENGAH,SERUYAN,"Ahmad Selanorwanda, S.E., M.Si.","H. Supian, S.Ag.","180,308","50,850",3.5,#DIV/0!,,100,0,0,0,100,,,,,,,,,,,,,,,,,,,,,,,,,,,,,,,,,,,,,,,,,,,,,,,,,,,,,,0,,,"180,308","15,118","14,796","14,389","14,658","14,721","14,682","14,899","15,895","15,122","13,537","11,173","8,062","5,589","3,657","2,123","1,887",0,,,0,,,,,,,,,,,"56,877","22,243","34,634",,,,,0.00,,,,,,,,,,,,,,,,,
339,KALIMANTAN TENGAH,KATINGAN,"Saiful, S.Pd., M.Si.","Firdaus, S.T.","176,764","51,757",3.4,#DIV/0!,,112,0,49,0,161,,,,,,,,,,,,,,,,,,,,,,,,,,,,,,,,,,,,,,,,,,,,,,,,,,,,,,0,,,"176,764","16,205","14,811","14,780","15,527","15,011","13,662","13,724","13,747","12,843","11,916","10,404","8,314","6,403","4,174","2,658","2,585",0,,,0,,,,,,,,,,,"17,389","5,819","11,570",,,,,0.00,,,,,,,,,,,,,,,,,
340,KALIMANTAN TENGAH,BARITO TIMUR,"M. Yamin, F.S., S.E.","H. Juana, S.E.","121,622","34,093",3.6,#DIV/0!,,69,0,34,0,103,,,,,,,,,,,,,,,,,,,,,,,,,,,,,,,,,,,,,,,,,,,,,,,,,,,,,,0,,,"121,622","10,100","8,951","8,428","9,275","10,101","10,341","9,514","9,190","9,128","8,778","8,016","6,638","5,057","3,555","2,348","2,202",0,,,0,,,,,,,,,,,"17,876","5,569","12,307",,,,,0.00,,,,,,,,,,,,,,,,,
341,KALIMANTAN TENGAH,MURUNG RAYA,"Heriyus M. Yoseph, S.E.","Rahmanto Muhidin, S.H.I., M.H.","121,996","36,261",3.4,#DIV/0!,,21,1,103,0,125,,,,,,,,,,,,,,,,,,,,,,,,,,,,,,,,,,,,,,,,,,,,,,,,,,,,,,0,,,"121,996","11,948","10,094","9,982","10,988","11,463","11,067","9,680","9,481","8,913","7,844","6,461","4,869","3,666","2,589","1,514","1,437",0,,,0,,,,,,,,,,,"19,298","6,741","12,557",,,,,0.00,,,,,,,,,,,,,,,,,
342,KALIMANTAN TENGAH,KOTA PALANGKA RAYA,"Fairid Naparin, S.E.","H. Achmad Zaini, S.E., M.M.","318,540","87,035",3.7,#DIV/0!,,30,0,0,0,30,,,,,,,,,,,,,,,,,,,,,,,,,,,,,,,,,,,,,,,,,,,,,,,,,,,,,,0,,,"318,540","28,207","25,884","24,115","25,381","24,747","27,677","27,336","25,353","22,598","21,227","18,824","15,167","12,393","8,722","5,748","5,161",0,,,0,,,,,,,,,,,"27,015","9,181","17,834",,,,,0.00,,,,,,,,,,,,,,,,,
343,KALIMANTAN SELATAN,TANAH BUMBU,"Andi Rudi Latif, A.Md.T.","H. Bahsanuddin, S.Sos., M.Si.","352,072","99,977",3.5,#DIV/0!,,147,0,10,0,157,,,,,,,,,,,,,,,,,,,,,,,,,,,,,,,,,,,,,,,,,,,,,,,,,,,,,,0,,,"352,072","31,314","33,582","36,288","29,899","23,376","25,403","27,820","27,439","26,619","24,422","20,320","15,706","11,819","8,083","5,561","4,421",0,,,0,,,,,,,,,,,"38,441","12,563","25,878",,,,,0.00,,,,,,,,,,,,,,,,,
344,KALIMANTAN SELATAN,BALANGAN,"H. Abdul Hadi, S.Ag., M.I.Kom.",H. Akhmad Fauzi,"142,029","45,331",3.1,#DIV/0!,,121,0,24,11,156,,,,,,,,,,,,,,,,,,,,,,,,,,,,,,,,,,,,,,,,,,,,,,,,,,,,,,0,,,"142,029","12,457","12,164","13,232","11,455","10,921","11,473","11,347","11,442","9,908","9,005","7,828","7,031","5,643","4,075","2,317","1,731",0,,,0,,,,,,,,,,,"24,805","9,575","15,230",,,,,0.00,,,,,,,,,,,,,,,,,
345,KALIMANTAN SELATAN,TANAH LAUT,"H. Rahmat Trianto, S.H., M.H.",H. Muhammad Zazuli,"372,716","117,304",3.2,#DIV/0!,,112,0,23,0,135,,,,,,,,,,,,,,,,,,,,,,,,,,,,,,,,,,,,,,,,,,,,,,,,,,,,,,0,,,"372,716","29,440","31,373","33,558","29,678","27,669","27,905","28,187","28,414","28,394","26,758","23,142","18,926","15,120","10,824","7,297","6,031",0,,,0,,,,,,,,,,,"83,838","34,727","49,111",,,,,0.00,,,,,,,,,,,,,,,,,
346,KALIMANTAN SELATAN,KOTABARU,"H. Muhammad Rusli, S.Sos.","Syaheri Bachtiar, S.T.","352,736","89,846",3.9,#DIV/0!,,120,0,82,0,202,,,,,,,,,,,,,,,,,,,,,,,,,,,,,,,,,,,,,,,,,,,,,,,,,,,,,,0,,,"352,736","33,008","28,034","31,696","31,004","29,998","28,019","25,767","25,404","25,797","24,396","21,361","17,304","12,645","8,414","5,392","4,497",0,,,0,,,,,,,,,,,"41,361","15,398","25,963",,,,,0.00,,,,,,,,,,,,,,,,,
347,KALIMANTAN SELATAN,BANJAR,"H. Saidi Mansyur, S.I.Kom.",Said Idrus Al Habsyi,"618,481","185,573",3.3,#DIV/0!,,262,0,28,0,290,,,,,,,,,,,,,,,,,,,,,,,,,,,,,,,,,,,,,,,,,,,,,,,,,,,,,,0,,,"618,481","51,725","50,035","54,301","47,026","45,661","46,954","49,029","48,227","46,312","43,978","38,538","32,122","25,314","18,256","11,661","9,342",0,,,0,,,,,,,,,,,"52,915","18,287","34,628",,,,,0.00,,,,,,,,,,,,,,,,,
348,KALIMANTAN SELATAN,BARITO KUALA,"H. Bahrul Ilmi, S.H., M.H.","Herman Susilo, S.P.","340,257","107,340",3.2,#DIV/0!,,201,0,0,0,201,,,,,,,,,,,,,,,,,,,,,,,,,,,,,,,,,,,,,,,,,,,,,,,,,,,,,,0,,,"340,257","28,080","26,801","30,027","27,018","26,072","25,169","25,471","25,274","25,195","24,680","21,708","18,536","14,326","10,061","6,642","5,197",0,,,0,,,,,,,,,,,"57,028","21,527","35,501",,,,,0.00,,,,,,,,,,,,,,,,,
349,KALIMANTAN SELATAN,TAPIN,"H. Yamani, S.A.K.","H. Juanda, S.E.","203,482","67,426",3.0,#DIV/0!,,135,0,0,0,135,,,,,,,,,,,,,,,,,,,,,,,,,,,,,,,,,,,,,,,,,,,,,,,,,,,,,,0,,,"203,482","15,983","16,643","18,648","15,840","13,941","15,271","15,810","15,838","15,099","14,104","12,852","11,027","8,732","6,372","4,073","3,249",0,,,0,,,,,,,,,,,"23,391","8,575","14,816",,,,,0.00,,,,,,,,,,,,,,,,,
350,KALIMANTAN SELATAN,HULU SUNGAI SELATAN,"H. Syafrudin Noor, S.E., S.Sos.","Suriani, S.Sos., M.A.P.","244,223","82,878",2.9,#DIV/0!,,127,0,21,0,148,,,,,,,,,,,,,,,,,,,,,,,,,,,,,,,,,,,,,,,,,,,,,,,,,,,,,,0,,,"244,223","19,783","19,476","20,663","18,959","18,664","19,120","18,370","17,887","16,517","16,033","15,468","13,784","11,227","8,258","5,319","4,695",0,,,0,,,,,,,,,,,"58,445","22,458","35,987",,,,,0.00,,,,,,,,,,,,,,,,,
351,KALIMANTAN SELATAN,HULU SUNGAI TENGAH,H. Samsul Rizal,Gusti Rosyadi Elmi,"273,672","93,930",2.9,#DIV/0!,,143,0,26,0,169,,,,,,,,,,,,,,,,,,,,,,,,,,,,,,,,,,,,,,,,,,,,,,,,,,,,,,0,,,"273,672","21,740","21,694","22,929","20,747","21,685","21,529","20,154","19,371","17,379","17,678","17,301","16,086","13,698","10,126","6,211","5,344",0,,,0,,,,,,,,,,,"59,637","21,304","38,333",,,,,0.00,,,,,,,,,,,,,,,,,
352,KALIMANTAN SELATAN,HULU SUNGAI UTARA,H. Sahrujani,"Hero Setiawan, S.Pd., M.M.","242,092","76,004",3.2,#DIV/0!,,219,0,0,0,219,,,,,,,,,,,,,,,,,,,,,,,,,,,,,,,,,,,,,,,,,,,,,,,,,,,,,,0,,,"242,092","20,823","20,591","21,282","19,018","19,035","18,603","18,378","18,504","16,666","15,453","14,273","12,261","10,189","7,632","5,291","4,093",0,,,0,,,,,,,,,,,"65,847","24,503","41,344",,,,,0.00,,,,,,,,,,,,,,,,,
353,KALIMANTAN SELATAN,TABALONG,H. Norhasani,H. Gusti Kadarusman,"273,602","81,171",3.4,#DIV/0!,,131,0,0,0,131,,,,,,,,,,,,,,,,,,,,,,,,,,,,,,,,,,,,,,,,,,,,,,,,,,,,,,0,,,"273,602","22,417","24,321","24,821","21,160","19,693","21,328","21,895","22,337","19,767","18,392","16,548","13,547","10,954","7,769","5,031","3,622",0,,,0,,,,,,,,,,,"64,190","25,145","39,045",,,,,0.00,,,,,,,,,,,,,,,,,
354,KALIMANTAN SELATAN,KOTA BANJARMASIN,"H. Mukhyar, M.A.P.","H. Awan Subarkah, S.T.","672,668","221,501",3.0,#DIV/0!,,52,0,0,0,52,,,,,,,,,,,,,,,,,,,,,,,,,,,,,,,,,,,,,,,,,,,,,,,,,,,,,,0,,,"672,668","51,296","53,044","58,412","53,429","51,953","51,142","47,464","47,008","47,222","47,073","43,789","37,718","31,324","22,759","16,159","12,876",0,,,0,,,,,,,,,,,"111,563","39,896","71,667",,,,,0.00,,,,,,,,,,,,,,,,,
355,KALIMANTAN SELATAN,KOTA BANJARBARU,Erna Lisa Halaby,"Wartono, S.E.","284,079","89,719",3.2,#DIV/0!,,20,0,0,0,20,,,,,,,,,,,,,,,,,,,,,,,,,,,,,,,,,,,,,,,,,,,,,,,,,,,,,,0,,,"284,079","22,923","25,458","25,456","21,146","19,923","22,843","22,563","21,823","21,070","20,579","18,299","14,559","11,384","7,701","4,983","3,369",0,,,0,,,,,,,,,,,"33,799","12,934","20,865",,,,,0.00,,,,,,,,,,,,,,,,,
356,KALIMANTAN TIMUR,MAHAKAM ULU,"Owena Mayang Shari Belawan, S.KG.","Stanislaus Liah, S.E.","35,245","11,399",3.1,#DIV/0!,,10,0,40,0,50,,,,,,,,,,,,,,,,,,,,,,,,,,,,,,,,,,,,,,,,,,,,,,,,,,,,,,0,,,"35,245","3,431","2,393","2,481","2,608","2,877","3,538","3,435","2,670","2,437","2,239","1,814","1,531","1,352","1,008",659,772,0,,,0,,,,,,,,,,,"5,673","1,819","3,854",,,,,0.00,,,,,,,,,,,,,,,,,
357,KALIMANTAN TIMUR,PASER,Fahmi Fadli,"Ikhwan Antasari, S.E.","292,393","97,101",3.0,#DIV/0!,,62,0,81,1,144,,,,,,,,,,,,,,,,,,,,,,,,,,,,,,,,,,,,,,,,,,,,,,,,,,,,,,0,,,"292,393","24,312","24,201","22,397","22,732","23,157","23,540","23,441","23,934","22,301","20,719","18,209","14,677","11,604","7,960","4,779","4,430",0,,,0,,,,,,,,,,,"61,455","20,100","41,355",,,,,0.00,,,,,,,,,,,,,,,,,
358,KALIMANTAN TIMUR,KUTAI BARAT,"Frederick Edwin, S.E.","Nanang Adriani, P.K.P., M.Si.","181,813","53,995",3.4,#DIV/0!,,97,0,97,0,194,,,,,,,,,,,,,,,,,,,,,,,,,,,,,,,,,,,,,,,,,,,,,,,,,,,,,,0,,,"181,813","15,366","12,674","13,485","14,557","15,549","15,566","14,632","13,977","13,823","13,288","11,720","9,032","6,937","4,953","3,141","3,113",0,,,0,,,,,,,,,,,"30,874","10,676","20,198",,,,,0.00,,,,,,,,,,,,,,,,,
359,KALIMANTAN TIMUR,KUTAI KARTANEGARA,"Aulia Rahman Basri, S.T., M.Eng.",Rendi Solihin,"897,918","230,053",3.9,#DIV/0!,,184,0,56,0,240,,,,,,,,,,,,,,,,,,,,,,,,,,,,,,,,,,,,,,,,,,,,,,,,,,,,,,0,,,"897,918","65,811","70,391","70,376","74,289","83,659","85,836","78,600","70,890","65,110","59,664","51,884","41,530","31,124","21,565","13,429","13,760",0,,,0,,,,,,,,,,,"166,350","57,540","108,810",,,,,0.00,,,,,,,,,,,,,,,,,
360,KALIMANTAN TIMUR,KUTAI TIMUR,"Ardiansyah Sulaiman, M.Si.","Mahyunadi, S.E., M.Si.","477,695","119,020",4.0,#DIV/0!,,79,0,73,0,152,,,,,,,,,,,,,,,,,,,,,,,,,,,,,,,,,,,,,,,,,,,,,,,,,,,,,,0,,,"477,695","41,074","34,008","36,444","39,122","41,262","41,348","43,025","43,925","38,743","33,932","28,617","21,805","14,792","9,318","5,293","4,987",0,,,0,,,,,,,,,,,"65,475","20,978","44,497",,,,,0.00,,,,,,,,,,,,,,,,,
361,KALIMANTAN TIMUR,BERAU,"Sri Juniarsih Mas, M.Pd.","Gamalis, S.E.","268,689","89,421",3.0,#DIV/0!,,43,0,67,0,110,,,,,,,,,,,,,,,,,,,,,,,,,,,,,,,,,,,,,,,,,,,,,,,,,,,,,,0,,,"268,689","23,128","21,756","21,338","21,386","20,989","22,514","23,295","22,862","20,722","19,289","16,601","13,106","9,067","5,772","3,537","3,327",0,,,0,,,,,,,,,,,"44,398","16,265","28,133",,,,,0.00,,,,,,,,,,,,,,,,,
362,KALIMANTAN TIMUR,PENAJAM PASER UTARA,"Mudyat Noor, S.T.","Abdul Waris Muin, S.A.P.","523,288","57,873",9.0,#DIV/0!,,31,0,23,0,54,,,,,,,,,,,,,,,,,,,,,,,,,,,,,,,,,,,,,,,,,,,,,,,,,,,,,,0,,,"523,288","32,204","35,313","31,816","34,724","61,860","78,559","68,073","49,229","36,949","28,207","21,333","15,945","11,224","7,202","4,852","5,798",0,,,0,,,,,,,,,,,"52,582","20,348","32,234",,,,,0.00,,,,,,,,,,,,,,,,,
363,KALIMANTAN TIMUR,KOTA BALIKPAPAN,"H. Rahmad Mas'ud, S.E., M.E.","Bagus Susetyo, S.T., M.M.","735,912","252,465",2.9,#DIV/0!,,12,0,22,0,34,,,,,,,,,,,,,,,,,,,,,,,,,,,,,,,,,,,,,,,,,,,,,,,,,,,,,,0,,,"735,912","57,343","59,998","54,586","56,508","56,716","59,056","59,427","58,253","55,672","52,739","46,077","37,454","30,744","22,588","15,316","13,435",0,,,0,,,,,,,,,,,"89,978","35,154","54,824",,,,,0.00,,,,,,,,,,,,,,,,,
364,KALIMANTAN TIMUR,KOTA SAMARINDA,"Dr. H. Andi Harun, S.T., S.H., M.Si.","Saefuddin Zuhri, S.E.","872,306","269,598",3.2,#DIV/0!,,46,0,13,0,59,,,,,,,,,,,,,,,,,,,,,,,,,,,,,,,,,,,,,,,,,,,,,,,,,,,,,,0,,,"872,306","67,494","63,572","65,014","70,003","72,711","71,277","67,615","66,775","65,396","61,949","56,214","47,875","38,412","26,409","16,305","15,285",0,,,0,,,,,,,,,,,"152,484","58,595","93,889",,,,,0.00,,,,,,,,,,,,,,,,,
365,KALIMANTAN TIMUR,KOTA BONTANG,"Neni Moerniaeni, Sp.OG.","Agus Haris, S.E.","193,097","62,044",3.1,#DIV/0!,,15,0,0,0,15,,,,,,,,,,,,,,,,,,,,,,,,,,,,,,,,,,,,,,,,,,,,,,,,,,,,,,0,,,"193,097","16,689","17,240","14,595","14,876","16,402","17,496","17,576","15,854","13,377","12,031","10,270","9,233","7,620","4,947","2,831","2,060",0,,,0,,,,,,,,,,,"28,652","10,982","17,670",,,,,0.00,,,,,,,,,,,,,,,,,
366,KALIMANTAN UTARA,MALINAU,"Wempi W. Mawa, S.E., M.H.","Jakaria, S.E., M.Si.","88,445","22,995",3.8,#DIV/0!,,21,6,82,0,109,,,,,,,,,,,,,,,,,,,,,,,,,,,,,,,,,,,,,,,,,,,,,,,,,,,,,,0,,,"88,445","7,812","7,030","6,724","7,464","7,882","7,667","7,586","7,418","6,604","5,974","5,067","3,757","2,856","1,900","1,289","1,415",0,,,0,,,,,,,,,,,"11,675","3,737","7,938",,,,,0.00,,,,,,,,,,,,,,,,,
367,KALIMANTAN UTARA,BULUNGAN,"Syarwani, S.Pd., M.Si.","Kilat, A.Md.","164,536","48,882",3.4,#DIV/0!,,25,0,56,0,81,,,,,,,,,,,,,,,,,,,,,,,,,,,,,,,,,,,,,,,,,,,,,,,,,,,,,,0,,,"164,536","14,020","12,738","11,969","13,325","14,063","13,924","13,484","13,270","12,480","11,302","9,966","7,903","6,262","4,364","2,785","2,681",0,,,0,,,,,,,,,,,"33,544","10,804","22,740",,,,,0.00,,,,,,,,,,,,,,,,,
368,KALIMANTAN UTARA,TANA TIDUNG,"Ibrahim Ali, A.Md.",Sabri,"29,486","8,756",3.4,#DIV/0!,,23,0,9,0,32,,,,,,,,,,,,,,,,,,,,,,,,,,,,,,,,,,,,,,,,,,,,,,,,,,,,,,0,,,"29,486","3,057","2,704","2,420","2,301","2,288","2,217","2,315","2,538","2,388","2,101","1,711","1,299",902,579,330,336,0,,,0,,,,,,,,,,,"5,384","1,849","3,535",,,,,0.00,,,,,,,,,,,,,,,,,
369,KALIMANTAN UTARA,NUNUKAN,"H. Irwan Sabri, S.E.","Hermanus, S.Sos.","216,970","62,495",3.5,#DIV/0!,,134,2,106,0,242,,,,,,,,,,,,,,,,,,,,,,,,,,,,,,,,,,,,,,,,,,,,,,,,,,,,,,0,,,"216,970","19,165","16,140","15,626","18,140","18,836","18,981","18,365","17,434","15,840","14,709","13,136","10,770","8,103","5,419","3,142","3,164",0,,,0,,,,,,,,,,,"44,674","16,438","28,236",,,,,0.00,,,,,,,,,,,,,,,,,
370,KALIMANTAN UTARA,KOTA TARAKAN,"Dr. H. Khairul, M.Kes.","Ibnu Saud, S.E.","259,336","81,460",3.2,#DIV/0!,,19,0,1,0,20,,,,,,,,,,,,,,,,,,,,,,,,,,,,,,,,,,,,,,,,,,,,,,,,,,,,,,0,,,"259,336","22,315","21,653","19,492","21,684","21,838","21,488","20,886","20,374","19,796","18,301","15,449","12,316","9,390","6,523","4,254","3,577",0,,,0,,,,,,,,,,,"47,872","17,358","30,514",,,,,0.00,,,,,,,,,,,,,,,,,
371,SULAWESI UTARA,BOLAANG MONGONDOW SELATAN,"H. Iskandar Kamaru, S.Pt., M.Si.",Deddy Abdul Hamid,"74,490","21,043",3.5,#DIV/0!,,18,0,63,0,81,,,,,,,,,,,,,,,,,,,,,,,,,,,,,,,,,,,,,,,,,,,,,,,,,,,,,,0,,,"74,490","6,245","6,351","6,538","6,783","6,245","5,869","6,012","5,421","5,311","5,048","4,187","3,353","2,655","1,962","1,266","1,244",0,,,0,,,,,,,,,,,"23,553","8,100","15,453",,,,,0.00,,,,,,,,,,,,,,,,,
372,SULAWESI UTARA,BOLAANG MONGONDOW TIMUR,"Oskar Manoppo, S.E., M.M.",Argo Vinsensius Sumaiku,"94,242","24,348",3.9,#DIV/0!,,17,1,62,1,81,,,,,,,,,,,,,,,,,,,,,,,,,,,,,,,,,,,,,,,,,,,,,,,,,,,,,,0,,,"94,242","7,475","6,520","7,197","7,359","7,049","7,393","7,739","7,083","6,748","6,816","6,033","5,369","4,241","3,143","2,043","2,034",0,,,0,,,,,,,,,,,"10,488","3,425","7,063",,,,,0.00,,,,,,,,,,,,,,,,,
373,SULAWESI UTARA,BOLAANG MONGONDOW,"Dr. Yusra Alhabsyi, S.E.",Donny Lumenta,"261,398","72,714",3.6,#DIV/0!,,110,0,92,0,202,,,,,,,,,,,,,,,,,,,,,,,,,,,,,,,,,,,,,,,,,,,,,,,,,,,,,,0,,,"261,398","19,409","19,029","20,903","22,077","20,568","20,617","19,744","17,446","17,673","18,583","16,991","15,073","11,851","8,868","5,893","6,673",0,,,0,,,,,,,,,,,"40,642","12,063","28,579",,,,,0.00,,,,,,,,,,,,,,,,,
374,SULAWESI UTARA,MINAHASA,"Robby Dondokambey, S.Si., M.M.",Vanda Sarundajang,"356,624","105,653",3.4,#DIV/0!,,47,4,218,1,270,,,,,,,,,,,,,,,,,,,,,,,,,,,,,,,,,,,,,,,,,,,,,,,,,,,,,,0,,,"356,624","23,890","24,149","24,521","23,750","25,527","26,794","25,391","23,818","23,654","24,392","24,140","22,589","19,876","16,381","12,427","15,325",0,,,0,,,,,,,,,,,"86,512","29,128","57,384",,,,,0.00,,,,,,,,,,,,,,,,,
375,SULAWESI UTARA,KEPULAUAN SANGIHE,Rinny Tamuntuan,"Mario Seliang, S.E.","144,408","45,916",3.1,#DIV/0!,,31,4,127,5,167,,,,,,,,,,,,,,,,,,,,,,,,,,,,,,,,,,,,,,,,,,,,,,,,,,,,,,0,,,"144,408","10,305","8,916","9,883","9,619","9,481","10,397","11,801","11,743","10,702","9,769","9,275","8,815","8,303","6,391","4,297","4,711",0,,,0,,,,,,,,,,,"48,159","17,775","30,384",,,,,0.00,,,,,,,,,,,,,,,,,
376,SULAWESI UTARA,KEPULAUAN TALAUD,Welly Titah,Anisya Bambungan,"100,244","28,776",3.5,#DIV/0!,,49,1,103,0,153,,,,,,,,,,,,,,,,,,,,,,,,,,,,,,,,,,,,,,,,,,,,,,,,,,,,,,0,,,"100,244","7,602","6,783","7,313","7,611","7,265","7,724","7,683","7,766","7,189","7,422","6,225","5,192","4,794","3,995","2,719","2,961",0,,,0,,,,,,,,,,,"22,093","7,375","14,718",,,,,0.00,,,,,,,,,,,,,,,,,
377,SULAWESI UTARA,MINAHASA SELATAN,"Franky Donny Wongkar, S.H.","Brigjen TNI (Purn.) Theodorus Kawatu, S.I.P.","243,684","69,199",3.5,#DIV/0!,,21,1,156,0,178,,,,,,,,,,,,,,,,,,,,,,,,,,,,,,,,,,,,,,,,,,,,,,,,,,,,,,0,,,"243,684","16,927","16,870","17,867","17,826","18,561","18,732","17,226","15,725","15,176","16,619","16,375","15,018","12,615","10,624","8,026","9,497",0,,,0,,,,,,,,,,,"49,511","16,242","33,269",,,,,0.00,,,,,,,,,,,,,,,,,
378,SULAWESI UTARA,MINAHASA UTARA,"Joune J. E. Ganda, S.E., M.A.P., M.M., M.Si.","Kevin William Lotulung, S.H., M.H.","237,708","68,231",3.5,#DIV/0!,,33,0,97,1,131,,,,,,,,,,,,,,,,,,,,,,,,,,,,,,,,,,,,,,,,,,,,,,,,,,,,,,0,,,"237,708","17,391","16,917","17,903","17,826","17,596","18,411","18,495","17,989","16,704","16,377","14,899","13,531","11,381","8,976","6,559","6,753",0,,,0,,,,,,,,,,,"50,565","19,001","31,564",,,,,0.00,,,,,,,,,,,,,,,,,
379,SULAWESI UTARA,BOLAANG MONGONDOW UTARA,"Dr. Sirajudin Lasena, S.E., M.Si.","Moh. Aditya Pontoh, S.I.P.","89,348","26,242",3.4,#DIV/0!,,47,0,60,0,107,,,,,,,,,,,,,,,,,,,,,,,,,,,,,,,,,,,,,,,,,,,,,,,,,,,,,,0,,,"89,348","7,119","7,422","7,418","7,479","7,363","7,051","7,060","6,177","6,240","5,792","5,327","4,524","3,801","2,773","1,884","1,918",0,,,0,,,,,,,,,,,"15,447","4,698","10,749",,,,,0.00,,,,,,,,,,,,,,,,,
380,SULAWESI UTARA,SIAU TAGULANDANG BIARO,Chyntia Ingrid Kalangit,Heronimus Makainas,"74,938","22,425",3.3,#DIV/0!,,1,0,88,2,91,,,,,,,,,,,,,,,,,,,,,,,,,,,,,,,,,,,,,,,,,,,,,,,,,,,,,,0,,,"74,938","5,376","4,529","5,104","4,900","5,072","5,471","5,742","6,199","5,338","4,783","4,735","4,716","4,473","3,473","2,327","2,700",0,,,0,,,,,,,,,,,"17,373","5,987","11,386",,,,,0.00,,,,,,,,,,,,,,,,,
381,SULAWESI UTARA,MINAHASA TENGGARA,Ronald Kandoli,Fredy Tuda,"122,605","37,616",3.3,#DIV/0!,,21,1,122,0,144,,,,,,,,,,,,,,,,,,,,,,,,,,,,,,,,,,,,,,,,,,,,,,,,,,,,,,0,,,"122,605","9,462","9,897","9,811","9,872","9,682","9,742","8,909","7,896","7,557","8,075","7,805","7,136","5,743","4,301","3,140","3,577",0,,,0,,,,,,,,,,,"30,215","8,138","22,077",,,,,0.00,,,,,,,,,,,,,,,,,
382,SULAWESI UTARA,KOTA MANADO,Andrei Angouw,dr. Richard Henry Marten Sualang,"463,564","125,915",3.7,#DIV/0!,,40,10,36,1,87,,,,,,,,,,,,,,,,,,,,,,,,,,,,,,,,,,,,,,,,,,,,,,,,,,,,,,0,,,"463,564","33,788","34,190","34,137","32,328","32,603","34,681","35,825","36,500","34,229","31,439","28,970","27,116","23,730","18,414","12,515","13,099",0,,,0,,,,,,,,,,,"92,833","32,819","60,014",,,,,0.00,,,,,,,,,,,,,,,,,
383,SULAWESI UTARA,KOTA BITUNG,"Hengky Honandar, S.E.",Randito Maringka,"239,840","59,665",4.0,#DIV/0!,,12,0,57,0,69,,,,,,,,,,,,,,,,,,,,,,,,,,,,,,,,,,,,,,,,,,,,,,,,,,,,,,0,,,"239,840","18,488","18,047","18,734","18,949","18,525","18,624","18,648","18,502","18,213","17,337","15,535","13,052","10,138","7,580","4,863","4,605",0,,,0,,,,,,,,,,,"38,304","12,487","25,817",,,,,0.00,,,,,,,,,,,,,,,,,
384,SULAWESI UTARA,KOTA TOMOHON,"Caroll J. A. Senduk, S.H.","Sendy Gladys Adolfina Rumajar, S.E., M.I.Kom.","105,651","31,039",3.4,#DIV/0!,,1,1,42,0,44,,,,,,,,,,,,,,,,,,,,,,,,,,,,,,,,,,,,,,,,,,,,,,,,,,,,,,0,,,"105,651","7,466","8,021","7,600","7,187","7,594","7,787","7,517","7,522","7,080","7,061","7,281","6,562","5,516","4,330","3,283","3,844",0,,,0,,,,,,,,,,,"22,086","7,836","14,250",,,,,0.00,,,,,,,,,,,,,,,,,
385,SULAWESI UTARA,KOTA KOTAMOBAGU,"dr. Weny Gaib, Sp.M.","Rendy Virgiawan Mangkat, S.H., M.H.","131,721","41,904",3.1,#DIV/0!,,6,0,27,0,33,,,,,,,,,,,,,,,,,,,,,,,,,,,,,,,,,,,,,,,,,,,,,,,,,,,,,,0,,,"131,721","10,202","10,030","9,972","9,670","9,827","10,386","10,390","9,575","10,287","9,287","8,083","7,621","6,263","4,534","2,865","2,729",0,,,0,,,,,,,,,,,"13,347","3,506","9,841",,,,,0.00,,,,,,,,,,,,,,,,,
386,SULAWESI TENGAH,SIGI,"Mohamad Rizal Intjenae, S.Sos., M.Si.","Samuel Yansen Pongi, S.E., M.Si.","276,556","78,762",3.5,#DIV/0!,,55,2,120,0,177,,,,,,,,,,,,,,,,,,,,,,,,,,,,,,,,,,,,,,,,,,,,,,,,,,,,,,0,,,"276,556","22,891","23,353","23,163","23,230","22,155","21,264","21,151","20,721","19,842","18,751","16,804","13,918","10,905","8,008","5,371","5,029",0,,,0,,,,,,,,,,,"60,401","18,369","42,032",,,,,0.00,,,,,,,,,,,,,,,,,
387,SULAWESI TENGAH,BANGGAI LAUT,"Sofyan Kaepa, S.H.",Aksar Dg. Salangan,"75,832","22,172",3.4,#DIV/0!,,9,0,55,2,66,,,,,,,,,,,,,,,,,,,,,,,,,,,,,,,,,,,,,,,,,,,,,,,,,,,,,,0,,,"75,832","6,675","7,194","7,560","6,891","6,420","5,768","5,695","5,930","5,290","4,678","3,977","3,179","2,489","1,955","1,222",909,0,,,0,,,,,,,,,,,"27,638","9,095","18,543",,,,,0.00,,,,,,,,,,,,,,,,,
388,SULAWESI TENGAH,BANGGAI KEPULAUAN,"Rusli Moidady, S.T., M.T.",Serfi Kambey,"126,865","37,698",3.4,#DIV/0!,,39,1,104,0,144,,,,,,,,,,,,,,,,,,,,,,,,,,,,,,,,,,,,,,,,,,,,,,,,,,,,,,0,,,"126,865","10,570","10,461","11,303","11,114","10,843","10,205","9,086","8,836","8,951","8,435","7,340","6,174","5,116","3,694","2,505","2,232",0,,,0,,,,,,,,,,,"42,384","14,997","27,387",,,,,0.00,,,,,,,,,,,,,,,,,
389,SULAWESI TENGAH,BANGGAI,Ir. H. Amirudin Tamoreka,"H. Furqanuddin Masulili, M.M.","385,116","113,905",3.4,#DIV/0!,,130,5,202,0,337,,,,,,,,,,,,,,,,,,,,,,,,,,,,,,,,,,,,,,,,,,,,,,,,,,,,,,0,,,"385,116","31,576","31,982","29,635","30,783","31,666","30,538","28,728","28,832","28,426","26,394","23,556","19,309","15,918","11,680","8,233","7,860",0,,,0,,,,,,,,,,,"68,771","21,703","47,068",,,,,0.00,,,,,,,,,,,,,,,,,
390,SULAWESI TENGAH,MOROWALI,Iksan Baharuddin Abdul Rauf,Iriane Iliyas,"178,654","57,923",3.1,#DIV/0!,,80,1,52,0,133,,,,,,,,,,,,,,,,,,,,,,,,,,,,,,,,,,,,,,,,,,,,,,,,,,,,,,0,,,"178,654","14,933","17,836","14,964","11,452","10,612","19,851","21,570","17,182","12,710","9,944","7,862","6,482","4,958","3,704","2,427","2,167",0,,,0,,,,,,,,,,,"35,777","10,663","25,114",,,,,0.00,,,,,,,,,,,,,,,,,
391,SULAWESI TENGAH,POSO,Verna Gladies Merry Inkiriwang,Soeharto Kandar,"258,768","66,819",3.9,#DIV/0!,,16,3,153,0,172,,,,,,,,,,,,,,,,,,,,,,,,,,,,,,,,,,,,,,,,,,,,,,,,,,,,,,0,,,"258,768","20,280","20,050","20,339","20,312","21,103","20,342","19,470","18,723","18,645","18,028","15,999","13,538","11,128","8,620","6,033","6,158",0,,,0,,,,,,,,,,,"58,756","18,693","40,063",,,,,0.00,,,,,,,,,,,,,,,,,
392,SULAWESI TENGAH,DONGGALA,"Moh. Yasin, S.Sos., M.A.P.","Syafiah, S.IP., M.A.P.","316,206","90,368",3.5,#DIV/0!,,47,4,116,0,167,,,,,,,,,,,,,,,,,,,,,,,,,,,,,,,,,,,,,,,,,,,,,,,,,,,,,,0,,,"316,206","25,845","24,574","28,511","29,474","27,072","25,373","23,952","22,338","20,923","20,326","18,948","15,870","12,696","8,935","5,979","5,390",0,,,0,,,,,,,,,,,"88,731","27,073","61,658",,,,,0.00,,,,,,,,,,,,,,,,,
393,SULAWESI TENGAH,TOLI-TOLI,H. Amran Hi. Yahya,Moh. Besar Bantilan,"238,049","70,670",3.4,#DIV/0!,,53,1,55,1,110,,,,,,,,,,,,,,,,,,,,,,,,,,,,,,,,,,,,,,,,,,,,,,,,,,,,,,0,,,"238,049","19,798","23,160","20,996","19,050","18,818","17,821","18,456","17,027","16,428","15,609","14,241","11,991","9,420","6,671","4,498","4,065",0,,,0,,,,,,,,,,,"64,644","19,352","45,292",,,,,0.00,,,,,,,,,,,,,,,,,
394,SULAWESI TENGAH,BUOL,"H. Risharyudi Triwibowo, M.M.",Moh. Nasir Daimaroto,"155,929","42,503",3.7,#DIV/0!,,26,1,88,0,115,,,,,,,,,,,,,,,,,,,,,,,,,,,,,,,,,,,,,,,,,,,,,,,,,,,,,,0,,,"155,929","14,219","15,859","14,414","13,995","13,645","13,128","11,691","10,526","10,266","9,296","8,380","6,925","5,383","3,725","2,525","1,952",0,,,0,,,,,,,,,,,"44,812","12,073","32,739",,,,,0.00,,,,,,,,,,,,,,,,,
395,SULAWESI TENGAH,PARIGI MOUTONG,"Erwin Burase, S.T.",Abdul Sahid,"469,668","133,871",3.5,#DIV/0!,,171,1,106,5,283,,,,,,,,,,,,,,,,,,,,,,,,,,,,,,,,,,,,,,,,,,,,,,,,,,,,,,0,,,"469,668","41,127","33,505","36,741","39,760","41,291","39,686","37,363","34,534","33,214","32,327","28,452","23,719","18,215","13,180","8,687","7,867",0,,,0,,,,,,,,,,,"144,243","47,373","96,870",,,,,0.00,,,,,,,,,,,,,,,,,
396,SULAWESI TENGAH,TOJO UNA-UNA,"Ilham Lawidu, S.H.","Surya, S.Sos.","174,355","50,386",3.5,#DIV/0!,,121,0,25,0,146,,,,,,,,,,,,,,,,,,,,,,,,,,,,,,,,,,,,,,,,,,,,,,,,,,,,,,0,,,"174,355","14,240","16,312","16,031","15,065","14,651","14,022","12,972","12,894","11,723","11,153","9,702","8,130","6,672","4,803","3,155","2,830",0,,,0,,,,,,,,,,,"70,560","25,073","45,487",,,,,0.00,,,,,,,,,,,,,,,,,
397,SULAWESI TENGAH,MOROWALI UTARA,"Dr. Delis Julkarson Hehi, MARS","H. Djira K., S.Pd., M.Pd.","131,353","43,249",3.0,#DIV/0!,,41,5,80,0,126,,,,,,,,,,,,,,,,,,,,,,,,,,,,,,,,,,,,,,,,,,,,,,,,,,,,,,0,,,"131,353","10,615","11,534","11,706","11,236","10,434","10,247","10,361","10,389","9,344","8,581","7,402","6,149","4,989","3,626","2,437","2,303",0,,,0,,,,,,,,,,,"51,303","16,894","34,409",,,,,0.00,,,,,,,,,,,,,,,,,
398,SULAWESI TENGAH,KOTA PALU,"H. Hadianto Rasyid, S.E.","Imelda Liliana Muhidin, S.E.","402,417","122,170",3.3,#DIV/0!,,26,0,20,0,46,,,,,,,,,,,,,,,,,,,,,,,,,,,,,,,,,,,,,,,,,,,,,,,,,,,,,,0,,,"402,417","33,630","37,321","34,109","30,180","29,043","33,641","35,362","33,171","28,485","25,568","22,676","19,861","15,903","11,142","6,900","5,425",0,,,0,,,,,,,,,,,"62,206","19,686","42,520",,,,,0.00,,,,,,,,,,,,,,,,,
399,SULAWESI SELATAN,BARRU,"Andi Ina Kartika Sari, S.H., M.Si.",Abustan Andi Bintang,"191,690","55,270",3.5,#DIV/0!,,25,0,30,0,55,,,,,,,,,,,,,,,,,,,,,,,,,,,,,,,,,,,,,,,,,,,,,,,,,,,,,,0,,,"191,690","14,849","15,030","13,438","15,241","14,746","14,994","14,638","12,938","12,446","12,240","11,994","10,624","9,720","7,318","5,311","6,163",0,,,0,,,,,,,,,,,"40,820","13,152","27,668",,,,,0.00,,,,,,,,,,,,,,,,,
400,SULAWESI SELATAN,BONE,"H. Andi Asman Sulaiman, S.Sos., M.Si.","H. Andi Akmal Pasluddin, S.P., M.M.","844,021","229,277",3.7,#DIV/0!,,320,0,52,0,372,,,,,,,,,,,,,,,,,,,,,,,,,,,,,,,,,,,,,,,,,,,,,,,,,,,,,,0,,,"844,021","66,654","59,395","57,870","66,387","72,076","70,614","66,922","58,282","54,747","54,264","52,186","45,550","37,558","30,837","23,039","27,640",0,,,0,,,,,,,,,,,"215,489","61,970","153,519",,,,,0.00,,,,,,,,,,,,,,,,,
401,SULAWESI SELATAN,LUWU,,,"394,206","103,652",3.8,#DIV/0!,,133,0,91,3,227,,,,,,,,,,,,,,,,,,,,,,,,,,,,,,,,,,,,,,,,,,,,,,,,,,,,,,,,,"394,206","35,084","31,235","29,516","34,623","35,599","35,188","32,099","27,833","25,712","24,791","22,949","18,614","13,982","10,206","7,724","9,051",,,,,,,,,,,,,,,"90,264","24,050","66,214",,,,,,,,,,,,,,,,,,,,,,
402,SULAWESI SELATAN,LUWU UTARA,,,"345,321","97,070",3.6,#DIV/0!,,133,4,36,0,173,,,,,,,,,,,,,,,,,,,,,,,,,,,,,,,,,,,,,,,,,,,,,,,,,,,,,,,,,"345,321","30,486","27,097","24,524","29,205","31,883","31,846","27,597","24,008","23,434","22,470","20,233","16,223","13,109","9,507","6,550","7,149",,,,,,,,,,,,,,,"95,796","26,976","68,820",,,,,,,,,,,,,,,,,,,,,,
403,SULAWESI SELATAN,KEPULAUAN SELAYAR,,,"145,776","38,736",3.8,#DIV/0!,,53,0,35,0,88,,,,,,,,,,,,,,,,,,,,,,,,,,,,,,,,,,,,,,,,,,,,,,,,,,,,,,,,,"145,776","11,889","10,066","9,730","12,107","13,778","12,213","10,635","10,580","10,392","9,286","8,387","7,236","6,276","5,168","3,692","4,341",,,,,,,,,,,,,,,"34,367","11,218","23,149",,,,,,,,,,,,,,,,,,,,,,
404,SULAWESI SELATAN,BULUKUMBA,,,"463,164","135,510",3.4,#DIV/0!,,60,0,76,0,136,,,,,,,,,,,,,,,,,,,,,,,,,,,,,,,,,,,,,,,,,,,,,,,,,,,,,,,,,"463,164","37,663","32,424","31,335","36,313","35,719","36,061","35,514","33,888","33,348","33,213","30,996","26,965","20,867","16,118","11,167","11,573",,,,,,,,,,,,,,,"92,488","32,786","59,702",,,,,,,,,,,,,,,,,,,,,,
405,SULAWESI SELATAN,BANTAENG,,,"209,844","67,308",3.1,#DIV/0!,,20,0,47,0,67,,,,,,,,,,,,,,,,,,,,,,,,,,,,,,,,,,,,,,,,,,,,,,,,,,,,,,,,,"209,844","16,864","16,136","14,125","15,557","17,482","17,285","16,251","16,813","16,615","15,072","12,968","10,947","8,783","6,360","4,282","4,304",,,,,,,,,,,,,,,"44,554","15,282","29,272",,,,,,,,,,,,,,,,,,,,,,
406,SULAWESI SELATAN,JENEPONTO,,,"427,667","118,887",3.6,#DIV/0!,,42,2,69,0,113,,,,,,,,,,,,,,,,,,,,,,,,,,,,,,,,,,,,,,,,,,,,,,,,,,,,,,,,,"427,667","36,107","31,912","31,304","34,707","34,134","34,656","35,268","34,581","32,275","29,885","24,961","20,640","16,452","12,987","8,183","9,615",,,,,,,,,,,,,,,"132,204","41,955","90,249",,,,,,,,,,,,,,,,,,,,,,
407,SULAWESI SELATAN,TAKALAR,,,"325,192","95,295",3.4,#DIV/0!,,106,0,4,0,110,,,,,,,,,,,,,,,,,,,,,,,,,,,,,,,,,,,,,,,,,,,,,,,,,,,,,,,,,"325,192","27,570","27,969","24,710","25,351","24,763","24,597","26,290","24,762","22,308","21,381","19,576","17,149","14,277","10,633","6,722","7,134",,,,,,,,,,,,,,,"64,791","22,298","42,493",,,,,,,,,,,,,,,,,,,,,,
408,SULAWESI SELATAN,GOWA,,,"839,803","230,614",3.6,#DIV/0!,,102,0,65,0,167,,,,,,,,,,,,,,,,,,,,,,,,,,,,,,,,,,,,,,,,,,,,,,,,,,,,,,,,,"839,803","71,220","64,597","61,833","68,555","69,368","71,142","70,301","62,937","57,638","54,672","50,038","42,603","34,971","25,449","17,212","17,267",,,,,,,,,,,,,,,"164,933","57,451","107,482",,,,,,,,,,,,,,,,,,,,,,
409,SULAWESI SELATAN,SINJAI,,,"276,173","82,390",3.4,#DIV/0!,,21,1,58,0,80,,,,,,,,,,,,,,,,,,,,,,,,,,,,,,,,,,,,,,,,,,,,,,,,,,,,,,,,,"276,173","22,754","22,069","19,037","22,025","24,241","22,860","21,380","19,698","18,932","18,643","17,094","14,232","11,396","8,888","6,181","6,743",,,,,,,,,,,,,,,"58,399","17,383","41,016",,,,,,,,,,,,,,,,,,,,,,
410,SULAWESI SELATAN,MAROS,,,"424,592","113,362",3.7,#DIV/0!,,58,0,45,0,103,,,,,,,,,,,,,,,,,,,,,,,,,,,,,,,,,,,,,,,,,,,,,,,,,,,,,,,,,"424,592","36,298","35,753","33,198","34,520","33,261","33,319","36,234","35,037","29,784","26,423","23,986","21,074","17,012","12,189","8,162","8,342",,,,,,,,,,,,,,,"94,121","31,366","62,755",,,,,,,,,,,,,,,,,,,,,,
411,SULAWESI SELATAN,PANGKAJENE DAN KEPULAUAN,,,"366,192","106,193",3.4,#DIV/0!,,88,0,15,0,103,,,,,,,,,,,,,,,,,,,,,,,,,,,,,,,,,,,,,,,,,,,,,,,,,,,,,,,,,"366,192","29,912","29,648","27,547","30,864","32,263","31,962","28,593","26,322","23,278","22,770","20,749","19,177","15,426","11,092","7,854","8,735",,,,,,,,,,,,,,,"113,216","31,710","81,506",,,,,,,,,,,,,,,,,,,,,,
412,SULAWESI SELATAN,SOPPENG,,,"241,460","74,451",3.2,#DIV/0!,,43,0,25,2,70,,,,,,,,,,,,,,,,,,,,,,,,,,,,,,,,,,,,,,,,,,,,,,,,,,,,,,,,,"241,460","17,728","16,101","14,364","16,513","18,222","18,766","18,415","15,385","15,081","15,834","16,314","15,465","13,276","11,039","8,515","10,442",,,,,,,,,,,,,,,"55,689","18,240","37,449",,,,,,,,,,,,,,,,,,,,,,
413,SULAWESI SELATAN,WAJO,,,"393,747","127,936",3.1,#DIV/0!,,164,0,26,0,190,,,,,,,,,,,,,,,,,,,,,,,,,,,,,,,,,,,,,,,,,,,,,,,,,,,,,,,,,"393,747","28,699","27,329","27,545","30,052","27,868","26,195","29,450","30,921","29,844","27,354","25,011","22,871","21,449","16,027","11,157","11,975",,,,,,,,,,,,,,,"86,049","27,431","58,618",,,,,,,,,,,,,,,,,,,,,,
414,SULAWESI SELATAN,SIDENRENG RAPPANG,,,"336,245","94,156",3.6,#DIV/0!,,94,0,6,6,106,,,,,,,,,,,,,,,,,,,,,,,,,,,,,,,,,,,,,,,,,,,,,,,,,,,,,,,,,"336,245","25,993","26,485","24,232","26,379","26,879","26,722","25,619","24,162","23,808","22,686","20,158","17,904","15,366","11,501","8,250","10,101",,,,,,,,,,,,,,,"50,753","17,260","33,493",,,,,,,,,,,,,,,,,,,,,,
415,SULAWESI SELATAN,PINRANG,,,"435,066","121,215",3.6,#DIV/0!,,79,0,30,0,109,,,,,,,,,,,,,,,,,,,,,,,,,,,,,,,,,,,,,,,,,,,,,,,,,,,,,,,,,"435,066","36,684","34,399","32,117","35,616","35,137","35,320","33,149","31,034","30,219","28,558","25,198","23,611","19,435","13,877","9,686","11,026",,,,,,,,,,,,,,,"89,974","27,522","62,452",,,,,,,,,,,,,,,,,,,,,,
416,SULAWESI SELATAN,ENREKANG,,,"245,256","61,863",4.0,#DIV/0!,,7,1,120,1,129,,,,,,,,,,,,,,,,,,,,,,,,,,,,,,,,,,,,,,,,,,,,,,,,,,,,,,,,,"245,256","23,266","18,177","17,680","21,908","24,496","23,556","20,303","16,180","14,939","14,373","13,160","10,892","8,634","6,585","4,854","6,253",,,,,,,,,,,,,,,"62,546","16,196","46,350",,,,,,,,,,,,,,,,,,,,,,
417,SULAWESI SELATAN,TANA TORAJA,,,"298,208","70,494",4.2,#DIV/0!,,8,3,147,1,159,,,,,,,,,,,,,,,,,,,,,,,,,,,,,,,,,,,,,,,,,,,,,,,,,,,,,,,,,"298,208","28,386","20,017","19,149","24,952","28,556","26,983","24,132","22,619","19,502","18,408","16,186","14,020","10,538","8,609","6,854","9,297",,,,,,,,,,,,,,,"83,568","24,669","58,899",,,,,,,,,,,,,,,,,,,,,,
418,SULAWESI SELATAN,KOTA MAKASSAR,,,"1,482,753","359,370",4.1,#DIV/0!,,153,0,0,0,153,,,,,,,,,,,,,,,,,,,,,,,,,,,,,,,,,,,,,,,,,,,,,,,,,,,,,,,,,"1,482,753","117,848","112,947","108,456","125,787","130,312","126,176","120,795","117,814","105,722","95,273","82,866","72,412","61,751","44,589","30,313","29,692",,,,,,,,,,,,,,,"179,772","56,051","123,721",,,,,,,,,,,,,,,,,,,,,,
419,SULAWESI SELATAN,KOTA PAREPARE,,,"165,845","46,847",3.5,#DIV/0!,,7,0,15,0,22,,,,,,,,,,,,,,,,,,,,,,,,,,,,,,,,,,,,,,,,,,,,,,,,,,,,,,,,,"165,845","14,813","15,096","12,626","12,972","13,481","13,709","13,780","12,890","11,676","10,494","9,046","7,839","6,678","4,859","2,960","2,926",,,,,,,,,,,,,,,"21,811","7,143","14,668",,,,,,,,,,,,,,,,,,,,,,
420,SULAWESI SELATAN,KOTA PALOPO,,,"201,386","45,951",4.4,#DIV/0!,,32,0,15,1,48,,,,,,,,,,,,,,,,,,,,,,,,,,,,,,,,,,,,,,,,,,,,,,,,,,,,,,,,,"201,386","18,249","17,752","14,381","16,431","17,398","17,716","17,342","16,881","15,221","12,639","10,244","8,501","6,899","4,909","3,342","3,481",,,,,,,,,,,,,,,"49,892","17,548","32,344",,,,,,,,,,,,,,,,,,,,,,
421,SULAWESI SELATAN,LUWU TIMUR,,,"321,021","88,128",3.6,#DIV/0!,,63,0,66,0,129,,,,,,,,,,,,,,,,,,,,,,,,,,,,,,,,,,,,,,,,,,,,,,,,,,,,,,,,,"321,021","27,569","29,420","25,271","27,732","27,357","26,499","25,555","23,580","23,543","22,566","18,489","13,851","10,499","7,716","5,660","5,714",,,,,,,,,,,,,,,"55,330","17,198","38,132",,,,,,,,,,,,,,,,,,,,,,
422,SULAWESI SELATAN,TORAJA UTARA,,,"286,668","67,526",4.2,#DIV/0!,,7,2,142,0,151,,,,,,,,,,,,,,,,,,,,,,,,,,,,,,,,,,,,,,,,,,,,,,,,,,,,,,,,,"286,668","29,724","23,655","22,562","27,068","27,231","25,548","21,687","18,647","16,673","16,020","14,312","11,899","9,169","7,957","6,378","8,138",,,,,,,,,,,,,,,"69,878","21,921","47,957",,,,,,,,,,,,,,,,,,,,,,
423,SULAWESI TENGGARA,KONAWE UTARA,,,"76,966","22,253",3.5,#DIV/0!,,72,3,95,0,170,,,,,,,,,,,,,,,,,,,,,,,,,,,,,,,,,,,,,,,,,,,,,,,,,,,,,,,,,"76,966","7,772","7,703","7,128","6,439","6,610","6,259","6,346","5,997","5,455","4,858","3,919","3,018","2,148","1,518",972,824,,,,,,,,,,,,,,,"20,734","6,730","14,004",,,,,,,,,,,,,,,,,,,,,,
424,SULAWESI TENGGARA,KOLAKA TIMUR,,,"131,041","35,703",3.7,#DIV/0!,,72,0,61,0,133,,,,,,,,,,,,,,,,,,,,,,,,,,,,,,,,,,,,,,,,,,,,,,,,,,,,,,,,,"131,041","11,701","10,871","9,810","10,432","11,208","10,881","10,202","9,385","9,212","9,208","8,327","6,743","5,119","3,479","2,293","2,170",,,,,,,,,,,,,,,"34,055","10,559","23,496",,,,,,,,,,,,,,,,,,,,,,
425,SULAWESI TENGGARA,BUTON,,,"125,654","31,135",4.0,#DIV/0!,,95,0,0,0,95,,,,,,,,,,,,,,,,,,,,,,,,,,,,,,,,,,,,,,,,,,,,,,,,,,,,,,,,,"125,654","12,789","12,117","11,216","11,676","11,971","11,351","10,139","8,577","7,284","6,593","5,905","4,698","3,929","3,050","2,045","2,314",,,,,,,,,,,,,,,"44,341","14,416","29,925",,,,,,,,,,,,,,,,,,,,,,
426,SULAWESI TENGGARA,MUNA,,,"234,539","64,536",3.6,#DIV/0!,,48,1,101,0,150,,,,,,,,,,,,,,,,,,,,,,,,,,,,,,,,,,,,,,,,,,,,,,,,,,,,,,,,,"234,539","22,674","20,021","21,137","23,095","22,535","21,085","16,959","14,867","13,798","12,493","12,174","10,521","8,189","6,189","4,416","4,386",,,,,,,,,,,,,,,"71,713","19,082","52,631",,,,,,,,,,,,,,,,,,,,,,
427,SULAWESI TENGGARA,KONAWE,,,"282,999","73,867",3.8,#DIV/0!,,211,7,135,0,353,,,,,,,,,,,,,,,,,,,,,,,,,,,,,,,,,,,,,,,,,,,,,,,,,,,,,,,,,"282,999","26,803","24,488","22,508","24,109","24,328","24,206","22,969","20,908","19,779","18,527","15,363","12,003","10,031","7,324","5,107","4,546",,,,,,,,,,,,,,,"75,010","23,193","51,817",,,,,,,,,,,,,,,,,,,,,,
428,SULAWESI TENGGARA,KOLAKA,,,"254,270","67,611",3.8,#DIV/0!,,34,0,101,0,135,,,,,,,,,,,,,,,,,,,,,,,,,,,,,,,,,,,,,,,,,,,,,,,,,,,,,,,,,"254,270","21,507","22,362","23,151","22,704","20,914","20,106","19,645","18,637","18,223","17,072","14,412","11,741","9,098","6,269","4,257","4,172",,,,,,,,,,,,,,,"60,146","18,646","41,500",,,,,,,,,,,,,,,,,,,,,,
429,SULAWESI TENGGARA,KONAWE SELATAN,,,"340,022","90,188",3.8,#DIV/0!,,229,0,122,0,351,,,,,,,,,,,,,,,,,,,,,,,,,,,,,,,,,,,,,,,,,,,,,,,,,,,,,,,,,"340,022","31,310","29,891","28,862","29,096","28,430","28,249","27,323","24,266","23,300","21,898","19,561","15,642","12,060","8,658","5,836","5,640",,,,,,,,,,,,,,,"83,317","24,851","58,466",,,,,,,,,,,,,,,,,,,,,,
430,SULAWESI TENGGARA,BOMBANA,,,"165,590","46,886",3.5,#DIV/0!,,36,0,109,0,145,,,,,,,,,,,,,,,,,,,,,,,,,,,,,,,,,,,,,,,,,,,,,,,,,,,,,,,,,"165,590","15,844","15,579","14,526","13,633","12,353","13,055","13,109","12,842","12,226","10,961","9,706","7,602","5,571","3,861","2,350","2,372",,,,,,,,,,,,,,,"47,688","14,066","33,622",,,,,,,,,,,,,,,,,,,,,,
431,SULAWESI TENGGARA,WAKATOBI,,,"121,788","34,250",3.6,#DIV/0!,,95,0,5,0,100,,,,,,,,,,,,,,,,,,,,,,,,,,,,,,,,,,,,,,,,,,,,,,,,,,,,,,,,,"121,788","12,141","10,643","9,989","9,755","9,987","10,358","10,086","9,446","8,075","7,344","5,926","5,324","4,406","3,396","2,305","2,607",,,,,,,,,,,,,,,"36,296","9,671","26,625",,,,,,,,,,,,,,,,,,,,,,
432,SULAWESI TENGGARA,KOLAKA UTARA,,,"154,176","40,078",3.8,#DIV/0!,,48,2,82,1,133,,,,,,,,,,,,,,,,,,,,,,,,,,,,,,,,,,,,,,,,,,,,,,,,,,,,,,,,,"154,176","14,890","12,856","12,602","12,440","13,118","13,163","12,564","12,529","11,349","10,458","8,792","6,925","5,081","3,386","2,086","1,937",,,,,,,,,,,,,,,"44,549","11,984","32,565",,,,,,,,,,,,,,,,,,,,,,
433,SULAWESI TENGGARA,BUTON UTARA,,,"71,406","19,867",3.6,#DIV/0!,,14,1,75,0,90,,,,,,,,,,,,,,,,,,,,,,,,,,,,,,,,,,,,,,,,,,,,,,,,,,,,,,,,,"71,406","7,014","6,872","6,531","6,652","6,049","5,676","5,570","5,524","4,542","3,927","3,766","3,161","2,209","1,569","1,124","1,220",,,,,,,,,,,,,,,"19,439","5,182","14,257",,,,,,,,,,,,,,,,,,,,,,
434,SULAWESI TENGGARA,KONAWE KEPULAUAN,,,"41,021","11,758",3.5,#DIV/0!,,95,0,1,0,96,,,,,,,,,,,,,,,,,,,,,,,,,,,,,,,,,,,,,,,,,,,,,,,,,,,,,,,,,"41,021","4,129","3,745","3,527","3,648","3,594","3,480","3,609","3,306","2,551","2,291","2,112","1,681","1,220",966,639,523,,,,,,,,,,,,,,,"10,242","3,275","6,967",,,,,,,,,,,,,,,,,,,,,,
435,SULAWESI TENGGARA,MUNA BARAT,,,"94,305","24,689",3.8,#DIV/0!,,54,1,31,0,86,,,,,,,,,,,,,,,,,,,,,,,,,,,,,,,,,,,,,,,,,,,,,,,,,,,,,,,,,"94,305","9,476","8,530","8,425","8,170","8,002","8,139","7,713","6,879","5,916","5,095","4,765","3,980","3,173","2,410","1,763","1,869",,,,,,,,,,,,,,,"22,429","5,668","16,761",,,,,,,,,,,,,,,,,,,,,,
436,SULAWESI TENGGARA,BUTON TENGAH,,,"124,926","31,804",3.9,#DIV/0!,,77,0,0,0,77,,,,,,,,,,,,,,,,,,,,,,,,,,,,,,,,,,,,,,,,,,,,,,,,,,,,,,,,,"124,926","12,998","11,447","11,968","12,312","11,725","11,251","9,902","8,662","7,131","6,104","5,545","4,650","3,678","2,891","2,056","2,606",,,,,,,,,,,,,,,"43,952","14,027","29,925",,,,,,,,,,,,,,,,,,,,,,
437,SULAWESI TENGGARA,BUTON SELATAN,,,"104,395","23,831",4.4,#DIV/0!,,70,0,0,0,70,,,,,,,,,,,,,,,,,,,,,,,,,,,,,,,,,,,,,,,,,,,,,,,,,,,,,,,,,"104,395","11,203","10,259","9,685","9,720","10,122","9,763","8,495","7,584","6,101","5,050","4,207","3,647","2,870","2,284","1,562","1,843",,,,,,,,,,,,,,,"32,391","10,773","21,618",,,,,,,,,,,,,,,,,,,,,,
438,SULAWESI TENGGARA,KOTA KENDARI,,,"383,708","91,801",4.2,#DIV/0!,,54,0,11,0,65,,,,,,,,,,,,,,,,,,,,,,,,,,,,,,,,,,,,,,,,,,,,,,,,,,,,,,,,,"383,708","33,801","33,786","32,636","30,460","29,187","32,582","34,687","32,524","28,965","25,251","20,597","16,574","13,505","9,041","5,645","4,467",,,,,,,,,,,,,,,"57,119","20,145","36,974",,,,,,,,,,,,,,,,,,,,,,
439,SULAWESI TENGGARA,KOTA BAUBAU,,,"173,182","39,316",4.4,#DIV/0!,,5,1,37,0,43,,,,,,,,,,,,,,,,,,,,,,,,,,,,,,,,,,,,,,,,,,,,,,,,,,,,,,,,,"173,182","15,599","16,590","15,529","14,530","14,639","13,607","13,693","13,865","12,595","10,521","8,633","7,314","5,974","4,443","2,913","2,737",,,,,,,,,,,,,,,"42,929","14,533","28,396",,,,,,,,,,,,,,,,,,,,,,
440,GORONTALO,BOALEMO,,,"157,072","45,311",3.5,#DIV/0!,,25,0,58,0,83,,,,,,,,,,,,,,,,,,,,,,,,,,,,,,,,,,,,,,,,,,,,,,,,,,,,,,,,,"157,072","13,847","12,921","11,354","12,879","13,937","13,103","12,863","11,829","10,760","10,599","9,464","7,918","5,905","4,215","2,791","2,687",,,,,,,,,,,,,,,"48,858","12,883","35,975",,,,,,,,,,,,,,,,,,,,,,
441,GORONTALO,GORONTALO,,,"1,256,448","131,716",9.5,#DIV/0!,,112,0,93,0,205,,,,,,,,,,,,,,,,,,,,,,,,,,,,,,,,,,,,,,,,,,,,,,,,,,,,,,,,,"1,256,448","109,585","98,942","92,118","103,071","106,298","106,062","102,283","94,896","87,875","82,546","73,796","63,297","51,007","36,772","24,211","23,689",,,,,,,,,,,,,,,"132,670","35,501","97,169",,,,,,,,,,,,,,,,,,,,,,
442,GORONTALO,POHUWATO,,,"157,527","47,213",3.3,#DIV/0!,,67,0,38,0,105,,,,,,,,,,,,,,,,,,,,,,,,,,,,,,,,,,,,,,,,,,,,,,,,,,,,,,,,,"157,527","13,930","12,578","12,275","13,175","13,197","13,004","12,931","12,025","11,195","10,941","9,447","7,754","6,058","4,107","2,520","2,390",,,,,,,,,,,,,,,"45,531","14,438","31,093",,,,,,,,,,,,,,,,,,,,,,
443,GORONTALO,BONE BOLANGO,,,"174,793","52,194",3.3,#DIV/0!,,53,3,109,0,165,,,,,,,,,,,,,,,,,,,,,,,,,,,,,,,,,,,,,,,,,,,,,,,,,,,,,,,,,"174,793","15,012","14,090","13,153","14,323","14,661","14,581","14,040","13,149","12,089","11,284","10,089","8,538","6,996","5,431","3,670","3,687",,,,,,,,,,,,,,,"52,430","16,550","35,880",,,,,,,,,,,,,,,,,,,,,,
444,GORONTALO,GORONTALO UTARA,,,"136,881","38,582",3.5,#DIV/0!,,47,0,77,0,124,,,,,,,,,,,,,,,,,,,,,,,,,,,,,,,,,,,,,,,,,,,,,,,,,,,,,,,,,"136,881","13,198","10,419","10,314","11,569","12,127","12,280","11,693","10,340","9,232","8,467","7,449","6,353","5,189","3,607","2,281","2,363",,,,,,,,,,,,,,,"33,830","10,651","23,179",,,,,,,,,,,,,,,,,,,,,,
445,GORONTALO,KOTA GORONTALO,,,"212,514","62,793",3.4,#DIV/0!,,40,0,10,0,50,,,,,,,,,,,,,,,,,,,,,,,,,,,,,,,,,,,,,,,,,,,,,,,,,,,,,,,,,"212,514","17,415","16,675","15,237","17,005","17,403","17,419","16,760","16,861","15,591","13,801","12,416","11,005","9,258","6,790","4,533","4,345",,,,,,,,,,,,,,,"35,723","11,147","24,576",,,,,,,,,,,,,,,,,,,,,,
446,SULAWESI BARAT,MAJENE,,,"188,857","48,670",3.9,#DIV/0!,,26,0,51,5,82,,,,,,,,,,,,,,,,,,,,,,,,,,,,,,,,,,,,,,,,,,,,,,,,,,,,,,,,,"188,857","18,260","19,368","17,548","16,810","16,233","15,585","15,040","13,839","11,849","10,568","9,012","7,529","6,153","4,603","3,109","3,351",,,,,,,,,,,,,,,"66,944","21,317","45,627",,,,,,,,,,,,,,,,,,,,,,
447,SULAWESI BARAT,POLEWALI MANDAR,,,"513,066","130,071",3.9,#DIV/0!,,84,3,80,0,167,,,,,,,,,,,,,,,,,,,,,,,,,,,,,,,,,,,,,,,,,,,,,,,,,,,,,,,,,"513,066","46,504","44,629","44,048","45,672","42,623","39,876","40,869","37,827","33,751","31,156","28,348","24,151","19,587","13,922","9,520","10,583",,,,,,,,,,,,,,,"186,498","56,917","129,581",,,,,,,,,,,,,,,,,,,,,,
448,SULAWESI BARAT,MAMASA,,,"178,098","47,532",3.7,#DIV/0!,,1,0,180,0,181,,,,,,,,,,,,,,,,,,,,,,,,,,,,,,,,,,,,,,,,,,,,,,,,,,,,,,,,,"178,098","17,183","14,325","14,023","14,904","16,538","18,436","14,455","11,238","10,734","11,118","9,816","7,791","5,619","4,569","3,561","3,788",,,,,,,,,,,,,,,"48,706","15,127","33,579",,,,,,,,,,,,,,,,,,,,,,
449,SULAWESI BARAT,MAMUJU,,,"306,597","71,800",4.3,#DIV/0!,,25,0,76,0,101,,,,,,,,,,,,,,,,,,,,,,,,,,,,,,,,,,,,,,,,,,,,,,,,,,,,,,,,,"306,597","29,586","28,896","27,292","27,050","26,671","25,700","24,513","23,530","21,629","18,759","15,483","12,349","9,751","6,758","4,518","4,112",,,,,,,,,,,,,,,"67,094","21,563","45,531",,,,,,,,,,,,,,,,,,,,,,
450,SULAWESI BARAT,PASANGKAYU,,,"210,278","44,005",4.8,#DIV/0!,,41,1,21,0,63,,,,,,,,,,,,,,,,,,,,,,,,,,,,,,,,,,,,,,,,,,,,,,,,,,,,,,,,,"210,278","20,648","18,529","17,855","18,890","18,058","17,586","18,084","16,953","15,569","13,470","11,252","8,518","6,408","4,158","2,300","2,000",,,,,,,,,,,,,,,"29,313","9,979","19,334",,,,,,,,,,,,,,,,,,,,,,
451,SULAWESI BARAT,MAMUJU TENGAH,,,"150,458","35,505",4.2,#DIV/0!,,33,0,23,0,56,,,,,,,,,,,,,,,,,,,,,,,,,,,,,,,,,,,,,,,,,,,,,,,,,,,,,,,,,"150,458","15,956","14,082","12,892","13,029","13,940","14,599","12,482","10,582","9,341","8,518","7,264","6,113","4,807","3,259","1,961","1,633",,,,,,,,,,,,,,,"28,113","8,934","19,179",,,,,,,,,,,,,,,,,,,,,,
452,MALUKU,KEPULAUAN TANIMBAR,,,"134,167","33,850",4.0,#DIV/0!,,30,0,58,1,89,,,,,,,,,,,,,,,,,,,,,,,,,,,,,,,,,,,,,,,,,,,,,,,,,,,,,,,,,"134,167","12,937","11,524","10,426","12,949","12,903","11,259","10,426","9,270","8,469","7,738","7,038","5,347","4,475","3,941","2,943","2,522",,,,,,,,,,,,,,,"22,253","7,001","15,252",,,,,,,,,,,,,,,,,,,,,,
453,MALUKU,MALUKU TENGGARA,,,"128,774","28,850",4.5,#DIV/0!,,91,0,102,0,193,,,,,,,,,,,,,,,,,,,,,,,,,,,,,,,,,,,,,,,,,,,,,,,,,,,,,,,,,"128,774","11,635","10,335","9,588","11,605","12,147","11,362","11,235","10,198","8,412","6,828","5,794","5,351","4,549","3,817","2,680","3,238",,,,,,,,,,,,,,,"52,675","16,087","36,588",,,,,,,,,,,,,,,,,,,,,,
454,MALUKU,MALUKU TENGAH,,,"450,384","116,351",3.9,#DIV/0!,,112,1,81,2,196,,,,,,,,,,,,,,,,,,,,,,,,,,,,,,,,,,,,,,,,,,,,,,,,,,,,,,,,,"450,384","39,434","32,043","31,159","38,159","42,869","41,420","37,021","33,767","30,509","27,799","24,544","20,763","17,503","13,460","9,500","10,434",,,,,,,,,,,,,,,"134,331","38,680","95,651",,,,,,,,,,,,,,,,,,,,,,
455,MALUKU,BURU,,,"145,909","37,986",3.8,#DIV/0!,,42,3,37,0,82,,,,,,,,,,,,,,,,,,,,,,,,,,,,,,,,,,,,,,,,,,,,,,,,,,,,,,,,,"145,909","13,000","13,593","11,734","12,493","12,616","13,263","12,201","10,978","10,579","9,559","8,034","6,375","4,488","2,886","2,000","2,110",,,,,,,,,,,,,,,"51,825","16,574","35,251",,,,,,,,,,,,,,,,,,,,,,
456,MALUKU,KEPULAUAN ARU,,,"112,697","28,203",4.0,#DIV/0!,,119,0,0,0,119,,,,,,,,,,,,,,,,,,,,,,,,,,,,,,,,,,,,,,,,,,,,,,,,,,,,,,,,,"112,697","11,478","10,002","9,893","10,926","10,140","9,545","9,297","8,249","7,269","6,495","5,770","4,575","3,373","2,398","1,617","1,670",,,,,,,,,,,,,,,"14,580","4,113","10,467",,,,,,,,,,,,,,,,,,,,,,
457,MALUKU,SERAM BAGIAN BARAT,,,"233,187","54,291",4.3,#DIV/0!,,49,1,41,1,92,,,,,,,,,,,,,,,,,,,,,,,,,,,,,,,,,,,,,,,,,,,,,,,,,,,,,,,,,"233,187","24,753","20,812","18,193","21,399","22,566","21,425","18,770","16,139","14,986","13,291","11,441","9,383","7,505","5,478","3,414","3,632",,,,,,,,,,,,,,,"67,194","17,459","49,735",,,,,,,,,,,,,,,,,,,,,,
458,MALUKU,SERAM BAGIAN TIMUR,,,"151,788","39,129",3.9,#DIV/0!,,143,1,52,2,198,,,,,,,,,,,,,,,,,,,,,,,,,,,,,,,,,,,,,,,,,,,,,,,,,,,,,,,,,"151,788","14,907","13,963","12,365","14,168","14,717","14,370","12,316","11,233","10,086","8,726","7,180","6,318","4,376","3,100","2,038","1,925",,,,,,,,,,,,,,,"32,420","9,500","22,920",,,,,,,,,,,,,,,,,,,,,,
459,MALUKU,MALUKU BARAT DAYA,,,"89,926","24,304",3.7,#DIV/0!,,26,1,105,0,132,,,,,,,,,,,,,,,,,,,,,,,,,,,,,,,,,,,,,,,,,,,,,,,,,,,,,,,,,"89,926","9,257","8,482","7,806","8,185","6,997","6,826","7,076","6,609","6,057","5,129","4,298","3,512","2,977","2,627","2,019","2,069",,,,,,,,,,,,,,,"35,454","9,036","26,418",,,,,,,,,,,,,,,,,,,,,,
460,MALUKU,BURU SELATAN,,,"83,587","20,593",4.1,#DIV/0!,,39,0,42,0,81,,,,,,,,,,,,,,,,,,,,,,,,,,,,,,,,,,,,,,,,,,,,,,,,,,,,,,,,,"83,587","9,162","8,067","7,246","8,169","7,654","7,466","7,095","6,541","5,688","4,688","3,565","2,886","2,088","1,358",974,940,,,,,,,,,,,,,,,"4,870","1,621","3,249",,,,,,,,,,,,,,,,,,,,,,
461,MALUKU,KOTA AMBON,,,"369,797","92,769",4.0,#DIV/0!,,9,0,41,0,50,,,,,,,,,,,,,,,,,,,,,,,,,,,,,,,,,,,,,,,,,,,,,,,,,,,,,,,,,"369,797","32,801","28,072","25,107","27,428","27,706","31,781","34,109","30,639","26,735","24,567","21,986","18,387","15,166","11,132","7,316","6,865",,,,,,,,,,,,,,,"69,297","26,645","42,652",,,,,,,,,,,,,,,,,,,,,,
462,MALUKU,KOTA TUAL,,,"94,992","19,336",4.9,#DIV/0!,,12,0,18,0,30,,,,,,,,,,,,,,,,,,,,,,,,,,,,,,,,,,,,,,,,,,,,,,,,,,,,,,,,,"94,992","9,105","7,761","6,393","7,832","8,441","7,910","8,570","8,489","7,320","5,955","4,821","3,894","3,054","2,220","1,449","1,778",,,,,,,,,,,,,,,"13,944","4,419","9,525",,,,,,,,,,,,,,,,,,,,,,
463,MALUKU UTARA,HALMAHERA BARAT,,,"140,416","34,942",4.0,#DIV/0!,,44,1,128,0,173,,,,,,,,,,,,,,,,,,,,,,,,,,,,,,,,,,,,,,,,,,,,,,,,,,,,,,,,,"140,416","11,428","11,139","10,169","11,120","11,779","10,939","11,025","11,951","11,067","10,116","8,639","6,718","5,237","3,917","2,750","2,422",,,,,,,,,,,,,,,"36,370","14,123","22,247",,,,,,,,,,,,,,,,,,,,,,
464,MALUKU UTARA,HALMAHERA TENGAH,,,"64,429","28,173",2.3,#DIV/0!,,12,0,60,0,72,,,,,,,,,,,,,,,,,,,,,,,,,,,,,,,,,,,,,,,,,,,,,,,,,,,,,,,,,"64,429","5,862","6,209","6,005","5,920","4,946","4,665","5,279","5,538","4,866","4,183","3,354","2,723","1,953","1,360",880,686,,,,,,,,,,,,,,,"18,459","6,045","12,414",,,,,,,,,,,,,,,,,,,,,,
465,MALUKU UTARA,KEPULAUAN SULA,,,"111,795","25,959",4.3,#DIV/0!,,36,0,44,0,80,,,,,,,,,,,,,,,,,,,,,,,,,,,,,,,,,,,,,,,,,,,,,,,,,,,,,,,,,"111,795","9,953","9,751","9,794","9,867","9,956","8,714","8,659","9,680","7,826","6,781","5,852","4,565","3,903","2,849","2,055","1,590",,,,,,,,,,,,,,,"20,426","6,660","13,766",,,,,,,,,,,,,,,,,,,,,,
466,MALUKU UTARA,HALMAHERA SELATAN,,,"273,020","63,805",4.3,#DIV/0!,,191,0,65,0,256,,,,,,,,,,,,,,,,,,,,,,,,,,,,,,,,,,,,,,,,,,,,,,,,,,,,,,,,,"273,020","27,802","20,750","21,778","25,046","26,218","22,873","21,796","22,892","19,336","16,425","14,239","11,232","8,961","6,414","4,152","3,106",,,,,,,,,,,,,,,"45,941","18,477","27,464",,,,,,,,,,,,,,,,,,,,,,
467,MALUKU UTARA,HALMAHERA UTARA,,,"212,742","54,334",3.9,#DIV/0!,,96,4,96,2,198,,,,,,,,,,,,,,,,,,,,,,,,,,,,,,,,,,,,,,,,,,,,,,,,,,,,,,,,,"212,742","18,238","19,076","19,346","19,810","17,861","16,098","16,032","16,473","15,460","13,665","11,628","9,226","7,345","5,515","4,006","2,963",,,,,,,,,,,,,,,"25,014","9,122","15,892",,,,,,,,,,,,,,,,,,,,,,
468,MALUKU UTARA,HALMAHERA TIMUR,,,"101,451","25,568",4.0,#DIV/0!,,87,0,17,0,104,,,,,,,,,,,,,,,,,,,,,,,,,,,,,,,,,,,,,,,,,,,,,,,,,,,,,,,,,"101,451","9,601","8,997","8,750","8,722","8,295","7,171","7,797","8,739","8,313","7,086","5,548","4,237","3,073","2,261","1,584","1,277",,,,,,,,,,,,,,,"29,591","9,176","20,415",,,,,,,,,,,,,,,,,,,,,,
469,MALUKU UTARA,PULAU MOROTAI,,,"82,247","21,037",3.9,#DIV/0!,,40,0,47,1,88,,,,,,,,,,,,,,,,,,,,,,,,,,,,,,,,,,,,,,,,,,,,,,,,,,,,,,,,,"82,247","8,047","9,356","7,688","7,188","6,614","5,779","6,144","7,171","5,951","4,721","3,848","2,994","2,377","1,818","1,419","1,132",,,,,,,,,,,,,,,"14,108","4,983","9,125",,,,,,,,,,,,,,,,,,,,,,
470,MALUKU UTARA,PULAU TALIABU,,,"63,085","16,360",3.9,#DIV/0!,,38,0,33,0,71,,,,,,,,,,,,,,,,,,,,,,,,,,,,,,,,,,,,,,,,,,,,,,,,,,,,,,,,,"63,085","5,559","6,203","5,982","6,032","5,545","4,820","4,830","5,353","4,721","3,703","3,086","2,400","1,835","1,344",922,750,,,,,,,,,,,,,,,"18,380","7,228","11,152",,,,,,,,,,,,,,,,,,,,,,
471,MALUKU UTARA,KOTA TERNATE,,,"219,069","53,169",4.1,#DIV/0!,,26,0,52,0,78,,,,,,,,,,,,,,,,,,,,,,,,,,,,,,,,,,,,,,,,,,,,,,,,,,,,,,,,,"219,069","17,024","20,303","18,797","17,791","16,928","15,724","16,982","20,060","18,056","15,447","12,619","9,923","8,009","5,344","3,391","2,671",,,,,,,,,,,,,,,"29,697","11,506","18,191",,,,,,,,,,,,,,,,,,,,,,
472,MALUKU UTARA,KOTA TIDORE KEPULAUAN,,,"123,454","30,655",4.0,#DIV/0!,,10,0,79,0,89,,,,,,,,,,,,,,,,,,,,,,,,,,,,,,,,,,,,,,,,,,,,,,,,,,,,,,,,,"123,454","9,553","10,280","9,452","9,896","10,130","9,167","9,495","10,830","9,894","8,897","7,442","5,997","4,908","3,361","2,299","1,853",,,,,,,,,,,,,,,"22,693","8,637","14,056",,,,,,,,,,,,,,,,,,,,,,
473,PAPUA BARAT,MANOKWARI SELATAN,,,"40,319","10,722",3.8,#DIV/0!,,21,1,35,0,57,,,,,,,,,,,,,,,,,,,,,,,,,,,,,,,,,,,,,,,,,,,,,,,,,,,,,,,,,"40,319","4,238","3,397","2,883","2,923","3,617","4,301","3,770","3,331","2,591","2,428","2,161","1,739","1,312",850,456,322,,,,,,,,,,,,,,,"3,686",636,"3,050",,,,,,,,,,,,,,,,,,,,,,
474,PAPUA BARAT,FAKFAK,,,"92,700","23,193",4.0,#DIV/0!,,8,5,133,3,149,,,,,,,,,,,,,,,,,,,,,,,,,,,,,,,,,,,,,,,,,,,,,,,,,,,,,,,,,"92,700","8,388","9,377","8,482","8,424","8,518","7,840","7,031","6,697","6,606","5,494","4,793","3,785","3,092","2,078","1,272",823,,,,,,,,,,,,,,,"4,397","1,127","3,270",,,,,,,,,,,,,,,,,,,,,,
475,PAPUA BARAT,KAIMANA,,,"68,923","26,124",2.6,#DIV/0!,,12,0,74,0,86,,,,,,,,,,,,,,,,,,,,,,,,,,,,,,,,,,,,,,,,,,,,,,,,,,,,,,,,,"68,923","7,133","5,620","5,417","6,608","6,967","6,246","5,328","5,111","4,964","4,326","3,814","2,930","2,052","1,241",700,466,,,,,,,,,,,,,,,"2,581",648,"1,933",,,,,,,,,,,,,,,,,,,,,,
476,PAPUA BARAT,TELUK WONDAMA,,,"47,619","11,066",4.3,#DIV/0!,,77,0,0,0,77,,,,,,,,,,,,,,,,,,,,,,,,,,,,,,,,,,,,,,,,,,,,,,,,,,,,,,,,,"47,619","6,402","4,718","3,977","4,722","4,408","3,880","3,534","3,346","3,208","2,697","2,146","1,540","1,248",896,528,369,,,,,,,,,,,,,,,"1,739",527,"1,212",,,,,,,,,,,,,,,,,,,,,,
477,PAPUA BARAT,TELUK BINTUNI,,,"92,923","21,948",4.2,#DIV/0!,,146,8,100,8,262,,,,,,,,,,,,,,,,,,,,,,,,,,,,,,,,,,,,,,,,,,,,,,,,,,,,,,,,,"92,923","7,916","7,223","6,671","7,477","7,840","8,235","8,780","8,495","8,032","6,920","5,730","4,057","2,573","1,476",847,651,,,,,,,,,,,,,,,"8,127","1,610","6,517",,,,,,,,,,,,,,,,,,,,,,
478,PAPUA BARAT,MANOKWARI,,,"211,063","44,005",4.8,#DIV/0!,,35,1,137,0,173,,,,,,,,,,,,,,,,,,,,,,,,,,,,,,,,,,,,,,,,,,,,,,,,,,,,,,,,,"211,063","18,803","18,777","17,708","17,623","17,139","19,331","19,062","17,480","15,492","13,599","11,109","8,641","6,582","4,683","2,926","2,108",,,,,,,,,,,,,,,"11,327","3,145","8,182",,,,,,,,,,,,,,,,,,,,,,
479,PAPUA BARAT,PEGUNUNGAN ARFAK,,,"42,914","15,523",2.8,#DIV/0!,,16,3,147,0,166,,,,,,,,,,,,,,,,,,,,,,,,,,,,,,,,,,,,,,,,,,,,,,,,,,,,,,,,,"42,914","5,146","2,370","1,696","2,408","3,270","4,440","4,105","4,551","3,557","3,473","2,901","2,283","1,443",728,317,226,,,,,,,,,,,,,,,"2,980",558,"2,422",,,,,,,,,,,,,,,,,,,,,,
480,PAPUA BARAT DAYA,RAJA AMPAT,,,"73,137","15,808",4.6,#DIV/0!,,46,0,75,1,122,,,,,,,,,,,,,,,,,,,,,,,,,,,,,,,,,,,,,,,,,,,,,,,,,,,,,,,,,"73,137","9,019","7,468","5,975","7,047","6,671","5,717","5,907","5,604","5,118","4,284","3,416","2,320","1,819","1,429",823,520,,,,,,,,,,,,,,,"2,304",670,"1,634",,,,,,,,,,,,,,,,,,,,,,
481,PAPUA BARAT DAYA,SORONG,,,"125,222","27,849",4.5,#DIV/0!,,127,2,119,10,258,,,,,,,,,,,,,,,,,,,,,,,,,,,,,,,,,,,,,,,,,,,,,,,,,,,,,,,,,"125,222","11,310","10,394","9,127","10,042","10,784","10,414","10,349","9,804","9,580","8,466","7,363","5,952","4,520","3,126","2,118","1,873",,,,,,,,,,,,,,,"23,240","5,438","17,802",,,,,,,,,,,,,,,,,,,,,,
482,PAPUA BARAT DAYA,SORONG SELATAN,,,"58,288","15,992",3.6,#DIV/0!,,109,5,45,0,159,,,,,,,,,,,,,,,,,,,,,,,,,,,,,,,,,,,,,,,,,,,,,,,,,,,,,,,,,"58,288","6,749","5,138","4,561","5,406","5,710","5,522","4,837","4,405","3,889","3,282","2,788","2,124","1,588","1,157",658,474,,,,,,,,,,,,,,,"8,647","1,926","6,721",,,,,,,,,,,,,,,,,,,,,,
483,PAPUA BARAT DAYA,MAYBRAT,,,"50,059","10,880",4.6,#DIV/0!,,42,8,202,8,260,,,,,,,,,,,,,,,,,,,,,,,,,,,,,,,,,,,,,,,,,,,,,,,,,,,,,,,,,"50,059","6,960","3,313","2,577","3,730","4,560","5,478","4,781","4,122","3,016","2,919","2,503","2,157","1,512","1,123",717,591,,,,,,,,,,,,,,,"6,905","1,532","5,373",,,,,,,,,,,,,,,,,,,,,,
484,PAPUA BARAT DAYA,TAMBRAUW,,,"32,755","7,939",4.1,#DIV/0!,,133,8,74,1,216,,,,,,,,,,,,,,,,,,,,,,,,,,,,,,,,,,,,,,,,,,,,,,,,,,,,,,,,,"32,755","4,868","3,115","2,116","2,440","2,405","3,050","2,730","2,672","2,553","2,152","1,581","1,172",931,496,282,192,,,,,,,,,,,,,,,"4,891","1,185","3,706",,,,,,,,,,,,,,,,,,,,,,
485,PAPUA BARAT DAYA,KOTA SORONG,,,"306,083","92,756",3.3,#DIV/0!,,24,1,15,1,41,,,,,,,,,,,,,,,,,,,,,,,,,,,,,,,,,,,,,,,,,,,,,,,,,,,,,,,,,"306,083","26,664","23,369","22,153","23,627","24,835","26,698","28,550","27,334","24,799","21,024","17,288","13,324","10,201","7,330","5,056","3,831",,,,,,,,,,,,,,,"29,741","6,697","23,044",,,,,,,,,,,,,,,,,,,,,,
486,PAPUA,KEEROM,,,"65,450","20,677",3.2,#DIV/0!,,50,4,37,0,91,,,,,,,,,,,,,,,,,,,,,,,,,,,,,,,,,,,,,,,,,,,,,,,,,,,,,,,,,"65,450","5,382","9,132","7,974","5,271","3,825","4,557","4,668","5,020","4,683","3,734","3,250","2,485","2,247","1,499",912,811,,,,,,,,,,,,,,,"17,129","5,859","11,270",,,,,,,,,,,,,,,,,,,,,,
487,PAPUA,SUPIORI,,,"25,524","5,786",4.4,#DIV/0!,,7,0,31,0,38,,,,,,,,,,,,,,,,,,,,,,,,,,,,,,,,,,,,,,,,,,,,,,,,,,,,,,,,,"25,524","3,213","3,212","3,585","2,443","1,597","1,729","1,687","1,874","1,596","1,125",874,655,655,499,421,359,,,,,,,,,,,,,,,"3,395","1,098","2,297",,,,,,,,,,,,,,,,,,,,,,
488,PAPUA,JAYAPURA,,,"176,375","50,072",3.5,#DIV/0!,,53,5,86,0,144,,,,,,,,,,,,,,,,,,,,,,,,,,,,,,,,,,,,,,,,,,,,,,,,,,,,,,,,,"176,375","16,250","23,733","22,325","15,176","11,125","13,917","13,195","13,052","11,525","9,488","7,910","5,784","5,004","3,364","2,423","2,104",,,,,,,,,,,,,,,"20,988","6,377","14,611",,,,,,,,,,,,,,,,,,,,,,
489,PAPUA,KEPULAUAN YAPEN,,,"121,653","28,870",4.2,#DIV/0!,,58,2,105,0,165,,,,,,,,,,,,,,,,,,,,,,,,,,,,,,,,,,,,,,,,,,,,,,,,,,,,,,,,,"121,653","12,864","13,221","14,603","11,673","8,574","9,352","8,607","8,539","7,687","6,313","5,649","4,285","3,894","2,791","2,002","1,599",,,,,,,,,,,,,,,"10,422","3,300","7,122",,,,,,,,,,,,,,,,,,,,,,
490,PAPUA,BIAK NUMFOR,,,"144,454","39,851",3.6,#DIV/0!,,256,0,15,0,271,,,,,,,,,,,,,,,,,,,,,,,,,,,,,,,,,,,,,,,,,,,,,,,,,,,,,,,,,"144,454","14,797","15,682","15,986","13,627","10,229","10,904","10,115","9,698","9,090","7,408","6,809","5,470","5,231","3,840","2,957","2,611",,,,,,,,,,,,,,,"20,197","5,186","15,011",,,,,,,,,,,,,,,,,,,,,,
491,PAPUA,KOTA JAYAPURA,,,"431,482","114,487",3.8,#DIV/0!,,13,0,26,0,39,,,,,,,,,,,,,,,,,,,,,,,,,,,,,,,,,,,,,,,,,,,,,,,,,,,,,,,,,"431,482","35,387","44,831","40,226","30,217","23,794","33,249","39,704","42,965","37,039","28,086","23,959","17,085","14,261","8,842","5,998","5,839",,,,,,,,,,,,,,,"45,169","14,513","30,656",,,,,,,,,,,,,,,,,,,,,,
492,PAPUA,SARMI,,,"43,846","12,566",3.5,#DIV/0!,,110,0,0,1,111,,,,,,,,,,,,,,,,,,,,,,,,,,,,,,,,,,,,,,,,,,,,,,,,,,,,,,,,,"43,846","3,525","5,740","5,668","3,788","2,730","3,023","3,131","3,675","3,117","2,413","2,103","1,526","1,353",922,594,538,,,,,,,,,,,,,,,"12,473","4,428","8,045",,,,,,,,,,,,,,,,,,,,,,
493,PAPUA,WAROPEN,,,"36,783","9,778",3.8,#DIV/0!,,95,0,16,0,111,,,,,,,,,,,,,,,,,,,,,,,,,,,,,,,,,,,,,,,,,,,,,,,,,,,,,,,,,"36,783","3,568","5,187","5,143","3,532","2,196","2,560","2,427","2,549","2,352","1,962","1,566","1,219",983,660,459,420,,,,,,,,,,,,,,,"6,000","1,877","4,123",,,,,,,,,,,,,,,,,,,,,,
494,PAPUA,MAMBERAMO RAYA,,,"40,887","7,662",5.3,#DIV/0!,,54,0,5,0,59,,,,,,,,,,,,,,,,,,,,,,,,,,,,,,,,,,,,,,,,,,,,,,,,,,,,,,,,,"40,887","4,993","4,470","4,511","3,489","3,157","3,270","3,296","3,183","2,591","2,310","1,754","1,299","1,116",692,437,319,,,,,,,,,,,,,,,"9,307","3,434","5,873",,,,,,,,,,,,,,,,,,,,,,
495,PAPUA SELATAN,MERAUKE,,,"243,628","72,582",3.4,#DIV/0!,,190,0,0,0,190,,,,,,,,,,,,,,,,,,,,,,,,,,,,,,,,,,,,,,,,,,,,,,,,,,,,,,,,,"243,628","20,858","32,564","27,483","19,853","15,180","17,238","17,434","17,452","17,426","13,620","12,177","9,151","8,473","5,947","4,284","4,488",,,,,,,,,,,,,,,"34,806","10,917","23,889",,,,,,,,,,,,,,,,,,,,,,
496,PAPUA SELATAN,BOVEN DIGOEL,,,"71,509","22,809",3.1,#DIV/0!,,112,0,0,0,112,,,,,,,,,,,,,,,,,,,,,,,,,,,,,,,,,,,,,,,,,,,,,,,,,,,,,,,,,"71,509","7,224","11,232","10,458","5,866","4,043","4,827","4,817","5,469","4,773","3,708","3,313","2,211","1,645",931,574,418,,,,,,,,,,,,,,,"13,968","4,293","9,675",,,,,,,,,,,,,,,,,,,,,,
497,PAPUA SELATAN,MAPPI,,,"118,820","30,070",4.0,#DIV/0!,,164,0,0,0,164,,,,,,,,,,,,,,,,,,,,,,,,,,,,,,,,,,,,,,,,,,,,,,,,,,,,,,,,,"118,820","13,104","17,489","17,284","12,140","8,398","7,685","7,459","7,660","6,909","5,869","4,577","3,405","2,758","1,834","1,200","1,049",,,,,,,,,,,,,,,"37,600","9,832","27,768",,,,,,,,,,,,,,,,,,,,,,
498,PAPUA SELATAN,ASMAT,,,"123,246","34,566",3.6,#DIV/0!,,206,3,15,0,224,,,,,,,,,,,,,,,,,,,,,,,,,,,,,,,,,,,,,,,,,,,,,,,,,,,,,,,,,"123,246","14,186","25,708","15,639","10,903","9,008","7,529","7,285","7,641","6,445","5,913","4,298","3,503","2,299","1,455",818,616,,,,,,,,,,,,,,,"3,307","1,003","2,304",,,,,,,,,,,,,,,,,,,,,,
499,PAPUA TENGAH,MIMIKA,,,"335,373","90,269",3.7,#DIV/0!,,81,1,59,11,152,,,,,,,,,,,,,,,,,,,,,,,,,,,,,,,,,,,,,,,,,,,,,,,,,,,,,,,,,"335,373","26,772","38,152","38,853","26,526","20,164","23,165","27,274","30,503","28,049","23,900","19,846","13,292","8,593","4,837","2,864","2,583",,,,,,,,,,,,,,,"16,898","5,618","11,280",,,,,,,,,,,,,,,,,,,,,,
500,PAPUA TENGAH,DOGIYAI,,,"129,273","33,921",3.8,#DIV/0!,,6,14,59,0,79,,,,,,,,,,,,,,,,,,,,,,,,,,,,,,,,,,,,,,,,,,,,,,,,,,,,,,,,,"129,273","15,106","8,855","12,352","8,772","8,189","9,515","13,280","11,955","10,575","9,199","6,348","6,261","4,017","2,482","1,356","1,011",,,,,,,,,,,,,,,"13,060","3,551","9,509",,,,,,,,,,,,,,,,,,,,,,
501,PAPUA TENGAH,DEIYAI,,,"110,187","23,189",4.8,#DIV/0!,,17,0,49,1,67,,,,,,,,,,,,,,,,,,,,,,,,,,,,,,,,,,,,,,,,,,,,,,,,,,,,,,,,,"110,187","12,865","7,333","11,156","9,681","9,179","10,048","9,919","7,821","7,712","6,082","5,368","5,731","3,498","2,348",873,573,,,,,,,,,,,,,,,"4,469",876,"3,593",,,,,,,,,,,,,,,,,,,,,,
502,PAPUA TENGAH,NABIRE,,,"178,421","41,716",4.3,#DIV/0!,,31,0,58,0,89,,,,,,,,,,,,,,,,,,,,,,,,,,,,,,,,,,,,,,,,,,,,,,,,,,,,,,,,,"178,421","15,058","22,327","21,014","15,473","11,561","13,167","13,016","13,115","13,247","11,068","9,581","6,624","5,362","3,411","2,350","2,047",,,,,,,,,,,,,,,"25,738","6,933","18,805",,,,,,,,,,,,,,,,,,,,,,
503,PAPUA TENGAH,PANIAI,,,"243,966","47,852",5.1,#DIV/0!,,33,3,180,0,216,,,,,,,,,,,,,,,,,,,,,,,,,,,,,,,,,,,,,,,,,,,,,,,,,,,,,,,,,"243,966","26,144","17,336","15,334","13,812","18,479","25,236","27,879","22,489","20,755","18,067","13,864","10,792","6,063","4,040","1,831","1,845",,,,,,,,,,,,,,,194,66,128,,,,,,,,,,,,,,,,,,,,,,
504,PAPUA TENGAH,INTAN JAYA,,,"147,845","30,819",4.8,#DIV/0!,,0,0,97,0,97,,,,,,,,,,,,,,,,,,,,,,,,,,,,,,,,,,,,,,,,,,,,,,,,,,,,,,,,,"147,845","16,228","6,879","8,928","9,490","11,604","13,435","12,394","12,792","13,229","11,624","10,727","7,847","5,314","3,500","1,901","1,953",,,,,,,,,,,,,,,119,32,87,,,,,,,,,,,,,,,,,,,,,,
505,PAPUA TENGAH,PUNCAK,,,"126,152","56,036",2.3,#DIV/0!,,6,4,195,1,206,,,,,,,,,,,,,,,,,,,,,,,,,,,,,,,,,,,,,,,,,,,,,,,,,,,,,,,,,"126,152","13,536","5,314","8,485","9,612","9,922","11,591","11,593","9,587","10,618","10,884","10,293","6,399","4,180","2,326","1,111",701,,,,,,,,,,,,,,,"30,931","6,510","24,421",,,,,,,,,,,,,,,,,,,,,,
506,PAPUA TENGAH,PUNCAK JAYA,,,"239,596","39,222",6.1,#DIV/0!,,9,10,283,0,302,,,,,,,,,,,,,,,,,,,,,,,,,,,,,,,,,,,,,,,,,,,,,,,,,,,,,,,,,"239,596","21,939","8,485","10,631","15,478","19,961","17,722","18,799","22,159","25,177","21,414","19,167","14,509","11,406","6,034","3,450","3,265",,,,,,,,,,,,,,,"33,196","7,443","25,753",,,,,,,,,,,,,,,,,,,,,,
507,PAPUA PEGUNUNGAN,NDUGA,,,"116,376","29,634",3.9,#DIV/0!,,8,3,227,10,248,,,,,,,,,,,,,,,,,,,,,,,,,,,,,,,,,,,,,,,,,,,,,,,,,,,,,,,,,"116,376","10,897","5,140","8,531","9,444","9,351","9,442","10,580","10,258","11,361","11,348","9,036","5,834","2,927","1,736",364,127,,,,,,,,,,,,,,,"33,779","7,563","26,216",,,,,,,,,,,,,,,,,,,,,,
508,PAPUA PEGUNUNGAN,JAYAWIJAYA,,,"286,601","53,028",5.4,#DIV/0!,,84,11,226,11,332,,,,,,,,,,,,,,,,,,,,,,,,,,,,,,,,,,,,,,,,,,,,,,,,,,,,,,,,,"286,601","25,062","21,496","24,755","20,958","23,791","27,480","24,292","21,529","18,470","17,949","16,985","14,580","12,165","8,845","4,729","3,515",,,,,,,,,,,,,,,"10,238","2,980","7,258",,,,,,,,,,,,,,,,,,,,,,
509,PAPUA PEGUNUNGAN,LANNY JAYA,,,"213,985","24,405",8.8,#DIV/0!,,3,20,332,0,355,,,,,,,,,,,,,,,,,,,,,,,,,,,,,,,,,,,,,,,,,,,,,,,,,,,,,,,,,"213,985","21,760","12,764","11,235","12,071","16,479","24,273","18,714","14,088","15,226","20,780","16,652","13,731","7,730","4,702","2,274","1,506",,,,,,,,,,,,,,,"6,125",655,"5,470",,,,,,,,,,,,,,,,,,,,,,
510,PAPUA PEGUNUNGAN,TOLIKARA,,,"250,038","37,420",6.7,#DIV/0!,,20,57,465,3,545,,,,,,,,,,,,,,,,,,,,,,,,,,,,,,,,,,,,,,,,,,,,,,,,,,,,,,,,,"250,038","22,621","12,918","11,143","12,406","15,273","19,318","22,176","24,541","22,408","18,907","15,373","15,304","13,436","12,229","7,366","4,619",,,,,,,,,,,,,,,"2,499",415,"2,084",,,,,,,,,,,,,,,,,,,,,,
511,PAPUA PEGUNUNGAN,MAMBERAMO TENGAH,,,"55,074","5,149",10.7,#DIV/0!,,0,0,59,0,59,,,,,,,,,,,,,,,,,,,,,,,,,,,,,,,,,,,,,,,,,,,,,,,,,,,,,,,,,"55,074","5,085","5,146","5,741","4,353","4,988","4,653","4,089","4,576","3,979","4,222","3,075","2,594","1,592",653,206,122,,,,,,,,,,,,,,,"9,508","2,934","6,574",,,,,,,,,,,,,,,,,,,,,,
512,PAPUA PEGUNUNGAN,YALIMO,,,"111,371","18,832",5.9,#DIV/0!,,9,6,194,91,300,,,,,,,,,,,,,,,,,,,,,,,,,,,,,,,,,,,,,,,,,,,,,,,,,,,,,,,,,"111,371","11,159","6,323","10,993","9,002","8,447","9,029","10,034","9,513","8,476","7,329","6,840","6,872","3,545","2,460",882,467,,,,,,,,,,,,,,,"14,175","3,143","11,032",,,,,,,,,,,,,,,,,,,,,,
513,PAPUA PEGUNUNGAN,YAHUKIMO,,,"382,349","83,717",4.6,#DIV/0!,,34,5,478,1,518,,,,,,,,,,,,,,,,,,,,,,,,,,,,,,,,,,,,,,,,,,,,,,,,,,,,,,,,,"382,349","40,232","15,548","14,311","19,659","32,601","40,758","42,835","36,868","28,522","29,384","25,403","21,146","16,882","9,570","5,509","3,121",,,,,,,,,,,,,,,"30,858","7,519","23,339",,,,,,,,,,,,,,,,,,,,,,
514,PAPUA PEGUNUNGAN,PEGUNUNGAN BINTANG,,,"86,070","21,796",3.9,#DIV/0!,,3,10,263,1,277,,,,,,,,,,,,,,,,,,,,,,,,,,,,,,,,,,,,,,,,,,,,,,,,,,,,,,,,,"86,070","9,046","7,808","9,176","7,586","6,904","6,914","6,871","7,088","6,443","5,955","4,736","3,538","2,340","1,188",306,171,,,,,,,,,,,,,,,"4,774","1,478","3,296",,,,,,,,,,,,,,,,,,,,,,
,,,,,,,,,,,,,,,,,,,,,,,,,,,,,,,,,,,,,,,,,,,,,,,,,,,,,,,,,,,,,,,,,,,,,,,,,,,,,,,,,,,,,,,,,,,,,,,,,,,,,,"67,609,496",,,,,,,,,,,,,,,,,,,,,,,,